{"params":{"max_depth":3,"n_estimators":25},"train":{"accuracy":0.8370211361,"f1":0.8572255171,"recall":0.9785336856,"precision":0.7626769627,"roc_auc":0.8921259351},"test":{"accuracy":0.7177033493,"f1":0.3723404255,"recall":0.8974358974,"precision":0.2348993289,"roc_auc":0.8694946215}}
{"params":{"max_depth":5,"n_estimators":25},"train":{"accuracy":0.8721928666,"f1":0.8841317365,"recall":0.9752311757,"precision":0.8085980285,"roc_auc":0.9201439907},"test":{"accuracy":0.7583732057,"f1":0.3803680982,"recall":0.7948717949,"precision":0.25,"roc_auc":0.8692916582}}
{"params":{"max_depth":3,"n_estimators":50},"train":{"accuracy":0.8371862616,"f1":0.857349537,"recall":0.9785336856,"precision":0.7628733265,"roc_auc":0.8921756146},"test":{"accuracy":0.7177033493,"f1":0.3723404255,"recall":0.8974358974,"precision":0.2348993289,"roc_auc":0.8704756106}}
{"params":{"max_depth":5,"n_estimators":50},"train":{"accuracy":0.874009247,"f1":0.8855900435,"recall":0.9752311757,"precision":0.8110409228,"roc_auc":0.9226464491},"test":{"accuracy":0.7631578947,"f1":0.3850931677,"recall":0.7948717949,"precision":0.2540983607,"roc_auc":0.8751437656}}
{"params":{"max_depth":10,"n_estimators":25},"train":{"accuracy":0.930317041,"f1":0.9341036852,"recall":0.9877807133,"precision":0.8859597156,"roc_auc":0.9723096869},"test":{"accuracy":0.8205741627,"f1":0.427480916,"recall":0.7179487179,"precision":0.3043478261,"roc_auc":0.871185982}}
{"params":{"max_depth":3,"n_estimators":100},"train":{"accuracy":0.8371862616,"f1":0.8573082489,"recall":0.9782034346,"precision":0.7630087584,"roc_auc":0.8925269698},"test":{"accuracy":0.7177033493,"f1":0.3723404255,"recall":0.8974358974,"precision":0.2348993289,"roc_auc":0.8809620459}}
{"params":{"max_depth":5,"n_estimators":100},"train":{"accuracy":0.875330251,"f1":0.8870267844,"recall":0.9788639366,"precision":0.8109439124,"roc_auc":0.9230559363},"test":{"accuracy":0.7559808612,"f1":0.3780487805,"recall":0.7948717949,"precision":0.248,"roc_auc":0.8765306813}}
{"params":{"max_depth":10,"n_estimators":50},"train":{"accuracy":0.9298216645,"f1":0.9336870027,"recall":0.9881109643,"precision":0.8849452825,"roc_auc":0.9749494589},"test":{"accuracy":0.8229665072,"f1":0.4393939394,"recall":0.7435897436,"precision":0.311827957,"roc_auc":0.8737906772}}
{"params":{"max_depth":3,"n_estimators":250},"train":{"accuracy":0.8368560106,"f1":0.8570601852,"recall":0.9782034346,"precision":0.7626158599,"roc_auc":0.8962538544},"test":{"accuracy":0.7177033493,"f1":0.3723404255,"recall":0.8974358974,"precision":0.2348993289,"roc_auc":0.88018402}}
{"params":{"max_depth":10,"n_estimators":100},"train":{"accuracy":0.9313077939,"f1":0.9349796812,"recall":0.9877807133,"precision":0.887537092,"roc_auc":0.9764261542},"test":{"accuracy":0.8301435407,"f1":0.4496124031,"recall":0.7435897436,"precision":0.3222222222,"roc_auc":0.8726743793}}
{"params":{"max_depth":5,"n_estimators":250},"train":{"accuracy":0.875,"f1":0.8869305452,"recall":0.9805151915,"precision":0.8096536678,"roc_auc":0.9238147065},"test":{"accuracy":0.7607655502,"f1":0.3827160494,"recall":0.7948717949,"precision":0.2520325203,"roc_auc":0.8762600636}}
{"params":{"max_depth":3,"n_estimators":500},"train":{"accuracy":0.8366908851,"f1":0.8569362071,"recall":0.9782034346,"precision":0.7624195624,"roc_auc":0.8957212865},"test":{"accuracy":0.7177033493,"f1":0.3723404255,"recall":0.8974358974,"precision":0.2348993289,"roc_auc":0.880657601}}
{"params":{"max_depth":10,"n_estimators":250},"train":{"accuracy":0.9304821664,"f1":0.9342701015,"recall":0.9881109643,"precision":0.8859934853,"roc_auc":0.9769796082},"test":{"accuracy":0.8301435407,"f1":0.4580152672,"recall":0.7692307692,"precision":0.3260869565,"roc_auc":0.876801299}}
{"params":{"max_depth":5,"n_estimators":500},"train":{"accuracy":0.8751651255,"f1":0.8870630415,"recall":0.9805151915,"precision":0.8098745226,"roc_auc":0.924242953},"test":{"accuracy":0.7607655502,"f1":0.3827160494,"recall":0.7948717949,"precision":0.2520325203,"roc_auc":0.8759217915}}
{"params":{"max_depth":10,"n_estimators":500},"train":{"accuracy":0.9318031704,"f1":0.9353980917,"recall":0.9874504624,"precision":0.8885586924,"roc_auc":0.9776526527},"test":{"accuracy":0.8301435407,"f1":0.4580152672,"recall":0.7692307692,"precision":0.3260869565,"roc_auc":0.8791015493}}
