{"params":{"max_depth":3},"train":{"accuracy":0.8325627477,"f1":0.8544358312,"recall":0.9828269485,"precision":0.7557135602,"roc_auc":0.89164441},"test":{"accuracy":0.7009569378,"f1":0.358974359,"recall":0.8974358974,"precision":0.2243589744,"roc_auc":0.8714227725}}
{"params":{"max_depth":5},"train":{"accuracy":0.8677344782,"f1":0.8807858312,"recall":0.9772126816,"precision":0.8016797616,"roc_auc":0.9224272815},"test":{"accuracy":0.7511961722,"f1":0.3734939759,"recall":0.7948717949,"precision":0.2440944882,"roc_auc":0.8791015493}}
{"params":{"max_depth":3},"train":{"accuracy":0.8327278732,"f1":0.8545585068,"recall":0.9828269485,"precision":0.7559055118,"roc_auc":0.8919201281},"test":{"accuracy":0.7009569378,"f1":0.358974359,"recall":0.8974358974,"precision":0.2243589744,"roc_auc":0.8726067248}}
{"params":{"max_depth":5},"train":{"accuracy":0.8702113606,"f1":0.8826865672,"recall":0.9765521797,"precision":0.8052832244,"roc_auc":0.922990606},"test":{"accuracy":0.7511961722,"f1":0.3734939759,"recall":0.7948717949,"precision":0.2440944882,"roc_auc":0.8786956228}}
{"params":{"max_depth":10},"train":{"accuracy":0.929326288,"f1":0.933250156,"recall":0.9881109643,"precision":0.8841607565,"roc_auc":0.9741910705},"test":{"accuracy":0.8229665072,"f1":0.4307692308,"recall":0.7179487179,"precision":0.3076923077,"roc_auc":0.8764630269}}
{"params":{"max_depth":3},"train":{"accuracy":0.8328929987,"f1":0.8546812177,"recall":0.9828269485,"precision":0.756097561,"roc_auc":0.8919482125},"test":{"accuracy":0.7009569378,"f1":0.358974359,"recall":0.8974358974,"precision":0.2243589744,"roc_auc":0.8713551181}}
{"params":{"max_depth":5},"train":{"accuracy":0.8695508587,"f1":0.8823354185,"recall":0.9782034346,"precision":0.8035811177,"roc_auc":0.9225056998},"test":{"accuracy":0.7511961722,"f1":0.3734939759,"recall":0.7948717949,"precision":0.2440944882,"roc_auc":0.8763953724}}
{"params":{"max_depth":10},"train":{"accuracy":0.9322985469,"f1":0.9359174742,"recall":0.9887714663,"precision":0.8884272997,"roc_auc":0.975532906},"test":{"accuracy":0.8277511962,"f1":0.4545454545,"recall":0.7692307692,"precision":0.3225806452,"roc_auc":0.872471416}}
{"params":{"max_depth":3},"train":{"accuracy":0.8327278732,"f1":0.8546002584,"recall":0.9831571995,"precision":0.7557755776,"roc_auc":0.8946024904},"test":{"accuracy":0.7009569378,"f1":0.358974359,"recall":0.8974358974,"precision":0.2243589744,"roc_auc":0.8726743793}}
{"params":{"max_depth":10},"train":{"accuracy":0.9298216645,"f1":0.93379031,"recall":0.9897622193,"precision":0.8838100855,"roc_auc":0.97642081},"test":{"accuracy":0.8253588517,"f1":0.4592592593,"recall":0.7948717949,"precision":0.3229166667,"roc_auc":0.8784588323}}
{"params":{"max_depth":5},"train":{"accuracy":0.8692206077,"f1":0.8820726623,"recall":0.9782034346,"precision":0.8031453362,"roc_auc":0.9236580336},"test":{"accuracy":0.7488038278,"f1":0.371257485,"recall":0.7948717949,"precision":0.2421875,"roc_auc":0.874399567}}
{"params":{"max_depth":3},"train":{"accuracy":0.8323976222,"f1":0.8543550007,"recall":0.9831571995,"precision":0.7553920325,"roc_auc":0.8961557498},"test":{"accuracy":0.7009569378,"f1":0.358974359,"recall":0.8974358974,"precision":0.2243589744,"roc_auc":0.881300318}}
{"params":{"max_depth":10},"train":{"accuracy":0.9271796565,"f1":0.9315323707,"recall":0.9907529723,"precision":0.8789920891,"roc_auc":0.9777064221},"test":{"accuracy":0.8229665072,"f1":0.4637681159,"recall":0.8205128205,"precision":0.3232323232,"roc_auc":0.876801299}}
{"params":{"max_depth":5},"train":{"accuracy":0.8678996037,"f1":0.8808459934,"recall":0.9765521797,"precision":0.8022246337,"roc_auc":0.9235855049},"test":{"accuracy":0.7511961722,"f1":0.3734939759,"recall":0.7948717949,"precision":0.2440944882,"roc_auc":0.8788647588}}
{"params":{"max_depth":10},"train":{"accuracy":0.928665786,"f1":0.9327940261,"recall":0.9900924703,"precision":0.8817647059,"roc_auc":0.9781033123},"test":{"accuracy":0.8253588517,"f1":0.4592592593,"recall":0.7948717949,"precision":0.3229166667,"roc_auc":0.8778161153}}
