{"params":{"max_depth":5},"train":{"accuracy":0.8672391017,"f1":0.8802502234,"recall":0.9758916777,"precision":0.8016820402,"roc_auc":0.9231532775},"test":{"accuracy":0.7559808612,"f1":0.3780487805,"recall":0.7948717949,"precision":0.248,"roc_auc":0.8771733983}}
{"params":{"max_depth":3},"train":{"accuracy":0.8332232497,"f1":0.8550516648,"recall":0.9838177015,"precision":0.7560913706,"roc_auc":0.8925373855},"test":{"accuracy":0.7033492823,"f1":0.3608247423,"recall":0.8974358974,"precision":0.2258064516,"roc_auc":0.8688180773}}
{"params":{"max_depth":3},"train":{"accuracy":0.8333883752,"f1":0.8551328069,"recall":0.9834874505,"precision":0.7564135128,"roc_auc":0.8926923679},"test":{"accuracy":0.7009569378,"f1":0.358974359,"recall":0.8974358974,"precision":0.2243589744,"roc_auc":0.8690886949}}
{"params":{"max_depth":5},"train":{"accuracy":0.8677344782,"f1":0.8804656021,"recall":0.9742404227,"precision":0.8031581813,"roc_auc":0.9228057396},"test":{"accuracy":0.7607655502,"f1":0.3827160494,"recall":0.7948717949,"precision":0.2520325203,"roc_auc":0.8797442663}}
{"params":{"max_depth":3},"train":{"accuracy":0.8348745046,"f1":0.8562805404,"recall":0.9838177015,"precision":0.7580152672,"roc_auc":0.8932074308},"test":{"accuracy":0.7081339713,"f1":0.3645833333,"recall":0.8974358974,"precision":0.2287581699,"roc_auc":0.8695284487}}
{"params":{"max_depth":10},"train":{"accuracy":0.928665786,"f1":0.9325210872,"recall":0.9857992074,"precision":0.8847065797,"roc_auc":0.9734908686},"test":{"accuracy":0.8205741627,"f1":0.4360902256,"recall":0.7435897436,"precision":0.3085106383,"roc_auc":0.8639807861}}
{"params":{"max_depth":5},"train":{"accuracy":0.8700462351,"f1":0.8825898851,"recall":0.9768824306,"precision":0.8048979592,"roc_auc":0.9231985943},"test":{"accuracy":0.7583732057,"f1":0.3803680982,"recall":0.7948717949,"precision":0.25,"roc_auc":0.8768351262}}
{"params":{"max_depth":10},"train":{"accuracy":0.929656539,"f1":0.9333958724,"recall":0.9857992074,"precision":0.8862826603,"roc_auc":0.9756713104},"test":{"accuracy":0.8277511962,"f1":0.4545454545,"recall":0.7692307692,"precision":0.3225806452,"roc_auc":0.8757188282}}
{"params":{"max_depth":3},"train":{"accuracy":0.8347093791,"f1":0.8560747664,"recall":0.9831571995,"precision":0.7580850522,"roc_auc":0.8975672783},"test":{"accuracy":0.7081339713,"f1":0.3645833333,"recall":0.8974358974,"precision":0.2287581699,"roc_auc":0.8782220418}}
{"params":{"max_depth":10},"train":{"accuracy":0.9285006605,"f1":0.932586019,"recall":0.9891017173,"precision":0.882179676,"roc_auc":0.9767931604},"test":{"accuracy":0.8301435407,"f1":0.4661654135,"recall":0.7948717949,"precision":0.329787234,"roc_auc":0.8747040119}}
{"params":{"max_depth":5},"train":{"accuracy":0.8680647292,"f1":0.8808351976,"recall":0.9752311757,"precision":0.8031003535,"roc_auc":0.9242696741},"test":{"accuracy":0.7535885167,"f1":0.3757575758,"recall":0.7948717949,"precision":0.246031746,"roc_auc":0.8762600636}}
{"params":{"max_depth":3},"train":{"accuracy":0.8328929987,"f1":0.8548063128,"recall":0.9838177015,"precision":0.7557077626,"roc_auc":0.898867996},"test":{"accuracy":0.7009569378,"f1":0.358974359,"recall":0.8974358974,"precision":0.2243589744,"roc_auc":0.8791353765}}
{"params":{"max_depth":10},"train":{"accuracy":0.92998679,"f1":0.9338946056,"recall":0.9891017173,"precision":0.8845245127,"roc_auc":0.9779332243},"test":{"accuracy":0.8229665072,"f1":0.4558823529,"recall":0.7948717949,"precision":0.3195876289,"roc_auc":0.8760571003}}
{"params":{"max_depth":5},"train":{"accuracy":0.8672391017,"f1":0.8802145411,"recall":0.9755614267,"precision":0.8018458198,"roc_auc":0.9244754812},"test":{"accuracy":0.7559808612,"f1":0.3780487805,"recall":0.7948717949,"precision":0.248,"roc_auc":0.8771733983}}
{"params":{"max_depth":10},"train":{"accuracy":0.929326288,"f1":0.9333125584,"recall":0.9891017173,"precision":0.883480826,"roc_auc":0.9785427381},"test":{"accuracy":0.8253588517,"f1":0.4511278195,"recall":0.7692307692,"precision":0.3191489362,"roc_auc":0.8759894459}}
