{"params":{"max_depth":5},"train":{"accuracy":0.8692206077,"f1":0.8807588076,"recall":0.965984148,"precision":0.809352518,"roc_auc":0.9209705998},"test":{"accuracy":0.7583732057,"f1":0.3878787879,"recall":0.8205128205,"precision":0.253968254,"roc_auc":0.8813341452}}
{"params":{"max_depth":3},"train":{"accuracy":0.8353698811,"f1":0.8561119931,"recall":0.9795244386,"precision":0.7603178672,"roc_auc":0.8922806994},"test":{"accuracy":0.7177033493,"f1":0.3789473684,"recall":0.9230769231,"precision":0.238410596,"roc_auc":0.8706785738}}
{"params":{"max_depth":3},"train":{"accuracy":0.8360303831,"f1":0.8566478995,"recall":0.9798546896,"precision":0.7609643498,"roc_auc":0.8976569303},"test":{"accuracy":0.7177033493,"f1":0.3723404255,"recall":0.8974358974,"precision":0.2348993289,"roc_auc":0.8689195589}}
{"params":{"max_depth":5},"train":{"accuracy":0.8665785997,"f1":0.8784962406,"recall":0.964663144,"precision":0.8064605191,"roc_auc":0.9223472818},"test":{"accuracy":0.7631578947,"f1":0.3850931677,"recall":0.7948717949,"precision":0.2540983607,"roc_auc":0.8776808064}}
{"params":{"max_depth":10},"train":{"accuracy":0.9227212682,"f1":0.9272161742,"recall":0.9844782034,"precision":0.8762492651,"roc_auc":0.9737362664},"test":{"accuracy":0.8181818182,"f1":0.4411764706,"recall":0.7692307692,"precision":0.3092783505,"roc_auc":0.8797780935}}
{"params":{"max_depth":3},"train":{"accuracy":0.8330581242,"f1":0.854887326,"recall":0.9834874505,"precision":0.7560294491,"roc_auc":0.8988533267},"test":{"accuracy":0.7009569378,"f1":0.358974359,"recall":0.8974358974,"precision":0.2243589744,"roc_auc":0.8783573507}}
{"params":{"max_depth":5},"train":{"accuracy":0.8693857332,"f1":0.881922675,"recall":0.9755614267,"precision":0.8046853718,"roc_auc":0.9229446348},"test":{"accuracy":0.7559808612,"f1":0.3780487805,"recall":0.7948717949,"precision":0.248,"roc_auc":0.878086733}}
{"params":{"max_depth":10},"train":{"accuracy":0.928005284,"f1":0.9320448878,"recall":0.9874504624,"precision":0.8825265643,"roc_auc":0.976528676},"test":{"accuracy":0.8181818182,"f1":0.4411764706,"recall":0.7692307692,"precision":0.3092783505,"roc_auc":0.8731479602}}
{"params":{"max_depth":3},"train":{"accuracy":0.8337186262,"f1":0.8553368769,"recall":0.9831571995,"precision":0.7569285533,"roc_auc":0.8991744161},"test":{"accuracy":0.7081339713,"f1":0.3645833333,"recall":0.8974358974,"precision":0.2287581699,"roc_auc":0.8791353765}}
{"params":{"max_depth":10},"train":{"accuracy":0.9311426684,"f1":0.9348742777,"recall":0.9884412153,"precision":0.8868148148,"roc_auc":0.9792870025},"test":{"accuracy":0.8181818182,"f1":0.4411764706,"recall":0.7692307692,"precision":0.3092783505,"roc_auc":0.8749746296}}
{"params":{"max_depth":5},"train":{"accuracy":0.8672391017,"f1":0.8803215243,"recall":0.9765521797,"precision":0.8013550136,"roc_auc":0.9242420805},"test":{"accuracy":0.7535885167,"f1":0.3757575758,"recall":0.7948717949,"precision":0.246031746,"roc_auc":0.8781543874}}
{"params":{"max_depth":3},"train":{"accuracy":0.8327278732,"f1":0.8546419859,"recall":0.9834874505,"precision":0.7556457752,"roc_auc":0.8996460708},"test":{"accuracy":0.7009569378,"f1":0.358974359,"recall":0.8974358974,"precision":0.2243589744,"roc_auc":0.8788309316}}
{"params":{"max_depth":10},"train":{"accuracy":0.928005284,"f1":0.9321295143,"recall":0.9887714663,"precision":0.8816254417,"roc_auc":0.9789751291},"test":{"accuracy":0.8253588517,"f1":0.4511278195,"recall":0.7692307692,"precision":0.3191489362,"roc_auc":0.877613152}}
{"params":{"max_depth":5},"train":{"accuracy":0.8669088507,"f1":0.8799880881,"recall":0.9758916777,"precision":0.8012472885,"roc_auc":0.9251107344},"test":{"accuracy":0.7488038278,"f1":0.371257485,"recall":0.7948717949,"precision":0.2421875,"roc_auc":0.8771733983}}
{"params":{"max_depth":10},"train":{"accuracy":0.9291611625,"f1":0.9331254871,"recall":0.9884412153,"precision":0.8836728668,"roc_auc":0.979056383},"test":{"accuracy":0.8205741627,"f1":0.4360902256,"recall":0.7435897436,"precision":0.3085106383,"roc_auc":0.8774778432}}
