{"params":{"max_depth":5},"train":{"accuracy":0.8662483487,"f1":0.8796433878,"recall":0.9775429326,"precision":0.7995678012,"roc_auc":0.921598273},"test":{"accuracy":0.7511961722,"f1":0.380952381,"recall":0.8205128205,"precision":0.2480620155,"roc_auc":0.8778161153}}
{"params":{"max_depth":3},"train":{"accuracy":0.8327278732,"f1":0.8546002584,"recall":0.9831571995,"precision":0.7557755776,"roc_auc":0.8909101251},"test":{"accuracy":0.7009569378,"f1":0.3654822335,"recall":0.9230769231,"precision":0.2278481013,"roc_auc":0.8731817874}}
{"params":{"max_depth":3},"train":{"accuracy":0.8327278732,"f1":0.8545585068,"recall":0.9828269485,"precision":0.7559055118,"roc_auc":0.8880104494},"test":{"accuracy":0.7009569378,"f1":0.3654822335,"recall":0.9230769231,"precision":0.2278481013,"roc_auc":0.86732968}}
{"params":{"max_depth":5},"train":{"accuracy":0.8667437252,"f1":0.8796061465,"recall":0.9735799207,"precision":0.8021768707,"roc_auc":0.9211812057},"test":{"accuracy":0.7535885167,"f1":0.3832335329,"recall":0.8205128205,"precision":0.25,"roc_auc":0.8771057439}}
{"params":{"max_depth":10},"train":{"accuracy":0.9260237781,"f1":0.9302832244,"recall":0.9871202114,"precision":0.8796350795,"roc_auc":0.972144016},"test":{"accuracy":0.8157894737,"f1":0.4210526316,"recall":0.7179487179,"precision":0.2978723404,"roc_auc":0.8740951221}}
{"params":{"max_depth":3},"train":{"accuracy":0.8325627477,"f1":0.8544776119,"recall":0.9831571995,"precision":0.7555837563,"roc_auc":0.8916998154},"test":{"accuracy":0.7009569378,"f1":0.358974359,"recall":0.8974358974,"precision":0.2243589744,"roc_auc":0.8781882146}}
{"params":{"max_depth":5},"train":{"accuracy":0.8670739762,"f1":0.8802261568,"recall":0.9768824306,"precision":0.8009748172,"roc_auc":0.9228019223},"test":{"accuracy":0.7511961722,"f1":0.3734939759,"recall":0.7948717949,"precision":0.2440944882,"roc_auc":0.878898586}}
{"params":{"max_depth":10},"train":{"accuracy":0.9275099075,"f1":0.9316731518,"recall":0.9884412153,"precision":0.8810715337,"roc_auc":0.9753709434},"test":{"accuracy":0.8205741627,"f1":0.4444444444,"recall":0.7692307692,"precision":0.3125,"roc_auc":0.8795751302}}
{"params":{"max_depth":3},"train":{"accuracy":0.8327278732,"f1":0.8546002584,"recall":0.9831571995,"precision":0.7557755776,"roc_auc":0.8945295254},"test":{"accuracy":0.7033492823,"f1":0.3608247423,"recall":0.8974358974,"precision":0.2258064516,"roc_auc":0.8792368581}}
{"params":{"max_depth":10},"train":{"accuracy":0.9235468956,"f1":0.9282059234,"recall":0.9884412153,"precision":0.8748903829,"roc_auc":0.9763598968},"test":{"accuracy":0.8181818182,"f1":0.4411764706,"recall":0.7692307692,"precision":0.3092783505,"roc_auc":0.8800487112}}
{"params":{"max_depth":5},"train":{"accuracy":0.8683949802,"f1":0.8813104989,"recall":0.9772126816,"precision":0.8025494982,"roc_auc":0.9244601574},"test":{"accuracy":0.7559808612,"f1":0.3780487805,"recall":0.7948717949,"precision":0.248,"roc_auc":0.8842771125}}
{"params":{"max_depth":3},"train":{"accuracy":0.8323976222,"f1":0.8543550007,"recall":0.9831571995,"precision":0.7553920325,"roc_auc":0.89461187},"test":{"accuracy":0.7009569378,"f1":0.358974359,"recall":0.8974358974,"precision":0.2243589744,"roc_auc":0.8782896962}}
{"params":{"max_depth":10},"train":{"accuracy":0.9263540291,"f1":0.9306160548,"recall":0.9877807133,"precision":0.8797058824,"roc_auc":0.9787383474},"test":{"accuracy":0.8157894737,"f1":0.4379562044,"recall":0.7692307692,"precision":0.306122449,"roc_auc":0.8768689534}}
{"params":{"max_depth":5},"train":{"accuracy":0.8683949802,"f1":0.8813458389,"recall":0.9775429326,"precision":0.8023854703,"roc_auc":0.9246156306},"test":{"accuracy":0.7535885167,"f1":0.3757575758,"recall":0.7948717949,"precision":0.246031746,"roc_auc":0.8830593329}}
{"params":{"max_depth":10},"train":{"accuracy":0.928335535,"f1":0.9323987539,"recall":0.9884412153,"precision":0.882370283,"roc_auc":0.9787579247},"test":{"accuracy":0.8157894737,"f1":0.4379562044,"recall":0.7692307692,"precision":0.306122449,"roc_auc":0.8788309316}}
