{"params":{"max_depth":3},"train":{"accuracy":0.8325627477,"f1":0.8545611015,"recall":0.9838177015,"precision":0.7553245436,"roc_auc":0.89288007},"test":{"accuracy":0.7009569378,"f1":0.3654822335,"recall":0.9230769231,"precision":0.2278481013,"roc_auc":0.8717272174}}
{"params":{"max_depth":5},"train":{"accuracy":0.8652575958,"f1":0.8782089552,"recall":0.9715984148,"precision":0.8011982571,"roc_auc":0.922625563},"test":{"accuracy":0.7511961722,"f1":0.380952381,"recall":0.8205128205,"precision":0.2480620155,"roc_auc":0.8782896962}}
{"params":{"max_depth":3},"train":{"accuracy":0.8361955086,"f1":0.856936833,"recall":0.9811756935,"precision":0.76062468,"roc_auc":0.8938200529},"test":{"accuracy":0.7177033493,"f1":0.3723404255,"recall":0.8974358974,"precision":0.2348993289,"roc_auc":0.8690886949}}
{"params":{"max_depth":5},"train":{"accuracy":0.8664134742,"f1":0.879523455,"recall":0.9752311757,"precision":0.8009221589,"roc_auc":0.9229053166},"test":{"accuracy":0.7535885167,"f1":0.3757575758,"recall":0.7948717949,"precision":0.246031746,"roc_auc":0.8773763615}}
{"params":{"max_depth":10},"train":{"accuracy":0.9281704095,"f1":0.9323588866,"recall":0.9900924703,"precision":0.8809873641,"roc_auc":0.9724288412},"test":{"accuracy":0.8181818182,"f1":0.4411764706,"recall":0.7692307692,"precision":0.3092783505,"roc_auc":0.8672620256}}
{"params":{"max_depth":3},"train":{"accuracy":0.8327278732,"f1":0.8546419859,"recall":0.9834874505,"precision":0.7556457752,"roc_auc":0.8952571028},"test":{"accuracy":0.7009569378,"f1":0.358974359,"recall":0.8974358974,"precision":0.2243589744,"roc_auc":0.8773425343}}
{"params":{"max_depth":5},"train":{"accuracy":0.8645970938,"f1":0.8779761905,"recall":0.9742404227,"precision":0.7990249187,"roc_auc":0.9246445875},"test":{"accuracy":0.7535885167,"f1":0.3757575758,"recall":0.7948717949,"precision":0.246031746,"roc_auc":0.8833637778}}
{"params":{"max_depth":10},"train":{"accuracy":0.9275099075,"f1":0.9317368994,"recall":0.9894319683,"precision":0.8803996474,"roc_auc":0.9735427293},"test":{"accuracy":0.8277511962,"f1":0.4545454545,"recall":0.7692307692,"precision":0.3225806452,"roc_auc":0.871659563}}
{"params":{"max_depth":3},"train":{"accuracy":0.8327278732,"f1":0.8546419859,"recall":0.9834874505,"precision":0.7556457752,"roc_auc":0.8962137727},"test":{"accuracy":0.7009569378,"f1":0.358974359,"recall":0.8974358974,"precision":0.2243589744,"roc_auc":0.8876598336}}
{"params":{"max_depth":10},"train":{"accuracy":0.928005284,"f1":0.932150638,"recall":0.9891017173,"precision":0.881400824,"roc_auc":0.9771830158},"test":{"accuracy":0.8277511962,"f1":0.4545454545,"recall":0.7692307692,"precision":0.3225806452,"roc_auc":0.8752452473}}
{"params":{"max_depth":5},"train":{"accuracy":0.8664134742,"f1":0.8794516466,"recall":0.9745706737,"precision":0.8012489818,"roc_auc":0.9248052413},"test":{"accuracy":0.7535885167,"f1":0.3757575758,"recall":0.7948717949,"precision":0.246031746,"roc_auc":0.8828563697}}
{"params":{"max_depth":3},"train":{"accuracy":0.8327278732,"f1":0.8546419859,"recall":0.9834874505,"precision":0.7556457752,"roc_auc":0.8971659164},"test":{"accuracy":0.7009569378,"f1":0.358974359,"recall":0.8974358974,"precision":0.2243589744,"roc_auc":0.8864758812}}
{"params":{"max_depth":10},"train":{"accuracy":0.930317041,"f1":0.9341859014,"recall":0.9891017173,"precision":0.8850472813,"roc_auc":0.9785444286},"test":{"accuracy":0.8277511962,"f1":0.4626865672,"recall":0.7948717949,"precision":0.3263157895,"roc_auc":0.8753805561}}
{"params":{"max_depth":5},"train":{"accuracy":0.8685601057,"f1":0.8814064362,"recall":0.9768824306,"precision":0.8029315961,"roc_auc":0.9250848858},"test":{"accuracy":0.7511961722,"f1":0.3734939759,"recall":0.7948717949,"precision":0.2440944882,"roc_auc":0.8828563697}}
{"params":{"max_depth":10},"train":{"accuracy":0.928005284,"f1":0.9321717486,"recall":0.9894319683,"precision":0.8811764706,"roc_auc":0.9785183073},"test":{"accuracy":0.8229665072,"f1":0.4558823529,"recall":0.7948717949,"precision":0.3195876289,"roc_auc":0.8760571003}}
