{"params":{"max_depth":3,"n_estimators":25},"train":{"accuracy":0.8365257596,"f1":0.856812265,"recall":0.9782034346,"precision":0.7622233659,"roc_auc":0.8867075503},"test":{"accuracy":0.7177033493,"f1":0.3723404255,"recall":0.8974358974,"precision":0.2348993289,"roc_auc":0.8656383195}}
{"params":{"max_depth":5,"n_estimators":25},"train":{"accuracy":0.8710369881,"f1":0.8835544953,"recall":0.9785336856,"precision":0.8053818973,"roc_auc":0.9216230309},"test":{"accuracy":0.7559808612,"f1":0.3855421687,"recall":0.8205128205,"precision":0.2519685039,"roc_auc":0.8827210608}}
{"params":{"max_depth":3,"n_estimators":50},"train":{"accuracy":0.8366908851,"f1":0.8569362071,"recall":0.9782034346,"precision":0.7624195624,"roc_auc":0.8915889501},"test":{"accuracy":0.7177033493,"f1":0.3723404255,"recall":0.8974358974,"precision":0.2348993289,"roc_auc":0.8831269873}}
{"params":{"max_depth":5,"n_estimators":50},"train":{"accuracy":0.8730184941,"f1":0.8853436708,"recall":0.9805151915,"precision":0.8070127752,"roc_auc":0.9223048007},"test":{"accuracy":0.7535885167,"f1":0.3757575758,"recall":0.7948717949,"precision":0.246031746,"roc_auc":0.8810973547}}
{"params":{"max_depth":3,"n_estimators":100},"train":{"accuracy":0.8371862616,"f1":0.8573082489,"recall":0.9782034346,"precision":0.7630087584,"roc_auc":0.8934742601},"test":{"accuracy":0.7177033493,"f1":0.3723404255,"recall":0.8974358974,"precision":0.2348993289,"roc_auc":0.8836343955}}
{"params":{"max_depth":10,"n_estimators":25},"train":{"accuracy":0.92998679,"f1":0.9337292904,"recall":0.9864597094,"precision":0.8863501484,"roc_auc":0.9732291109},"test":{"accuracy":0.8325358852,"f1":0.453125,"recall":0.7435897436,"precision":0.3258426966,"roc_auc":0.8753805561}}
{"params":{"max_depth":5,"n_estimators":100},"train":{"accuracy":0.874009247,"f1":0.8860683888,"recall":0.9798546896,"precision":0.8086672118,"roc_auc":0.9235771068},"test":{"accuracy":0.7559808612,"f1":0.3855421687,"recall":0.8205128205,"precision":0.2519685039,"roc_auc":0.8805222921}}
{"params":{"max_depth":10,"n_estimators":50},"train":{"accuracy":0.9331241744,"f1":0.9365899483,"recall":0.9877807133,"precision":0.8904435844,"roc_auc":0.9752361382},"test":{"accuracy":0.8277511962,"f1":0.4461538462,"recall":0.7435897436,"precision":0.3186813187,"roc_auc":0.8792368581}}
{"params":{"max_depth":3,"n_estimators":250},"train":{"accuracy":0.8368560106,"f1":0.8570601852,"recall":0.9782034346,"precision":0.7626158599,"roc_auc":0.8947658708},"test":{"accuracy":0.7177033493,"f1":0.3723404255,"recall":0.8974358974,"precision":0.2348993289,"roc_auc":0.8790000677}}
{"params":{"max_depth":10,"n_estimators":100},"train":{"accuracy":0.9311426684,"f1":0.9348742777,"recall":0.9884412153,"precision":0.8868148148,"roc_auc":0.9769604126},"test":{"accuracy":0.8277511962,"f1":0.4545454545,"recall":0.7692307692,"precision":0.3225806452,"roc_auc":0.8766659901}}
{"params":{"max_depth":5,"n_estimators":250},"train":{"accuracy":0.873348745,"f1":0.8856418667,"recall":0.9808454425,"precision":0.8072845882,"roc_auc":0.9237273994},"test":{"accuracy":0.7607655502,"f1":0.3827160494,"recall":0.7948717949,"precision":0.2520325203,"roc_auc":0.8798119207}}
{"params":{"max_depth":3,"n_estimators":500},"train":{"accuracy":0.8370211361,"f1":0.8571841991,"recall":0.9782034346,"precision":0.7628122586,"roc_auc":0.8991534755},"test":{"accuracy":0.7177033493,"f1":0.3723404255,"recall":0.8974358974,"precision":0.2348993289,"roc_auc":0.8788309316}}
{"params":{"max_depth":10,"n_estimators":250},"train":{"accuracy":0.9321334214,"f1":0.9357109338,"recall":0.9877807133,"precision":0.8888558692,"roc_auc":0.9771905958},"test":{"accuracy":0.8253588517,"f1":0.4511278195,"recall":0.7692307692,"precision":0.3191489362,"roc_auc":0.8795751302}}
{"params":{"max_depth":5,"n_estimators":500},"train":{"accuracy":0.8738441215,"f1":0.8860381862,"recall":0.9808454425,"precision":0.8079434168,"roc_auc":0.9238840178},"test":{"accuracy":0.7583732057,"f1":0.3803680982,"recall":0.7948717949,"precision":0.25,"roc_auc":0.8811311819}}
{"params":{"max_depth":10,"n_estimators":500},"train":{"accuracy":0.9324636724,"f1":0.9360037553,"recall":0.9877807133,"precision":0.8893844781,"roc_auc":0.9775333348},"test":{"accuracy":0.8253588517,"f1":0.4511278195,"recall":0.7692307692,"precision":0.3191489362,"roc_auc":0.8784250051}}
