{"params":{"max_depth":3},"train":{"accuracy":0.7114636336,"f1":0.3772609819,"recall":0.9329073482,"precision":0.236437247,"roc_auc":0.8714774986},"test":{"accuracy":0.7033492823,"f1":0.3608247423,"recall":0.8974358974,"precision":0.2258064516,"roc_auc":0.8836682227}}
{"params":{"max_depth":5},"train":{"accuracy":0.7668362766,"f1":0.4259395726,"recall":0.9233226837,"precision":0.2768199234,"roc_auc":0.8960490164},"test":{"accuracy":0.7392344498,"f1":0.3699421965,"recall":0.8205128205,"precision":0.2388059701,"roc_auc":0.8815371085}}
{"params":{"max_depth":3},"train":{"accuracy":0.7114636336,"f1":0.3772609819,"recall":0.9329073482,"precision":0.236437247,"roc_auc":0.8758403991},"test":{"accuracy":0.7033492823,"f1":0.3608247423,"recall":0.8974358974,"precision":0.2258064516,"roc_auc":0.8855625465}}
{"params":{"max_depth":5},"train":{"accuracy":0.7674348997,"f1":0.4274134119,"recall":0.9265175719,"precision":0.2777777778,"roc_auc":0.8997039347},"test":{"accuracy":0.7464114833,"f1":0.369047619,"recall":0.7948717949,"precision":0.2403100775,"roc_auc":0.8807590826}}
{"params":{"max_depth":10},"train":{"accuracy":0.8617180485,"f1":0.5531914894,"recall":0.9137380192,"precision":0.3966712899,"roc_auc":0.9440741577},"test":{"accuracy":0.8397129187,"f1":0.4724409449,"recall":0.7692307692,"precision":0.3409090909,"roc_auc":0.8760232731}}
{"params":{"max_depth":3},"train":{"accuracy":0.7120622568,"f1":0.3769430052,"recall":0.9297124601,"precision":0.2363931763,"roc_auc":0.8755813684},"test":{"accuracy":0.7033492823,"f1":0.3608247423,"recall":0.8974358974,"precision":0.2258064516,"roc_auc":0.8906704553}}
{"params":{"max_depth":10},"train":{"accuracy":0.8712960192,"f1":0.5708582834,"recall":0.9137380192,"precision":0.4150943396,"roc_auc":0.9454194293},"test":{"accuracy":0.8444976077,"f1":0.48,"recall":0.7692307692,"precision":0.3488372093,"roc_auc":0.8816724173}}
{"params":{"max_depth":5},"train":{"accuracy":0.7719245735,"f1":0.4330357143,"recall":0.9297124601,"precision":0.2822502425,"roc_auc":0.8983074901},"test":{"accuracy":0.7488038278,"f1":0.371257485,"recall":0.7948717949,"precision":0.2421875,"roc_auc":0.8829916785}}
{"params":{"max_depth":10},"train":{"accuracy":0.8703980844,"f1":0.5700099305,"recall":0.9169329073,"precision":0.4135446686,"roc_auc":0.9459633411},"test":{"accuracy":0.8421052632,"f1":0.4761904762,"recall":0.7692307692,"precision":0.3448275862,"roc_auc":0.8782220418}}
{"params":{"max_depth":3},"train":{"accuracy":0.7132595031,"f1":0.3787289235,"recall":0.9329073482,"precision":0.2375915378,"roc_auc":0.8761959728},"test":{"accuracy":0.7033492823,"f1":0.3608247423,"recall":0.8974358974,"precision":0.2258064516,"roc_auc":0.8900953927}}
{"params":{"max_depth":5},"train":{"accuracy":0.7746183777,"f1":0.4351087772,"recall":0.9265175719,"precision":0.2843137255,"roc_auc":0.9000821935},"test":{"accuracy":0.7464114833,"f1":0.369047619,"recall":0.7948717949,"precision":0.2403100775,"roc_auc":0.8852242744}}
{"params":{"max_depth":3},"train":{"accuracy":0.7132595031,"f1":0.3787289235,"recall":0.9329073482,"precision":0.2375915378,"roc_auc":0.8770479782},"test":{"accuracy":0.7033492823,"f1":0.3608247423,"recall":0.8974358974,"precision":0.2258064516,"roc_auc":0.8894188485}}
{"params":{"max_depth":10},"train":{"accuracy":0.8739898234,"f1":0.5802592223,"recall":0.9297124601,"precision":0.4217391304,"roc_auc":0.9479026424},"test":{"accuracy":0.8444976077,"f1":0.48,"recall":0.7692307692,"precision":0.3488372093,"roc_auc":0.8841079765}}
{"params":{"max_depth":5},"train":{"accuracy":0.7716252619,"f1":0.4310216257,"recall":0.9233226837,"precision":0.2811284047,"roc_auc":0.9003074605},"test":{"accuracy":0.7464114833,"f1":0.369047619,"recall":0.7948717949,"precision":0.2403100775,"roc_auc":0.8869494621}}
{"params":{"max_depth":10},"train":{"accuracy":0.8739898234,"f1":0.5785785786,"recall":0.9233226837,"precision":0.4212827988,"roc_auc":0.9479733351},"test":{"accuracy":0.8421052632,"f1":0.4761904762,"recall":0.7692307692,"precision":0.3448275862,"roc_auc":0.8833637778}}
