{"params":{"max_depth":5,"n_estimators":25},"train":{"accuracy":0.8764861295,"f1":0.8879568604,"recall":0.9788639366,"precision":0.8125,"roc_auc":0.9216311018},"test":{"accuracy":0.7655502392,"f1":0.3875,"recall":0.7948717949,"precision":0.2561983471,"roc_auc":0.8815709357}}
{"params":{"max_depth":3,"n_estimators":25},"train":{"accuracy":0.8370211361,"f1":0.8573493279,"recall":0.9795244386,"precision":0.7622719095,"roc_auc":0.8944128796},"test":{"accuracy":0.7177033493,"f1":0.3723404255,"recall":0.8974358974,"precision":0.2348993289,"roc_auc":0.8689195589}}
{"params":{"max_depth":5,"n_estimators":50},"train":{"accuracy":0.876651255,"f1":0.8880563465,"recall":0.9785336856,"precision":0.8128943759,"roc_auc":0.9213454041},"test":{"accuracy":0.7679425837,"f1":0.3899371069,"recall":0.7948717949,"precision":0.2583333333,"roc_auc":0.8803193289}}
{"params":{"max_depth":3,"n_estimators":50},"train":{"accuracy":0.8368560106,"f1":0.8570601852,"recall":0.9782034346,"precision":0.7626158599,"roc_auc":0.8945293073},"test":{"accuracy":0.7177033493,"f1":0.3723404255,"recall":0.8974358974,"precision":0.2348993289,"roc_auc":0.8697652392}}
{"params":{"max_depth":10,"n_estimators":25},"train":{"accuracy":0.928335535,"f1":0.9321875,"recall":0.9851387054,"precision":0.8846381969,"roc_auc":0.9691493441},"test":{"accuracy":0.8181818182,"f1":0.4411764706,"recall":0.7692307692,"precision":0.3092783505,"roc_auc":0.8754143833}}
{"params":{"max_depth":3,"n_estimators":100},"train":{"accuracy":0.8370211361,"f1":0.8571841991,"recall":0.9782034346,"precision":0.7628122586,"roc_auc":0.8984293882},"test":{"accuracy":0.7177033493,"f1":0.3723404255,"recall":0.8974358974,"precision":0.2348993289,"roc_auc":0.8818077261}}
{"params":{"max_depth":5,"n_estimators":100},"train":{"accuracy":0.8768163804,"f1":0.8882899072,"recall":0.9795244386,"precision":0.8126027397,"roc_auc":0.9221698864},"test":{"accuracy":0.7631578947,"f1":0.3850931677,"recall":0.7948717949,"precision":0.2540983607,"roc_auc":0.8793045125}}
{"params":{"max_depth":10,"n_estimators":50},"train":{"accuracy":0.929326288,"f1":0.933250156,"recall":0.9881109643,"precision":0.8841607565,"roc_auc":0.971162261},"test":{"accuracy":0.8181818182,"f1":0.4492753623,"recall":0.7948717949,"precision":0.3131313131,"roc_auc":0.8776808064}}
{"params":{"max_depth":3,"n_estimators":250},"train":{"accuracy":0.8368560106,"f1":0.8570601852,"recall":0.9782034346,"precision":0.7626158599,"roc_auc":0.898325285},"test":{"accuracy":0.7177033493,"f1":0.3723404255,"recall":0.8974358974,"precision":0.2348993289,"roc_auc":0.8818077261}}
{"params":{"max_depth":10,"n_estimators":100},"train":{"accuracy":0.928335535,"f1":0.9323144105,"recall":0.9871202114,"precision":0.8832742317,"roc_auc":0.9737971251},"test":{"accuracy":0.8253588517,"f1":0.4671532847,"recall":0.8205128205,"precision":0.3265306122,"roc_auc":0.8797780935}}
{"params":{"max_depth":5,"n_estimators":250},"train":{"accuracy":0.8758256275,"f1":0.887593423,"recall":0.9805151915,"precision":0.810759148,"roc_auc":0.9234268688},"test":{"accuracy":0.7655502392,"f1":0.3875,"recall":0.7948717949,"precision":0.2561983471,"roc_auc":0.8764630269}}
{"params":{"max_depth":3,"n_estimators":500},"train":{"accuracy":0.8368560106,"f1":0.8570601852,"recall":0.9782034346,"precision":0.7626158599,"roc_auc":0.8992856086},"test":{"accuracy":0.7177033493,"f1":0.3723404255,"recall":0.8974358974,"precision":0.2348993289,"roc_auc":0.878255869}}
{"params":{"max_depth":10,"n_estimators":250},"train":{"accuracy":0.9319682959,"f1":0.9355847405,"recall":0.9881109643,"precision":0.8883610451,"roc_auc":0.9760391891},"test":{"accuracy":0.8253588517,"f1":0.4511278195,"recall":0.7692307692,"precision":0.3191489362,"roc_auc":0.8784926595}}
{"params":{"max_depth":5,"n_estimators":500},"train":{"accuracy":0.8748348745,"f1":0.886696562,"recall":0.9795244386,"precision":0.8099399235,"roc_auc":0.9238510799},"test":{"accuracy":0.7607655502,"f1":0.3827160494,"recall":0.7948717949,"precision":0.2520325203,"roc_auc":0.8771733983}}
{"params":{"max_depth":10,"n_estimators":500},"train":{"accuracy":0.9319682959,"f1":0.9355847405,"recall":0.9881109643,"precision":0.8883610451,"roc_auc":0.9765906799},"test":{"accuracy":0.8301435407,"f1":0.4580152672,"recall":0.7692307692,"precision":0.3260869565,"roc_auc":0.8764630269}}
