{"params":{"max_depth":5,"n_estimators":25},"train":{"accuracy":0.875990753,"f1":0.8870846489,"recall":0.9742404227,"precision":0.8142423406,"roc_auc":0.9209565849},"test":{"accuracy":0.7655502392,"f1":0.3875,"recall":0.7948717949,"precision":0.2561983471,"roc_auc":0.8750084568}}
{"params":{"max_depth":3,"n_estimators":25},"train":{"accuracy":0.8371862616,"f1":0.8571014493,"recall":0.9765521797,"precision":0.7636880165,"roc_auc":0.891261044},"test":{"accuracy":0.7177033493,"f1":0.3723404255,"recall":0.8974358974,"precision":0.2348993289,"roc_auc":0.8785941411}}
{"params":{"max_depth":3,"n_estimators":50},"train":{"accuracy":0.8366908851,"f1":0.856977585,"recall":0.9785336856,"precision":0.7622845382,"roc_auc":0.8921162283},"test":{"accuracy":0.7177033493,"f1":0.3723404255,"recall":0.8974358974,"precision":0.2348993289,"roc_auc":0.880657601}}
{"params":{"max_depth":3,"n_estimators":100},"train":{"accuracy":0.8368560106,"f1":0.8570188133,"recall":0.9778731836,"precision":0.7627511592,"roc_auc":0.8941379795},"test":{"accuracy":0.7177033493,"f1":0.3723404255,"recall":0.8974358974,"precision":0.2348993289,"roc_auc":0.8796089574}}
{"params":{"max_depth":10,"n_estimators":25},"train":{"accuracy":0.9308124174,"f1":0.9344595651,"recall":0.9864597094,"precision":0.887667162,"roc_auc":0.9747904957},"test":{"accuracy":0.8253588517,"f1":0.4511278195,"recall":0.7692307692,"precision":0.3191489362,"roc_auc":0.8712874636}}
{"params":{"max_depth":5,"n_estimators":50},"train":{"accuracy":0.8758256275,"f1":0.8870870871,"recall":0.9755614267,"precision":0.8133259912,"roc_auc":0.9221649785},"test":{"accuracy":0.7631578947,"f1":0.3850931677,"recall":0.7948717949,"precision":0.2540983607,"roc_auc":0.8746025303}}
{"params":{"max_depth":5,"n_estimators":100},"train":{"accuracy":0.874669749,"f1":0.8861556922,"recall":0.9755614267,"precision":0.8117614729,"roc_auc":0.9222585569},"test":{"accuracy":0.7607655502,"f1":0.3827160494,"recall":0.7948717949,"precision":0.2520325203,"roc_auc":0.8730803058}}
{"params":{"max_depth":10,"n_estimators":50},"train":{"accuracy":0.9294914135,"f1":0.9333541439,"recall":0.9874504624,"precision":0.8848771826,"roc_auc":0.9767586956},"test":{"accuracy":0.8205741627,"f1":0.4444444444,"recall":0.7692307692,"precision":0.3125,"roc_auc":0.8749746296}}
{"params":{"max_depth":3,"n_estimators":250},"train":{"accuracy":0.8365257596,"f1":0.856812265,"recall":0.9782034346,"precision":0.7622233659,"roc_auc":0.8956467401},"test":{"accuracy":0.7177033493,"f1":0.3723404255,"recall":0.8974358974,"precision":0.2348993289,"roc_auc":0.8796089574}}
{"params":{"max_depth":10,"n_estimators":100},"train":{"accuracy":0.9309775429,"f1":0.9346670835,"recall":0.9874504624,"precision":0.8872403561,"roc_auc":0.9768474751},"test":{"accuracy":0.8253588517,"f1":0.4592592593,"recall":0.7948717949,"precision":0.3229166667,"roc_auc":0.8726067248}}
{"params":{"max_depth":5,"n_estimators":250},"train":{"accuracy":0.874009247,"f1":0.8858980111,"recall":0.9782034346,"precision":0.8095107953,"roc_auc":0.9232615797},"test":{"accuracy":0.7583732057,"f1":0.3803680982,"recall":0.7948717949,"precision":0.25,"roc_auc":0.8747716663}}
{"params":{"max_depth":3,"n_estimators":500},"train":{"accuracy":0.8368560106,"f1":0.8570601852,"recall":0.9782034346,"precision":0.7626158599,"roc_auc":0.8951514726},"test":{"accuracy":0.7177033493,"f1":0.3723404255,"recall":0.8974358974,"precision":0.2348993289,"roc_auc":0.8795074758}}
{"params":{"max_depth":10,"n_estimators":250},"train":{"accuracy":0.9314729194,"f1":0.9351866313,"recall":0.9887714663,"precision":0.8871111111,"roc_auc":0.9770724231},"test":{"accuracy":0.8205741627,"f1":0.4444444444,"recall":0.7692307692,"precision":0.3125,"roc_auc":0.8757864826}}
{"params":{"max_depth":5,"n_estimators":500},"train":{"accuracy":0.874009247,"f1":0.8860683888,"recall":0.9798546896,"precision":0.8086672118,"roc_auc":0.9237263633},"test":{"accuracy":0.7583732057,"f1":0.3803680982,"recall":0.7948717949,"precision":0.25,"roc_auc":0.8752790745}}
{"params":{"max_depth":10,"n_estimators":500},"train":{"accuracy":0.9314729194,"f1":0.9351258402,"recall":0.9877807133,"precision":0.8878005343,"roc_auc":0.9767647487},"test":{"accuracy":0.8253588517,"f1":0.4511278195,"recall":0.7692307692,"precision":0.3191489362,"roc_auc":0.8757188282}}
