{"params":{"max_depth":3},"train":{"accuracy":0.7111643221,"f1":0.3770174306,"recall":0.9329073482,"precision":0.2362459547,"roc_auc":0.8722836065},"test":{"accuracy":0.7033492823,"f1":0.3608247423,"recall":0.8974358974,"precision":0.2258064516,"roc_auc":0.8813341452}}
{"params":{"max_depth":5},"train":{"accuracy":0.7758156241,"f1":0.4381095274,"recall":0.9329073482,"precision":0.2862745098,"roc_auc":0.8994005892},"test":{"accuracy":0.7464114833,"f1":0.369047619,"recall":0.7948717949,"precision":0.2403100775,"roc_auc":0.8874568703}}
{"params":{"max_depth":3},"train":{"accuracy":0.7138581263,"f1":0.3784135241,"recall":0.9297124601,"precision":0.2375510204,"roc_auc":0.8753919752},"test":{"accuracy":0.7033492823,"f1":0.3608247423,"recall":0.8974358974,"precision":0.2258064516,"roc_auc":0.8823151343}}
{"params":{"max_depth":5},"train":{"accuracy":0.7761149356,"f1":0.436746988,"recall":0.9265175719,"precision":0.2857142857,"roc_auc":0.9004979088},"test":{"accuracy":0.7488038278,"f1":0.371257485,"recall":0.7948717949,"precision":0.2421875,"roc_auc":0.8894526757}}
{"params":{"max_depth":10},"train":{"accuracy":0.874289135,"f1":0.58,"recall":0.9265175719,"precision":0.422125182,"roc_auc":0.9468317007},"test":{"accuracy":0.8397129187,"f1":0.464,"recall":0.7435897436,"precision":0.3372093023,"roc_auc":0.8817062445}}
{"params":{"max_depth":3},"train":{"accuracy":0.7141574379,"f1":0.3786597267,"recall":0.9297124601,"precision":0.237745098,"roc_auc":0.8773597647},"test":{"accuracy":0.7033492823,"f1":0.3608247423,"recall":0.8974358974,"precision":0.2258064516,"roc_auc":0.8826534064}}
{"params":{"max_depth":5},"train":{"accuracy":0.7746183777,"f1":0.4351087772,"recall":0.9265175719,"precision":0.2843137255,"roc_auc":0.9002467914},"test":{"accuracy":0.7511961722,"f1":0.3734939759,"recall":0.7948717949,"precision":0.2440944882,"roc_auc":0.8856640281}}
{"params":{"max_depth":10},"train":{"accuracy":0.8772822508,"f1":0.5833333333,"recall":0.9169329073,"precision":0.4277198212,"roc_auc":0.9468987005},"test":{"accuracy":0.8468899522,"f1":0.4666666667,"recall":0.7179487179,"precision":0.3456790123,"roc_auc":0.8889114404}}
{"params":{"max_depth":3},"train":{"accuracy":0.7129601916,"f1":0.3768680962,"recall":0.9265175719,"precision":0.2365415987,"roc_auc":0.8784755488},"test":{"accuracy":0.7033492823,"f1":0.3608247423,"recall":0.8974358974,"precision":0.2258064516,"roc_auc":0.8852242744}}
{"params":{"max_depth":10},"train":{"accuracy":0.8751870697,"f1":0.5817452357,"recall":0.9265175719,"precision":0.4239766082,"roc_auc":0.9469097792},"test":{"accuracy":0.8397129187,"f1":0.464,"recall":0.7435897436,"precision":0.3372093023,"roc_auc":0.8872877343}}
{"params":{"max_depth":5},"train":{"accuracy":0.7725231966,"f1":0.433681073,"recall":0.9297124601,"precision":0.2827988338,"roc_auc":0.9002119726},"test":{"accuracy":0.7511961722,"f1":0.3734939759,"recall":0.7948717949,"precision":0.2440944882,"roc_auc":0.8855963737}}
{"params":{"max_depth":3},"train":{"accuracy":0.71266088,"f1":0.3774319066,"recall":0.9297124601,"precision":0.2367778682,"roc_auc":0.8775998033},"test":{"accuracy":0.7033492823,"f1":0.3608247423,"recall":0.8974358974,"precision":0.2258064516,"roc_auc":0.8873553887}}
{"params":{"max_depth":10},"train":{"accuracy":0.8715953307,"f1":0.5722831505,"recall":0.9169329073,"precision":0.415942029,"roc_auc":0.9471471801},"test":{"accuracy":0.8373205742,"f1":0.4603174603,"recall":0.7435897436,"precision":0.3333333333,"roc_auc":0.8853934105}}
{"params":{"max_depth":5},"train":{"accuracy":0.7719245735,"f1":0.4321907601,"recall":0.9265175719,"precision":0.2818270165,"roc_auc":0.9004076964},"test":{"accuracy":0.7511961722,"f1":0.3734939759,"recall":0.7948717949,"precision":0.2440944882,"roc_auc":0.8862729179}}
{"params":{"max_depth":10},"train":{"accuracy":0.8718946423,"f1":0.5753968254,"recall":0.9265175719,"precision":0.4172661871,"roc_auc":0.9483056964},"test":{"accuracy":0.8397129187,"f1":0.4724409449,"recall":0.7692307692,"precision":0.3409090909,"roc_auc":0.885325756}}
