{"params":{"max_depth":3},"train":{"accuracy":0.7117629452,"f1":0.3791102515,"recall":0.9392971246,"precision":0.2374798061,"roc_auc":0.876201776},"test":{"accuracy":0.7009569378,"f1":0.358974359,"recall":0.8974358974,"precision":0.2243589744,"roc_auc":0.887896624}}
{"params":{"max_depth":5},"train":{"accuracy":0.773720443,"f1":0.4324324324,"recall":0.9201277955,"precision":0.2826300294,"roc_auc":0.9032232708},"test":{"accuracy":0.7535885167,"f1":0.3832335329,"recall":0.8205128205,"precision":0.25,"roc_auc":0.8810635275}}
{"params":{"max_depth":3},"train":{"accuracy":0.7111643221,"f1":0.3786220219,"recall":0.9392971246,"precision":0.2370967742,"roc_auc":0.8768300969},"test":{"accuracy":0.7033492823,"f1":0.3608247423,"recall":0.8974358974,"precision":0.2258064516,"roc_auc":0.8854610649}}
{"params":{"max_depth":5},"train":{"accuracy":0.7782101167,"f1":0.4356435644,"recall":0.9137380192,"precision":0.286,"roc_auc":0.9018204954},"test":{"accuracy":0.7583732057,"f1":0.3803680982,"recall":0.7948717949,"precision":0.25,"roc_auc":0.8821798255}}
{"params":{"max_depth":10},"train":{"accuracy":0.8763843161,"f1":0.5790010194,"recall":0.9073482428,"precision":0.4251497006,"roc_auc":0.9466950633},"test":{"accuracy":0.8349282297,"f1":0.4390243902,"recall":0.6923076923,"precision":0.3214285714,"roc_auc":0.8729111697}}
{"params":{"max_depth":3},"train":{"accuracy":0.7129601916,"f1":0.3784834738,"recall":0.9329073482,"precision":0.237398374,"roc_auc":0.8759664853},"test":{"accuracy":0.7033492823,"f1":0.3608247423,"recall":0.8974358974,"precision":0.2258064516,"roc_auc":0.8855287193}}
{"params":{"max_depth":5},"train":{"accuracy":0.7758156241,"f1":0.4338624339,"recall":0.9169329073,"precision":0.2841584158,"roc_auc":0.8996728088},"test":{"accuracy":0.7511961722,"f1":0.3734939759,"recall":0.7948717949,"precision":0.2440944882,"roc_auc":0.8845477302}}
{"params":{"max_depth":10},"train":{"accuracy":0.8697994612,"f1":0.5680238332,"recall":0.9137380192,"precision":0.4121037464,"roc_auc":0.9486391127},"test":{"accuracy":0.8325358852,"f1":0.4444444444,"recall":0.7179487179,"precision":0.3218390805,"roc_auc":0.8834314322}}
{"params":{"max_depth":10},"train":{"accuracy":0.8689015265,"f1":0.5680473373,"recall":0.9201277955,"precision":0.4108416548,"roc_auc":0.9462819858},"test":{"accuracy":0.8325358852,"f1":0.453125,"recall":0.7435897436,"precision":0.3258426966,"roc_auc":0.8834314322}}
{"params":{"max_depth":3},"train":{"accuracy":0.7108650105,"f1":0.3767741935,"recall":0.9329073482,"precision":0.2360549717,"roc_auc":0.8771529621},"test":{"accuracy":0.7033492823,"f1":0.3608247423,"recall":0.8974358974,"precision":0.2258064516,"roc_auc":0.884040322}}
{"params":{"max_depth":5},"train":{"accuracy":0.7716252619,"f1":0.4310216257,"recall":0.9233226837,"precision":0.2811284047,"roc_auc":0.9003375313},"test":{"accuracy":0.7440191388,"f1":0.3668639053,"recall":0.7948717949,"precision":0.2384615385,"roc_auc":0.8834652595}}
{"params":{"max_depth":3},"train":{"accuracy":0.7132595031,"f1":0.3795336788,"recall":0.9361022364,"precision":0.2380178716,"roc_auc":0.8774948194},"test":{"accuracy":0.7033492823,"f1":0.3608247423,"recall":0.8974358974,"precision":0.2258064516,"roc_auc":0.8899262567}}
{"params":{"max_depth":10},"train":{"accuracy":0.8727925771,"f1":0.5762711864,"recall":0.9233226837,"precision":0.4188405797,"roc_auc":0.9484945619},"test":{"accuracy":0.8421052632,"f1":0.4677419355,"recall":0.7435897436,"precision":0.3411764706,"roc_auc":0.8828225425}}
{"params":{"max_depth":5},"train":{"accuracy":0.7716252619,"f1":0.4318689501,"recall":0.9265175719,"precision":0.2815533981,"roc_auc":0.9000204692},"test":{"accuracy":0.7440191388,"f1":0.3668639053,"recall":0.7948717949,"precision":0.2384615385,"roc_auc":0.8839050132}}
{"params":{"max_depth":10},"train":{"accuracy":0.8733912002,"f1":0.5774225774,"recall":0.9233226837,"precision":0.4200581395,"roc_auc":0.9482867043},"test":{"accuracy":0.8421052632,"f1":0.4761904762,"recall":0.7692307692,"precision":0.3448275862,"roc_auc":0.8846492118}}
