{"params":{"max_depth":3,"n_estimators":100},"train":{"accuracy":0.9405548217,"f1":0.9428026692,"recall":0.9798546896,"precision":0.9084507042,"roc_auc":0.9895075508},"test":{"accuracy":0.8684210526,"f1":0.495412844,"recall":0.6923076923,"precision":0.3857142857,"roc_auc":0.8854610649}}
{"params":{"max_depth":3,"n_estimators":50},"train":{"accuracy":0.9085204756,"f1":0.9144533663,"recall":0.9778731836,"precision":0.8587587007,"roc_auc":0.9729922747},"test":{"accuracy":0.8373205742,"f1":0.4769230769,"recall":0.7948717949,"precision":0.3406593407,"roc_auc":0.8872877343}}
{"params":{"max_depth":5,"n_estimators":25},"train":{"accuracy":0.9250330251,"f1":0.9293714997,"recall":0.9864597094,"precision":0.8785294118,"roc_auc":0.9815712203},"test":{"accuracy":0.8468899522,"f1":0.5,"recall":0.8205128205,"precision":0.3595505618,"roc_auc":0.8964549083}}
{"params":{"max_depth":3,"n_estimators":25},"train":{"accuracy":0.8816050198,"f1":0.8916754797,"recall":0.9745706737,"precision":0.8217766639,"roc_auc":0.9489137818},"test":{"accuracy":0.7990430622,"f1":0.4246575342,"recall":0.7948717949,"precision":0.2897196262,"roc_auc":0.8856640281}}
{"params":{"max_depth":5,"n_estimators":50},"train":{"accuracy":0.9547556143,"f1":0.9562160435,"recall":0.9881109643,"precision":0.9263157895,"roc_auc":0.9946901356},"test":{"accuracy":0.8660287081,"f1":0.4909090909,"recall":0.6923076923,"precision":0.3802816901,"roc_auc":0.8876936608}}
{"params":{"max_depth":5,"n_estimators":100},"train":{"accuracy":0.982001321,"f1":0.9821924522,"recall":0.9927344782,"precision":0.971871969,"roc_auc":0.9990948636},"test":{"accuracy":0.8636363636,"f1":0.4,"recall":0.4871794872,"precision":0.3392857143,"roc_auc":0.8734185779}}
{"params":{"max_depth":10,"n_estimators":25},"train":{"accuracy":0.9772126816,"f1":0.977582846,"recall":0.9937252312,"precision":0.9619565217,"roc_auc":0.9989006176},"test":{"accuracy":0.8516746411,"f1":0.4150943396,"recall":0.5641025641,"precision":0.328358209,"roc_auc":0.8626615249}}
{"params":{"max_depth":10,"n_estimators":50},"train":{"accuracy":0.9965323646,"f1":0.9965352252,"recall":0.9973579921,"precision":0.9957138147,"roc_auc":0.9998668308},"test":{"accuracy":0.8732057416,"f1":0.4301075269,"recall":0.5128205128,"precision":0.3703703704,"roc_auc":0.8628644882}}
{"params":{"max_depth":3,"n_estimators":250},"train":{"accuracy":0.9745706737,"f1":0.974926734,"recall":0.9887714663,"precision":0.9614643545,"roc_auc":0.9980362718},"test":{"accuracy":0.8803827751,"f1":0.4680851064,"recall":0.5641025641,"precision":0.4,"roc_auc":0.8789662404}}
{"params":{"max_depth":5,"n_estimators":250},"train":{"accuracy":0.999669749,"f1":0.9996696399,"recall":0.999339498,"precision":1.0,"roc_auc":0.9999543015},"test":{"accuracy":0.8684210526,"f1":0.3209876543,"recall":0.3333333333,"precision":0.3095238095,"roc_auc":0.8533928692}}
{"params":{"max_depth":10,"n_estimators":100},"train":{"accuracy":0.999669749,"f1":0.9996696399,"recall":0.999339498,"precision":1.0,"roc_auc":0.9999581188},"test":{"accuracy":0.8779904306,"f1":0.4,"recall":0.4358974359,"precision":0.3695652174,"roc_auc":0.8583992964}}
{"params":{"max_depth":3,"n_estimators":500},"train":{"accuracy":0.9953764861,"f1":0.9953841081,"recall":0.9970277411,"precision":0.9937458855,"roc_auc":0.9998126251},"test":{"accuracy":0.8779904306,"f1":0.3855421687,"recall":0.4102564103,"precision":0.3636363636,"roc_auc":0.8579933699}}
{"params":{"max_depth":5,"n_estimators":500},"train":{"accuracy":0.9998348745,"f1":0.9998348472,"recall":0.999669749,"precision":1.0,"roc_auc":0.9999926926},"test":{"accuracy":0.8827751196,"f1":0.3797468354,"recall":0.3846153846,"precision":0.375,"roc_auc":0.8426358163}}
{"params":{"max_depth":10,"n_estimators":250},"train":{"accuracy":0.9998348745,"f1":0.9998348472,"recall":0.999669749,"precision":1.0,"roc_auc":0.9999964008},"test":{"accuracy":0.8779904306,"f1":0.3703703704,"recall":0.3846153846,"precision":0.3571428571,"roc_auc":0.8480481699}}
{"params":{"max_depth":10,"n_estimators":500},"train":{"accuracy":0.9998348745,"f1":0.9998348472,"recall":0.999669749,"precision":1.0,"roc_auc":0.9999996728},"test":{"accuracy":0.8803827751,"f1":0.3243243243,"recall":0.3076923077,"precision":0.3428571429,"roc_auc":0.8337730871}}
