{"params":{"max_depth":5},"train":{"accuracy":0.7716252619,"f1":0.4310216257,"recall":0.9233226837,"precision":0.2811284047,"roc_auc":0.8979287038},"test":{"accuracy":0.7583732057,"f1":0.3878787879,"recall":0.8205128205,"precision":0.253968254,"roc_auc":0.882112171}}
{"params":{"max_depth":3},"train":{"accuracy":0.7153546842,"f1":0.3788373612,"recall":0.9265175719,"precision":0.2380952381,"roc_auc":0.8768897109},"test":{"accuracy":0.7009569378,"f1":0.358974359,"recall":0.8974358974,"precision":0.2243589744,"roc_auc":0.8891482308}}
{"params":{"max_depth":3},"train":{"accuracy":0.7138581263,"f1":0.3759791123,"recall":0.9201277955,"precision":0.2362592289,"roc_auc":0.8773455206},"test":{"accuracy":0.7033492823,"f1":0.3608247423,"recall":0.8974358974,"precision":0.2258064516,"roc_auc":0.8905013193}}
{"params":{"max_depth":5},"train":{"accuracy":0.7758156241,"f1":0.4355689525,"recall":0.9233226837,"precision":0.2850098619,"roc_auc":0.8995541084},"test":{"accuracy":0.7559808612,"f1":0.3780487805,"recall":0.7948717949,"precision":0.248,"roc_auc":0.885968473}}
{"params":{"max_depth":10},"train":{"accuracy":0.8638132296,"f1":0.5534838077,"recall":0.9009584665,"precision":0.3994334278,"roc_auc":0.943209491},"test":{"accuracy":0.8492822967,"f1":0.479338843,"recall":0.7435897436,"precision":0.3536585366,"roc_auc":0.885799337}}
{"params":{"max_depth":3},"train":{"accuracy":0.7138581263,"f1":0.3776041667,"recall":0.9265175719,"precision":0.2371218316,"roc_auc":0.8778129366},"test":{"accuracy":0.7033492823,"f1":0.3608247423,"recall":0.8974358974,"precision":0.2258064516,"roc_auc":0.8843785941}}
{"params":{"max_depth":5},"train":{"accuracy":0.7722238851,"f1":0.430815258,"recall":0.9201277955,"precision":0.28125,"roc_auc":0.899655927},"test":{"accuracy":0.7559808612,"f1":0.3855421687,"recall":0.8205128205,"precision":0.2519685039,"roc_auc":0.8846492118}}
{"params":{"max_depth":10},"train":{"accuracy":0.8724932655,"f1":0.5773809524,"recall":0.9297124601,"precision":0.418705036,"roc_auc":0.9467594253},"test":{"accuracy":0.8421052632,"f1":0.4677419355,"recall":0.7435897436,"precision":0.3411764706,"roc_auc":0.8824842703}}
{"params":{"max_depth":10},"train":{"accuracy":0.8739898234,"f1":0.5794205794,"recall":0.9265175719,"precision":0.4215116279,"roc_auc":0.9473339355},"test":{"accuracy":0.8421052632,"f1":0.4677419355,"recall":0.7435897436,"precision":0.3411764706,"roc_auc":0.8822136527}}
{"params":{"max_depth":3},"train":{"accuracy":0.7138581263,"f1":0.3792207792,"recall":0.9329073482,"precision":0.2379788101,"roc_auc":0.8777580706},"test":{"accuracy":0.7033492823,"f1":0.3608247423,"recall":0.8974358974,"precision":0.2258064516,"roc_auc":0.8926662607}}
{"params":{"max_depth":5},"train":{"accuracy":0.7755163125,"f1":0.4369369369,"recall":0.9297124601,"precision":0.2855740922,"roc_auc":0.9001381146},"test":{"accuracy":0.7511961722,"f1":0.3734939759,"recall":0.7948717949,"precision":0.2440944882,"roc_auc":0.8860361275}}
{"params":{"max_depth":10},"train":{"accuracy":0.8751870697,"f1":0.5825825826,"recall":0.9297124601,"precision":0.4241982507,"roc_auc":0.9482413343},"test":{"accuracy":0.8397129187,"f1":0.4724409449,"recall":0.7692307692,"precision":0.3409090909,"roc_auc":0.8837697044}}
{"params":{"max_depth":3},"train":{"accuracy":0.7135588147,"f1":0.3789746918,"recall":0.9329073482,"precision":0.2377850163,"roc_auc":0.8779606527},"test":{"accuracy":0.7033492823,"f1":0.3608247423,"recall":0.8974358974,"precision":0.2258064516,"roc_auc":0.8907042825}}
{"params":{"max_depth":5},"train":{"accuracy":0.7749176893,"f1":0.4362818591,"recall":0.9297124601,"precision":0.2850146915,"roc_auc":0.8998532335},"test":{"accuracy":0.7464114833,"f1":0.369047619,"recall":0.7948717949,"precision":0.2403100775,"roc_auc":0.8853934105}}
{"params":{"max_depth":10},"train":{"accuracy":0.8715953307,"f1":0.5731343284,"recall":0.9201277955,"precision":0.4161849711,"roc_auc":0.948458688},"test":{"accuracy":0.8373205742,"f1":0.4603174603,"recall":0.7435897436,"precision":0.3333333333,"roc_auc":0.8853934105}}
