{"params":{"max_depth":3,"n_estimators":25},"train":{"accuracy":0.8378467635,"f1":0.8578459757,"recall":0.9785336856,"precision":0.7636597938,"roc_auc":0.8899982266},"test":{"accuracy":0.7200956938,"f1":0.3743315508,"recall":0.8974358974,"precision":0.2364864865,"roc_auc":0.8673973344}}
{"params":{"max_depth":5,"n_estimators":25},"train":{"accuracy":0.876651255,"f1":0.8878546765,"recall":0.9765521797,"precision":0.8139278833,"roc_auc":0.9216974683},"test":{"accuracy":0.7655502392,"f1":0.3875,"recall":0.7948717949,"precision":0.2561983471,"roc_auc":0.8713212908}}
{"params":{"max_depth":3,"n_estimators":50},"train":{"accuracy":0.8375165125,"f1":0.8575564563,"recall":0.9782034346,"precision":0.7634020619,"roc_auc":0.8917989016},"test":{"accuracy":0.7177033493,"f1":0.3723404255,"recall":0.8974358974,"precision":0.2348993289,"roc_auc":0.8664501725}}
{"params":{"max_depth":3,"n_estimators":100},"train":{"accuracy":0.8373513871,"f1":0.8574735928,"recall":0.9785336856,"precision":0.7630697914,"roc_auc":0.8938768761},"test":{"accuracy":0.7177033493,"f1":0.3723404255,"recall":0.8974358974,"precision":0.2348993289,"roc_auc":0.8683444963}}
{"params":{"max_depth":10,"n_estimators":25},"train":{"accuracy":0.929656539,"f1":0.9334582943,"recall":0.9867899604,"precision":0.8855957321,"roc_auc":0.9732407809},"test":{"accuracy":0.8253588517,"f1":0.4592592593,"recall":0.7948717949,"precision":0.3229166667,"roc_auc":0.8767674718}}
{"params":{"max_depth":5,"n_estimators":50},"train":{"accuracy":0.876651255,"f1":0.8881903907,"recall":0.9798546896,"precision":0.8122091432,"roc_auc":0.9219438477},"test":{"accuracy":0.7631578947,"f1":0.3850931677,"recall":0.7948717949,"precision":0.2540983607,"roc_auc":0.8723361072}}
{"params":{"max_depth":5,"n_estimators":100},"train":{"accuracy":0.8738441215,"f1":0.8855259215,"recall":0.9758916777,"precision":0.8104772353,"roc_auc":0.9227289028},"test":{"accuracy":0.7607655502,"f1":0.3827160494,"recall":0.7948717949,"precision":0.2520325203,"roc_auc":0.8740951221}}
{"params":{"max_depth":10,"n_estimators":50},"train":{"accuracy":0.9314729194,"f1":0.9351258402,"recall":0.9877807133,"precision":0.8878005343,"roc_auc":0.9732478702},"test":{"accuracy":0.8301435407,"f1":0.4661654135,"recall":0.7948717949,"precision":0.329787234,"roc_auc":0.8773087071}}
{"params":{"max_depth":3,"n_estimators":250},"train":{"accuracy":0.8371862616,"f1":0.8573082489,"recall":0.9782034346,"precision":0.7630087584,"roc_auc":0.8942280132},"test":{"accuracy":0.7177033493,"f1":0.3723404255,"recall":0.8974358974,"precision":0.2348993289,"roc_auc":0.8674649888}}
{"params":{"max_depth":10,"n_estimators":100},"train":{"accuracy":0.9314729194,"f1":0.9351258402,"recall":0.9877807133,"precision":0.8878005343,"roc_auc":0.9758867697},"test":{"accuracy":0.8277511962,"f1":0.4626865672,"recall":0.7948717949,"precision":0.3263157895,"roc_auc":0.8796427847}}
{"params":{"max_depth":5,"n_estimators":250},"train":{"accuracy":0.875,"f1":0.8868967578,"recall":0.9801849406,"precision":0.8098226467,"roc_auc":0.9243670698},"test":{"accuracy":0.7607655502,"f1":0.3827160494,"recall":0.7948717949,"precision":0.2520325203,"roc_auc":0.8765306813}}
{"params":{"max_depth":3,"n_estimators":500},"train":{"accuracy":0.8368560106,"f1":0.8570601852,"recall":0.9782034346,"precision":0.7626158599,"roc_auc":0.8955111714},"test":{"accuracy":0.7177033493,"f1":0.3723404255,"recall":0.8974358974,"precision":0.2348993289,"roc_auc":0.8798795751}}
{"params":{"max_depth":10,"n_estimators":250},"train":{"accuracy":0.9313077939,"f1":0.9349390053,"recall":0.9871202114,"precision":0.8879976233,"roc_auc":0.9761359849},"test":{"accuracy":0.8277511962,"f1":0.4545454545,"recall":0.7692307692,"precision":0.3225806452,"roc_auc":0.8790338949}}
{"params":{"max_depth":5,"n_estimators":500},"train":{"accuracy":0.8745046235,"f1":0.8864315601,"recall":0.9795244386,"precision":0.8094978166,"roc_auc":0.9240816994},"test":{"accuracy":0.7607655502,"f1":0.3827160494,"recall":0.7948717949,"precision":0.2520325203,"roc_auc":0.8770719166}}
{"params":{"max_depth":10,"n_estimators":500},"train":{"accuracy":0.9313077939,"f1":0.9349390053,"recall":0.9871202114,"precision":0.8879976233,"roc_auc":0.9769957499},"test":{"accuracy":0.8325358852,"f1":0.4615384615,"recall":0.7692307692,"precision":0.3296703297,"roc_auc":0.8775454976}}
