{"params":{"max_depth":3},"train":{"accuracy":0.7114636336,"f1":0.3772609819,"recall":0.9329073482,"precision":0.236437247,"roc_auc":0.874784229},"test":{"accuracy":0.7033492823,"f1":0.3608247423,"recall":0.8974358974,"precision":0.2258064516,"roc_auc":0.8821459982}}
{"params":{"max_depth":5},"train":{"accuracy":0.7662376534,"f1":0.4244657332,"recall":0.9201277955,"precision":0.275862069,"roc_auc":0.8993726286},"test":{"accuracy":0.7416267943,"f1":0.3720930233,"recall":0.8205128205,"precision":0.2406015038,"roc_auc":0.8780529058}}
{"params":{"max_depth":5},"train":{"accuracy":0.7704280156,"f1":0.4254681648,"recall":0.9073482428,"precision":0.2778864971,"roc_auc":0.9000832486},"test":{"accuracy":0.7464114833,"f1":0.369047619,"recall":0.7948717949,"precision":0.2403100775,"roc_auc":0.8838373588}}
{"params":{"max_depth":3},"train":{"accuracy":0.7114636336,"f1":0.3772609819,"recall":0.9329073482,"precision":0.236437247,"roc_auc":0.8757417458},"test":{"accuracy":0.7009569378,"f1":0.358974359,"recall":0.8974358974,"precision":0.2243589744,"roc_auc":0.8800487112}}
{"params":{"max_depth":10},"train":{"accuracy":0.8674049686,"f1":0.567804878,"recall":0.9297124601,"precision":0.4087078652,"roc_auc":0.9470311175},"test":{"accuracy":0.8301435407,"f1":0.4496124031,"recall":0.7435897436,"precision":0.3222222222,"roc_auc":0.8792030309}}
{"params":{"max_depth":3},"train":{"accuracy":0.7114636336,"f1":0.3780645161,"recall":0.9361022364,"precision":0.2368633791,"roc_auc":0.8778852119},"test":{"accuracy":0.7033492823,"f1":0.3608247423,"recall":0.8974358974,"precision":0.2258064516,"roc_auc":0.8863405724}}
{"params":{"max_depth":5},"train":{"accuracy":0.7722238851,"f1":0.431665422,"recall":0.9233226837,"precision":0.2816764133,"roc_auc":0.8998484855},"test":{"accuracy":0.7464114833,"f1":0.369047619,"recall":0.7948717949,"precision":0.2403100775,"roc_auc":0.8822813071}}
{"params":{"max_depth":10},"train":{"accuracy":0.8662077222,"f1":0.5630498534,"recall":0.9201277955,"precision":0.4056338028,"roc_auc":0.9478008238},"test":{"accuracy":0.8253588517,"f1":0.4511278195,"recall":0.7692307692,"precision":0.3191489362,"roc_auc":0.8861376091}}
{"params":{"max_depth":3},"train":{"accuracy":0.7111643221,"f1":0.3778207608,"recall":0.9361022364,"precision":0.2366720517,"roc_auc":0.8778910151},"test":{"accuracy":0.7033492823,"f1":0.3608247423,"recall":0.8974358974,"precision":0.2258064516,"roc_auc":0.8879981057}}
{"params":{"max_depth":10},"train":{"accuracy":0.8692008381,"f1":0.5703048181,"recall":0.9265175719,"precision":0.4119318182,"roc_auc":0.9487013645},"test":{"accuracy":0.8301435407,"f1":0.4580152672,"recall":0.7692307692,"precision":0.3260869565,"roc_auc":0.8882348962}}
{"params":{"max_depth":5},"train":{"accuracy":0.7710266387,"f1":0.4295302013,"recall":0.9201277955,"precision":0.280155642,"roc_auc":0.8995066282},"test":{"accuracy":0.7488038278,"f1":0.371257485,"recall":0.7948717949,"precision":0.2421875,"roc_auc":0.8843109397}}
{"params":{"max_depth":3},"train":{"accuracy":0.7132595031,"f1":0.3795336788,"recall":0.9361022364,"precision":0.2380178716,"roc_auc":0.8777438265},"test":{"accuracy":0.7033492823,"f1":0.3608247423,"recall":0.8974358974,"precision":0.2258064516,"roc_auc":0.8887423043}}
{"params":{"max_depth":10},"train":{"accuracy":0.8733912002,"f1":0.5782652044,"recall":0.9265175719,"precision":0.4202898551,"roc_auc":0.9484101527},"test":{"accuracy":0.8397129187,"f1":0.4724409449,"recall":0.7692307692,"precision":0.3409090909,"roc_auc":0.8885055138}}
{"params":{"max_depth":5},"train":{"accuracy":0.7719245735,"f1":0.4321907601,"recall":0.9265175719,"precision":0.2818270165,"roc_auc":0.8996211082},"test":{"accuracy":0.7440191388,"f1":0.3668639053,"recall":0.7948717949,"precision":0.2384615385,"roc_auc":0.8840741492}}
{"params":{"max_depth":10},"train":{"accuracy":0.8745884466,"f1":0.5814185814,"recall":0.9297124601,"precision":0.4229651163,"roc_auc":0.9487013645},"test":{"accuracy":0.8444976077,"f1":0.48,"recall":0.7692307692,"precision":0.3488372093,"roc_auc":0.8881672417}}
