{"params":{"max_depth":3},"train":{"accuracy":0.9926686217,"f1":0.9926793558,"recall":0.9941348974,"precision":0.9912280702,"roc_auc":0.9999054016},"test":{"accuracy":0.9555555556,"f1":0.6666666667,"recall":1.0,"precision":0.5,"roc_auc":1.0}}
{"params":{"max_depth":5},"train":{"accuracy":0.9926686217,"f1":0.9926793558,"recall":0.9941348974,"precision":0.9912280702,"roc_auc":0.9999312011},"test":{"accuracy":0.9555555556,"f1":0.6666666667,"recall":1.0,"precision":0.5,"roc_auc":1.0}}
{"params":{"max_depth":5},"train":{"accuracy":0.991202346,"f1":0.9912280702,"recall":0.9941348974,"precision":0.9883381924,"roc_auc":0.9999140014},"test":{"accuracy":0.9333333333,"f1":0.5714285714,"recall":1.0,"precision":0.4,"roc_auc":1.0}}
{"params":{"max_depth":3},"train":{"accuracy":0.9897360704,"f1":0.9897810219,"recall":0.9941348974,"precision":0.9854651163,"roc_auc":0.9999140014},"test":{"accuracy":0.9333333333,"f1":0.5714285714,"recall":1.0,"precision":0.4,"roc_auc":1.0}}
{"params":{"max_depth":10},"train":{"accuracy":0.9926686217,"f1":0.9926793558,"recall":0.9941348974,"precision":0.9912280702,"roc_auc":0.9999312011},"test":{"accuracy":0.9555555556,"f1":0.6666666667,"recall":1.0,"precision":0.5,"roc_auc":1.0}}
{"params":{"max_depth":10},"train":{"accuracy":0.991202346,"f1":0.9912280702,"recall":0.9941348974,"precision":0.9883381924,"roc_auc":0.9999140014},"test":{"accuracy":0.9333333333,"f1":0.5714285714,"recall":1.0,"precision":0.4,"roc_auc":1.0}}
{"params":{"max_depth":3},"train":{"accuracy":0.991202346,"f1":0.9912280702,"recall":0.9941348974,"precision":0.9883381924,"roc_auc":0.9998882019},"test":{"accuracy":0.9555555556,"f1":0.6666666667,"recall":1.0,"precision":0.5,"roc_auc":1.0}}
{"params":{"max_depth":5},"train":{"accuracy":0.991202346,"f1":0.9912280702,"recall":0.9941348974,"precision":0.9883381924,"roc_auc":0.9999140014},"test":{"accuracy":0.9555555556,"f1":0.6666666667,"recall":1.0,"precision":0.5,"roc_auc":1.0}}
{"params":{"max_depth":10},"train":{"accuracy":0.991202346,"f1":0.9912280702,"recall":0.9941348974,"precision":0.9883381924,"roc_auc":0.9999140014},"test":{"accuracy":0.9555555556,"f1":0.6666666667,"recall":1.0,"precision":0.5,"roc_auc":1.0}}
{"params":{"max_depth":3},"train":{"accuracy":0.991202346,"f1":0.9912280702,"recall":0.9941348974,"precision":0.9883381924,"roc_auc":0.9998710021},"test":{"accuracy":0.9333333333,"f1":0.5714285714,"recall":1.0,"precision":0.4,"roc_auc":1.0}}
{"params":{"max_depth":5},"train":{"accuracy":0.991202346,"f1":0.9912280702,"recall":0.9941348974,"precision":0.9883381924,"roc_auc":0.9998882019},"test":{"accuracy":0.9333333333,"f1":0.5714285714,"recall":1.0,"precision":0.4,"roc_auc":1.0}}
{"params":{"max_depth":10},"train":{"accuracy":0.991202346,"f1":0.9912280702,"recall":0.9941348974,"precision":0.9883381924,"roc_auc":0.9998882019},"test":{"accuracy":0.9333333333,"f1":0.5714285714,"recall":1.0,"precision":0.4,"roc_auc":1.0}}
{"params":{"max_depth":3},"train":{"accuracy":0.991202346,"f1":0.9912280702,"recall":0.9941348974,"precision":0.9883381924,"roc_auc":0.9998710021},"test":{"accuracy":0.9555555556,"f1":0.6666666667,"recall":1.0,"precision":0.5,"roc_auc":1.0}}
{"params":{"max_depth":5},"train":{"accuracy":0.991202346,"f1":0.9912280702,"recall":0.9941348974,"precision":0.9883381924,"roc_auc":0.9998882019},"test":{"accuracy":0.9555555556,"f1":0.6666666667,"recall":1.0,"precision":0.5,"roc_auc":1.0}}
{"params":{"max_depth":10},"train":{"accuracy":0.991202346,"f1":0.9912280702,"recall":0.9941348974,"precision":0.9883381924,"roc_auc":0.9998882019},"test":{"accuracy":0.9555555556,"f1":0.6666666667,"recall":1.0,"precision":0.5,"roc_auc":1.0}}
