{"params":{"max_depth":5},"train":{"accuracy":0.9868131868,"f1":0.9822485207,"recall":0.9764705882,"precision":0.9880952381,"roc_auc":0.9996491228},"test":{"accuracy":0.9824561404,"f1":0.9756097561,"recall":0.9523809524,"precision":1.0,"roc_auc":0.9947089947}}
{"params":{"max_depth":3},"train":{"accuracy":0.9736263736,"f1":0.9651162791,"recall":0.9764705882,"precision":0.9540229885,"roc_auc":0.9978947368},"test":{"accuracy":0.9649122807,"f1":0.9523809524,"recall":0.9523809524,"precision":0.9523809524,"roc_auc":0.9947089947}}
{"params":{"max_depth":5},"train":{"accuracy":0.989010989,"f1":0.9852507375,"recall":0.9823529412,"precision":0.9881656805,"roc_auc":0.999628483},"test":{"accuracy":0.9824561404,"f1":0.9756097561,"recall":0.9523809524,"precision":1.0,"roc_auc":0.9933862434}}
{"params":{"max_depth":3},"train":{"accuracy":0.9802197802,"f1":0.9737609329,"recall":0.9823529412,"precision":0.9653179191,"roc_auc":0.9979360165},"test":{"accuracy":0.9649122807,"f1":0.9523809524,"recall":0.9523809524,"precision":0.9523809524,"roc_auc":0.996031746}}
{"params":{"max_depth":10},"train":{"accuracy":0.9868131868,"f1":0.9822485207,"recall":0.9764705882,"precision":0.9880952381,"roc_auc":0.999752322},"test":{"accuracy":0.9824561404,"f1":0.9756097561,"recall":0.9523809524,"precision":1.0,"roc_auc":0.9947089947}}
{"params":{"max_depth":3},"train":{"accuracy":0.978021978,"f1":0.9709302326,"recall":0.9823529412,"precision":0.9597701149,"roc_auc":0.9981011352},"test":{"accuracy":0.9473684211,"f1":0.9302325581,"recall":0.9523809524,"precision":0.9090909091,"roc_auc":0.9947089947}}
{"params":{"max_depth":5},"train":{"accuracy":0.989010989,"f1":0.9853372434,"recall":0.9882352941,"precision":0.9824561404,"roc_auc":0.999752322},"test":{"accuracy":0.9824561404,"f1":0.9756097561,"recall":0.9523809524,"precision":1.0,"roc_auc":0.996031746}}
{"params":{"max_depth":10},"train":{"accuracy":0.989010989,"f1":0.9852507375,"recall":0.9823529412,"precision":0.9881656805,"roc_auc":0.9997936017},"test":{"accuracy":0.9824561404,"f1":0.9756097561,"recall":0.9523809524,"precision":1.0,"roc_auc":0.9933862434}}
{"params":{"max_depth":10},"train":{"accuracy":0.9912087912,"f1":0.9882352941,"recall":0.9882352941,"precision":0.9882352941,"roc_auc":0.9998142415},"test":{"accuracy":0.9824561404,"f1":0.9756097561,"recall":0.9523809524,"precision":1.0,"roc_auc":0.9947089947}}
{"params":{"max_depth":3},"train":{"accuracy":0.978021978,"f1":0.9709302326,"recall":0.9823529412,"precision":0.9597701149,"roc_auc":0.9980804954},"test":{"accuracy":0.9473684211,"f1":0.9302325581,"recall":0.9523809524,"precision":0.9090909091,"roc_auc":0.9947089947}}
{"params":{"max_depth":5},"train":{"accuracy":0.989010989,"f1":0.9853372434,"recall":0.9882352941,"precision":0.9824561404,"roc_auc":0.999752322},"test":{"accuracy":0.9824561404,"f1":0.9756097561,"recall":0.9523809524,"precision":1.0,"roc_auc":0.9947089947}}
{"params":{"max_depth":10},"train":{"accuracy":0.9912087912,"f1":0.9882352941,"recall":0.9882352941,"precision":0.9882352941,"roc_auc":0.9998555212},"test":{"accuracy":0.9824561404,"f1":0.9756097561,"recall":0.9523809524,"precision":1.0,"roc_auc":0.9947089947}}
{"params":{"max_depth":3},"train":{"accuracy":0.978021978,"f1":0.9709302326,"recall":0.9823529412,"precision":0.9597701149,"roc_auc":0.9981424149},"test":{"accuracy":0.9473684211,"f1":0.9302325581,"recall":0.9523809524,"precision":0.9090909091,"roc_auc":0.9947089947}}
{"params":{"max_depth":5},"train":{"accuracy":0.989010989,"f1":0.9853372434,"recall":0.9882352941,"precision":0.9824561404,"roc_auc":0.999752322},"test":{"accuracy":0.9824561404,"f1":0.9756097561,"recall":0.9523809524,"precision":1.0,"roc_auc":0.9947089947}}
{"params":{"max_depth":10},"train":{"accuracy":0.9934065934,"f1":0.9911504425,"recall":0.9882352941,"precision":0.9940828402,"roc_auc":0.9998555212},"test":{"accuracy":0.9824561404,"f1":0.9756097561,"recall":0.9523809524,"precision":1.0,"roc_auc":0.9947089947}}
