{"params":{"max_depth":3,"n_estimators":25},"train":{"accuracy":0.9578947368,"f1":0.958041958,"recall":0.9614035088,"precision":0.9547038328,"roc_auc":0.9961095722},"test":{"accuracy":0.9473684211,"f1":0.9302325581,"recall":0.9523809524,"precision":0.9090909091,"roc_auc":0.9867724868}}
{"params":{"max_depth":5,"n_estimators":25},"train":{"accuracy":0.9859649123,"f1":0.986013986,"recall":0.9894736842,"precision":0.9825783972,"roc_auc":0.9994336719},"test":{"accuracy":0.9298245614,"f1":0.9047619048,"recall":0.9047619048,"precision":0.9047619048,"roc_auc":0.9775132275}}
{"params":{"max_depth":3,"n_estimators":50},"train":{"accuracy":0.9561403509,"f1":0.9563699825,"recall":0.9614035088,"precision":0.9513888889,"roc_auc":0.9962819329},"test":{"accuracy":0.9473684211,"f1":0.9302325581,"recall":0.9523809524,"precision":0.9090909091,"roc_auc":0.9907407407}}
{"params":{"max_depth":5,"n_estimators":50},"train":{"accuracy":0.9877192982,"f1":0.9877408056,"recall":0.9894736842,"precision":0.986013986,"roc_auc":0.9995198523},"test":{"accuracy":0.9473684211,"f1":0.9302325581,"recall":0.9523809524,"precision":0.9090909091,"roc_auc":0.9854497354}}
{"params":{"max_depth":3,"n_estimators":100},"train":{"accuracy":0.9578947368,"f1":0.958041958,"recall":0.9614035088,"precision":0.9547038328,"roc_auc":0.9959987689},"test":{"accuracy":0.9473684211,"f1":0.9302325581,"recall":0.9523809524,"precision":0.9090909091,"roc_auc":0.9907407407}}
{"params":{"max_depth":5,"n_estimators":100},"train":{"accuracy":0.9877192982,"f1":0.9877408056,"recall":0.9894736842,"precision":0.986013986,"roc_auc":0.9994829178},"test":{"accuracy":0.9473684211,"f1":0.9268292683,"recall":0.9047619048,"precision":0.95,"roc_auc":0.9867724868}}
{"params":{"max_depth":10,"n_estimators":25},"train":{"accuracy":0.9859649123,"f1":0.986013986,"recall":0.9894736842,"precision":0.9825783972,"roc_auc":0.9995444752},"test":{"accuracy":0.9298245614,"f1":0.9047619048,"recall":0.9047619048,"precision":0.9047619048,"roc_auc":0.9801587302}}
{"params":{"max_depth":10,"n_estimators":50},"train":{"accuracy":0.9894736842,"f1":0.9895104895,"recall":0.9929824561,"precision":0.9860627178,"roc_auc":0.9996060326},"test":{"accuracy":0.9473684211,"f1":0.9302325581,"recall":0.9523809524,"precision":0.9090909091,"roc_auc":0.9854497354}}
{"params":{"max_depth":10,"n_estimators":100},"train":{"accuracy":0.9877192982,"f1":0.9877408056,"recall":0.9894736842,"precision":0.986013986,"roc_auc":0.9996060326},"test":{"accuracy":0.9473684211,"f1":0.9268292683,"recall":0.9047619048,"precision":0.95,"roc_auc":0.9880952381}}
{"params":{"max_depth":3,"n_estimators":250},"train":{"accuracy":0.9578947368,"f1":0.958041958,"recall":0.9614035088,"precision":0.9547038328,"roc_auc":0.9958140966},"test":{"accuracy":0.9298245614,"f1":0.9047619048,"recall":0.9047619048,"precision":0.9047619048,"roc_auc":0.9894179894}}
{"params":{"max_depth":5,"n_estimators":250},"train":{"accuracy":0.9859649123,"f1":0.986013986,"recall":0.9894736842,"precision":0.9825783972,"roc_auc":0.9994952293},"test":{"accuracy":0.9473684211,"f1":0.9268292683,"recall":0.9047619048,"precision":0.95,"roc_auc":0.9867724868}}
{"params":{"max_depth":10,"n_estimators":250},"train":{"accuracy":0.9877192982,"f1":0.9877408056,"recall":0.9894736842,"precision":0.986013986,"roc_auc":0.9996060326},"test":{"accuracy":0.9473684211,"f1":0.9268292683,"recall":0.9047619048,"precision":0.95,"roc_auc":0.9867724868}}
{"params":{"max_depth":3,"n_estimators":500},"train":{"accuracy":0.9578947368,"f1":0.958041958,"recall":0.9614035088,"precision":0.9547038328,"roc_auc":0.9957894737},"test":{"accuracy":0.9298245614,"f1":0.9047619048,"recall":0.9047619048,"precision":0.9047619048,"roc_auc":0.9907407407}}
{"params":{"max_depth":5,"n_estimators":500},"train":{"accuracy":0.9859649123,"f1":0.986013986,"recall":0.9894736842,"precision":0.9825783972,"roc_auc":0.9994952293},"test":{"accuracy":0.9473684211,"f1":0.9268292683,"recall":0.9047619048,"precision":0.95,"roc_auc":0.9867724868}}
{"params":{"max_depth":10,"n_estimators":500},"train":{"accuracy":0.9877192982,"f1":0.9877408056,"recall":0.9894736842,"precision":0.986013986,"roc_auc":0.9996552785},"test":{"accuracy":0.9473684211,"f1":0.9268292683,"recall":0.9047619048,"precision":0.95,"roc_auc":0.9867724868}}
