{"params":{"max_depth":3},"train":{"accuracy":0.9526315789,"f1":0.9533678756,"recall":0.9684210526,"precision":0.9387755102,"roc_auc":0.9956663589},"test":{"accuracy":0.9298245614,"f1":0.9090909091,"recall":0.9523809524,"precision":0.8695652174,"roc_auc":0.9880952381}}
{"params":{"max_depth":5},"train":{"accuracy":0.9877192982,"f1":0.9877835951,"recall":0.9929824561,"precision":0.9826388889,"roc_auc":0.9997537704},"test":{"accuracy":0.9298245614,"f1":0.9047619048,"recall":0.9047619048,"precision":0.9047619048,"roc_auc":0.9841269841}}
{"params":{"max_depth":3},"train":{"accuracy":0.9596491228,"f1":0.9597197898,"recall":0.9614035088,"precision":0.958041958,"roc_auc":0.9960357033},"test":{"accuracy":0.9298245614,"f1":0.9047619048,"recall":0.9047619048,"precision":0.9047619048,"roc_auc":0.9854497354}}
{"params":{"max_depth":10},"train":{"accuracy":0.9912280702,"f1":0.9912434326,"recall":0.9929824561,"precision":0.9895104895,"roc_auc":0.9998153278},"test":{"accuracy":0.9298245614,"f1":0.9047619048,"recall":0.9047619048,"precision":0.9047619048,"roc_auc":0.9841269841}}
{"params":{"max_depth":3},"train":{"accuracy":0.9596491228,"f1":0.9598603839,"recall":0.9649122807,"precision":0.9548611111,"roc_auc":0.9959372114},"test":{"accuracy":0.9298245614,"f1":0.9047619048,"recall":0.9047619048,"precision":0.9047619048,"roc_auc":0.9867724868}}
{"params":{"max_depth":5},"train":{"accuracy":0.9894736842,"f1":0.9895104895,"recall":0.9929824561,"precision":0.9860627178,"roc_auc":0.9997783934},"test":{"accuracy":0.9298245614,"f1":0.9047619048,"recall":0.9047619048,"precision":0.9047619048,"roc_auc":0.9828042328}}
{"params":{"max_depth":5},"train":{"accuracy":0.9894736842,"f1":0.9895104895,"recall":0.9929824561,"precision":0.9860627178,"roc_auc":0.9997907048},"test":{"accuracy":0.9473684211,"f1":0.9268292683,"recall":0.9047619048,"precision":0.95,"roc_auc":0.9867724868}}
{"params":{"max_depth":10},"train":{"accuracy":0.9929824561,"f1":0.9929824561,"recall":0.9929824561,"precision":0.9929824561,"roc_auc":0.9998891967},"test":{"accuracy":0.9298245614,"f1":0.9047619048,"recall":0.9047619048,"precision":0.9047619048,"roc_auc":0.9828042328}}
{"params":{"max_depth":10},"train":{"accuracy":0.9929824561,"f1":0.9929824561,"recall":0.9929824561,"precision":0.9929824561,"roc_auc":0.9998768852},"test":{"accuracy":0.9473684211,"f1":0.9268292683,"recall":0.9047619048,"precision":0.95,"roc_auc":0.9880952381}}
{"params":{"max_depth":3},"train":{"accuracy":0.9561403509,"f1":0.9563699825,"recall":0.9614035088,"precision":0.9513888889,"roc_auc":0.9961095722},"test":{"accuracy":0.9298245614,"f1":0.9047619048,"recall":0.9047619048,"precision":0.9047619048,"roc_auc":0.9894179894}}
{"params":{"max_depth":5},"train":{"accuracy":0.9894736842,"f1":0.9895104895,"recall":0.9929824561,"precision":0.9860627178,"roc_auc":0.9997660819},"test":{"accuracy":0.9473684211,"f1":0.9268292683,"recall":0.9047619048,"precision":0.95,"roc_auc":0.9880952381}}
{"params":{"max_depth":10},"train":{"accuracy":0.9894736842,"f1":0.9895104895,"recall":0.9929824561,"precision":0.9860627178,"roc_auc":0.9998522622},"test":{"accuracy":0.9473684211,"f1":0.9268292683,"recall":0.9047619048,"precision":0.95,"roc_auc":0.9880952381}}
{"params":{"max_depth":3},"train":{"accuracy":0.9578947368,"f1":0.958041958,"recall":0.9614035088,"precision":0.9547038328,"roc_auc":0.9962573099},"test":{"accuracy":0.9298245614,"f1":0.9047619048,"recall":0.9047619048,"precision":0.9047619048,"roc_auc":0.9920634921}}
{"params":{"max_depth":5},"train":{"accuracy":0.9894736842,"f1":0.9895104895,"recall":0.9929824561,"precision":0.9860627178,"roc_auc":0.9997414589},"test":{"accuracy":0.9473684211,"f1":0.9268292683,"recall":0.9047619048,"precision":0.95,"roc_auc":0.9880952381}}
{"params":{"max_depth":10},"train":{"accuracy":0.9894736842,"f1":0.9895104895,"recall":0.9929824561,"precision":0.9860627178,"roc_auc":0.9998645737},"test":{"accuracy":0.9473684211,"f1":0.9268292683,"recall":0.9047619048,"precision":0.95,"roc_auc":0.9894179894}}
