{"params":{"max_depth":5,"n_estimators":25},"train":{"accuracy":0.9859649123,"f1":0.986013986,"recall":0.9894736842,"precision":0.9825783972,"roc_auc":0.9995814097},"test":{"accuracy":0.9473684211,"f1":0.9268292683,"recall":0.9047619048,"precision":0.95,"roc_auc":0.9933862434}}
{"params":{"max_depth":3,"n_estimators":50},"train":{"accuracy":0.9649122807,"f1":0.9649122807,"recall":0.9649122807,"precision":0.9649122807,"roc_auc":0.9959987689},"test":{"accuracy":0.9473684211,"f1":0.9302325581,"recall":0.9523809524,"precision":0.9090909091,"roc_auc":0.9920634921}}
{"params":{"max_depth":5,"n_estimators":50},"train":{"accuracy":0.9877192982,"f1":0.9877835951,"recall":0.9929824561,"precision":0.9826388889,"roc_auc":0.9996552785},"test":{"accuracy":0.9649122807,"f1":0.9523809524,"recall":0.9523809524,"precision":0.9523809524,"roc_auc":0.9933862434}}
{"params":{"max_depth":3,"n_estimators":100},"train":{"accuracy":0.9614035088,"f1":0.9614035088,"recall":0.9614035088,"precision":0.9614035088,"roc_auc":0.9958510311},"test":{"accuracy":0.9473684211,"f1":0.9302325581,"recall":0.9523809524,"precision":0.9090909091,"roc_auc":0.9920634921}}
{"params":{"max_depth":10,"n_estimators":25},"train":{"accuracy":0.9859649123,"f1":0.986013986,"recall":0.9894736842,"precision":0.9825783972,"roc_auc":0.9996306556},"test":{"accuracy":0.9473684211,"f1":0.9268292683,"recall":0.9047619048,"precision":0.95,"roc_auc":0.9933862434}}
{"params":{"max_depth":10,"n_estimators":50},"train":{"accuracy":0.9912280702,"f1":0.9912434326,"recall":0.9929824561,"precision":0.9895104895,"roc_auc":0.9997414589},"test":{"accuracy":0.9649122807,"f1":0.9523809524,"recall":0.9523809524,"precision":0.9523809524,"roc_auc":0.9947089947}}
{"params":{"max_depth":3,"n_estimators":25},"train":{"accuracy":0.9631578947,"f1":0.9632224168,"recall":0.9649122807,"precision":0.9615384615,"roc_auc":0.9952169898},"test":{"accuracy":0.9298245614,"f1":0.9047619048,"recall":0.9047619048,"precision":0.9047619048,"roc_auc":0.9894179894}}
{"params":{"max_depth":10,"n_estimators":100},"train":{"accuracy":0.9894736842,"f1":0.9895104895,"recall":0.9929824561,"precision":0.9860627178,"roc_auc":0.9997414589},"test":{"accuracy":0.9649122807,"f1":0.9523809524,"recall":0.9523809524,"precision":0.9523809524,"roc_auc":0.9907407407}}
{"params":{"max_depth":5,"n_estimators":100},"train":{"accuracy":0.9894736842,"f1":0.9895104895,"recall":0.9929824561,"precision":0.9860627178,"roc_auc":0.9996799015},"test":{"accuracy":0.9649122807,"f1":0.9523809524,"recall":0.9523809524,"precision":0.9523809524,"roc_auc":0.9920634921}}
{"params":{"max_depth":3,"n_estimators":250},"train":{"accuracy":0.9596491228,"f1":0.9597197898,"recall":0.9614035088,"precision":0.958041958,"roc_auc":0.9958879655},"test":{"accuracy":0.9473684211,"f1":0.9302325581,"recall":0.9523809524,"precision":0.9090909091,"roc_auc":0.9920634921}}
{"params":{"max_depth":5,"n_estimators":250},"train":{"accuracy":0.9859649123,"f1":0.986013986,"recall":0.9894736842,"precision":0.9825783972,"roc_auc":0.9995937211},"test":{"accuracy":0.9473684211,"f1":0.9268292683,"recall":0.9047619048,"precision":0.95,"roc_auc":0.9894179894}}
{"params":{"max_depth":10,"n_estimators":250},"train":{"accuracy":0.9877192982,"f1":0.9877408056,"recall":0.9894736842,"precision":0.986013986,"roc_auc":0.9997414589},"test":{"accuracy":0.9473684211,"f1":0.9268292683,"recall":0.9047619048,"precision":0.95,"roc_auc":0.9894179894}}
{"params":{"max_depth":3,"n_estimators":500},"train":{"accuracy":0.9596491228,"f1":0.9597197898,"recall":0.9614035088,"precision":0.958041958,"roc_auc":0.9960233918},"test":{"accuracy":0.9298245614,"f1":0.9047619048,"recall":0.9047619048,"precision":0.9047619048,"roc_auc":0.9920634921}}
{"params":{"max_depth":5,"n_estimators":500},"train":{"accuracy":0.9859649123,"f1":0.986013986,"recall":0.9894736842,"precision":0.9825783972,"roc_auc":0.9995814097},"test":{"accuracy":0.9298245614,"f1":0.9047619048,"recall":0.9047619048,"precision":0.9047619048,"roc_auc":0.9907407407}}
{"params":{"max_depth":10,"n_estimators":500},"train":{"accuracy":0.9859649123,"f1":0.986013986,"recall":0.9894736842,"precision":0.9825783972,"roc_auc":0.999692213},"test":{"accuracy":0.9473684211,"f1":0.9268292683,"recall":0.9047619048,"precision":0.95,"roc_auc":0.9894179894}}
