{"params":{"max_depth":3},"train":{"accuracy":0.978021978,"f1":0.9707602339,"recall":0.9764705882,"precision":0.9651162791,"roc_auc":0.9987409701},"test":{"accuracy":0.9473684211,"f1":0.9268292683,"recall":0.9047619048,"precision":0.95,"roc_auc":0.9907407407}}
{"params":{"max_depth":5},"train":{"accuracy":0.9868131868,"f1":0.9824561404,"recall":0.9882352941,"precision":0.976744186,"roc_auc":0.9997316821},"test":{"accuracy":0.9649122807,"f1":0.95,"recall":0.9047619048,"precision":1.0,"roc_auc":0.9894179894}}
{"params":{"max_depth":3},"train":{"accuracy":0.9802197802,"f1":0.9737609329,"recall":0.9823529412,"precision":0.9653179191,"roc_auc":0.9984107327},"test":{"accuracy":0.9824561404,"f1":0.9756097561,"recall":0.9523809524,"precision":1.0,"roc_auc":0.9947089947}}
{"params":{"max_depth":5},"train":{"accuracy":0.9868131868,"f1":0.9823529412,"recall":0.9823529412,"precision":0.9823529412,"roc_auc":0.9997110423},"test":{"accuracy":0.9649122807,"f1":0.95,"recall":0.9047619048,"precision":1.0,"roc_auc":0.9933862434}}
{"params":{"max_depth":10},"train":{"accuracy":0.9912087912,"f1":0.9883040936,"recall":0.9941176471,"precision":0.9825581395,"roc_auc":0.9999174407},"test":{"accuracy":0.9649122807,"f1":0.95,"recall":0.9047619048,"precision":1.0,"roc_auc":0.9880952381}}
{"params":{"max_depth":3},"train":{"accuracy":0.9758241758,"f1":0.9679300292,"recall":0.9764705882,"precision":0.9595375723,"roc_auc":0.9980392157},"test":{"accuracy":0.9473684211,"f1":0.9302325581,"recall":0.9523809524,"precision":0.9090909091,"roc_auc":0.9947089947}}
{"params":{"max_depth":10},"train":{"accuracy":0.989010989,"f1":0.9852507375,"recall":0.9823529412,"precision":0.9881656805,"roc_auc":0.9997936017},"test":{"accuracy":0.9649122807,"f1":0.95,"recall":0.9047619048,"precision":1.0,"roc_auc":0.996031746}}
{"params":{"max_depth":5},"train":{"accuracy":0.9868131868,"f1":0.9823529412,"recall":0.9823529412,"precision":0.9823529412,"roc_auc":0.9996491228},"test":{"accuracy":0.9824561404,"f1":0.9756097561,"recall":0.9523809524,"precision":1.0,"roc_auc":0.9947089947}}
{"params":{"max_depth":10},"train":{"accuracy":0.989010989,"f1":0.9852507375,"recall":0.9823529412,"precision":0.9881656805,"roc_auc":0.9998142415},"test":{"accuracy":0.9649122807,"f1":0.95,"recall":0.9047619048,"precision":1.0,"roc_auc":0.996031746}}
{"params":{"max_depth":3},"train":{"accuracy":0.978021978,"f1":0.9709302326,"recall":0.9823529412,"precision":0.9597701149,"roc_auc":0.9980804954},"test":{"accuracy":0.9473684211,"f1":0.9302325581,"recall":0.9523809524,"precision":0.9090909091,"roc_auc":0.996031746}}
{"params":{"max_depth":5},"train":{"accuracy":0.9868131868,"f1":0.9823529412,"recall":0.9823529412,"precision":0.9823529412,"roc_auc":0.9996697626},"test":{"accuracy":0.9649122807,"f1":0.95,"recall":0.9047619048,"precision":1.0,"roc_auc":0.996031746}}
{"params":{"max_depth":10},"train":{"accuracy":0.989010989,"f1":0.9852507375,"recall":0.9823529412,"precision":0.9881656805,"roc_auc":0.9998142415},"test":{"accuracy":0.9649122807,"f1":0.95,"recall":0.9047619048,"precision":1.0,"roc_auc":0.996031746}}
{"params":{"max_depth":3},"train":{"accuracy":0.978021978,"f1":0.9709302326,"recall":0.9823529412,"precision":0.9597701149,"roc_auc":0.9978947368},"test":{"accuracy":0.9473684211,"f1":0.9302325581,"recall":0.9523809524,"precision":0.9090909091,"roc_auc":0.9947089947}}
{"params":{"max_depth":5},"train":{"accuracy":0.9868131868,"f1":0.9823529412,"recall":0.9823529412,"precision":0.9823529412,"roc_auc":0.9996697626},"test":{"accuracy":0.9649122807,"f1":0.95,"recall":0.9047619048,"precision":1.0,"roc_auc":0.996031746}}
{"params":{"max_depth":10},"train":{"accuracy":0.989010989,"f1":0.9852507375,"recall":0.9823529412,"precision":0.9881656805,"roc_auc":0.9998142415},"test":{"accuracy":0.9649122807,"f1":0.95,"recall":0.9047619048,"precision":1.0,"roc_auc":0.996031746}}
