{"params":{"max_depth":3},"train":{"accuracy":0.9526315789,"f1":0.9530434783,"recall":0.9614035088,"precision":0.9448275862,"roc_auc":0.9957771622},"test":{"accuracy":0.9473684211,"f1":0.9302325581,"recall":0.9523809524,"precision":0.9090909091,"roc_auc":0.9907407407}}
{"params":{"max_depth":5},"train":{"accuracy":0.9894736842,"f1":0.9894736842,"recall":0.9894736842,"precision":0.9894736842,"roc_auc":0.999692213},"test":{"accuracy":0.9298245614,"f1":0.9047619048,"recall":0.9047619048,"precision":0.9047619048,"roc_auc":0.9867724868}}
{"params":{"max_depth":3},"train":{"accuracy":0.9614035088,"f1":0.9616724739,"recall":0.9684210526,"precision":0.955017301,"roc_auc":0.9961957525},"test":{"accuracy":0.9473684211,"f1":0.9302325581,"recall":0.9523809524,"precision":0.9090909091,"roc_auc":0.9894179894}}
{"params":{"max_depth":5},"train":{"accuracy":0.9912280702,"f1":0.9912434326,"recall":0.9929824561,"precision":0.9895104895,"roc_auc":0.9998153278},"test":{"accuracy":0.9298245614,"f1":0.9090909091,"recall":0.9523809524,"precision":0.8695652174,"roc_auc":0.9894179894}}
{"params":{"max_depth":10},"train":{"accuracy":0.9894736842,"f1":0.9894736842,"recall":0.9894736842,"precision":0.9894736842,"roc_auc":0.9997907048},"test":{"accuracy":0.9298245614,"f1":0.9047619048,"recall":0.9047619048,"precision":0.9047619048,"roc_auc":0.9867724868}}
{"params":{"max_depth":3},"train":{"accuracy":0.9649122807,"f1":0.9649122807,"recall":0.9649122807,"precision":0.9649122807,"roc_auc":0.9962819329},"test":{"accuracy":0.9473684211,"f1":0.9302325581,"recall":0.9523809524,"precision":0.9090909091,"roc_auc":0.9933862434}}
{"params":{"max_depth":10},"train":{"accuracy":0.9929824561,"f1":0.9929824561,"recall":0.9929824561,"precision":0.9929824561,"roc_auc":0.9998522622},"test":{"accuracy":0.9298245614,"f1":0.9047619048,"recall":0.9047619048,"precision":0.9047619048,"roc_auc":0.9894179894}}
{"params":{"max_depth":5},"train":{"accuracy":0.9894736842,"f1":0.9895104895,"recall":0.9929824561,"precision":0.9860627178,"roc_auc":0.9997414589},"test":{"accuracy":0.9473684211,"f1":0.9302325581,"recall":0.9523809524,"precision":0.9090909091,"roc_auc":0.9933862434}}
{"params":{"max_depth":10},"train":{"accuracy":0.9929824561,"f1":0.9929824561,"recall":0.9929824561,"precision":0.9929824561,"roc_auc":0.9998399508},"test":{"accuracy":0.9473684211,"f1":0.9302325581,"recall":0.9523809524,"precision":0.9090909091,"roc_auc":0.9933862434}}
{"params":{"max_depth":3},"train":{"accuracy":0.9631578947,"f1":0.9632224168,"recall":0.9649122807,"precision":0.9615384615,"roc_auc":0.9960233918},"test":{"accuracy":0.9298245614,"f1":0.9047619048,"recall":0.9047619048,"precision":0.9047619048,"roc_auc":0.9920634921}}
{"params":{"max_depth":5},"train":{"accuracy":0.9894736842,"f1":0.9895104895,"recall":0.9929824561,"precision":0.9860627178,"roc_auc":0.9997168359},"test":{"accuracy":0.9473684211,"f1":0.9268292683,"recall":0.9047619048,"precision":0.95,"roc_auc":0.9880952381}}
{"params":{"max_depth":3},"train":{"accuracy":0.9578947368,"f1":0.958041958,"recall":0.9614035088,"precision":0.9547038328,"roc_auc":0.9960603263},"test":{"accuracy":0.9298245614,"f1":0.9047619048,"recall":0.9047619048,"precision":0.9047619048,"roc_auc":0.9920634921}}
{"params":{"max_depth":10},"train":{"accuracy":0.9894736842,"f1":0.9895104895,"recall":0.9929824561,"precision":0.9860627178,"roc_auc":0.9998153278},"test":{"accuracy":0.9473684211,"f1":0.9268292683,"recall":0.9047619048,"precision":0.95,"roc_auc":0.9894179894}}
{"params":{"max_depth":5},"train":{"accuracy":0.9894736842,"f1":0.9895104895,"recall":0.9929824561,"precision":0.9860627178,"roc_auc":0.9997045245},"test":{"accuracy":0.9473684211,"f1":0.9268292683,"recall":0.9047619048,"precision":0.95,"roc_auc":0.9880952381}}
{"params":{"max_depth":10},"train":{"accuracy":0.9894736842,"f1":0.9895104895,"recall":0.9929824561,"precision":0.9860627178,"roc_auc":0.9998153278},"test":{"accuracy":0.9473684211,"f1":0.9268292683,"recall":0.9047619048,"precision":0.95,"roc_auc":0.9880952381}}
