{"params":{"max_depth":3},"train":{"accuracy":0.9736263736,"f1":0.9653179191,"recall":0.9823529412,"precision":0.9488636364,"roc_auc":0.9974200206},"test":{"accuracy":0.9473684211,"f1":0.9302325581,"recall":0.9523809524,"precision":0.9090909091,"roc_auc":0.9933862434}}
{"params":{"max_depth":5},"train":{"accuracy":0.9824175824,"f1":0.9766081871,"recall":0.9823529412,"precision":0.9709302326,"roc_auc":0.9994220846},"test":{"accuracy":0.9473684211,"f1":0.9268292683,"recall":0.9047619048,"precision":0.95,"roc_auc":0.996031746}}
{"params":{"max_depth":3},"train":{"accuracy":0.978021978,"f1":0.9709302326,"recall":0.9823529412,"precision":0.9597701149,"roc_auc":0.9977296182},"test":{"accuracy":0.9473684211,"f1":0.9302325581,"recall":0.9523809524,"precision":0.9090909091,"roc_auc":0.9933862434}}
{"params":{"max_depth":5},"train":{"accuracy":0.9824175824,"f1":0.9766081871,"recall":0.9823529412,"precision":0.9709302326,"roc_auc":0.9996078431},"test":{"accuracy":0.9649122807,"f1":0.95,"recall":0.9047619048,"precision":1.0,"roc_auc":0.9947089947}}
{"params":{"max_depth":10},"train":{"accuracy":0.9868131868,"f1":0.9823529412,"recall":0.9823529412,"precision":0.9823529412,"roc_auc":0.9995252838},"test":{"accuracy":0.9473684211,"f1":0.9268292683,"recall":0.9047619048,"precision":0.95,"roc_auc":0.996031746}}
{"params":{"max_depth":3},"train":{"accuracy":0.9758241758,"f1":0.968115942,"recall":0.9823529412,"precision":0.9542857143,"roc_auc":0.9978534572},"test":{"accuracy":0.9649122807,"f1":0.9523809524,"recall":0.9523809524,"precision":0.9523809524,"roc_auc":0.996031746}}
{"params":{"max_depth":5},"train":{"accuracy":0.9868131868,"f1":0.9823529412,"recall":0.9823529412,"precision":0.9823529412,"roc_auc":0.9996078431},"test":{"accuracy":0.9649122807,"f1":0.95,"recall":0.9047619048,"precision":1.0,"roc_auc":0.996031746}}
{"params":{"max_depth":10},"train":{"accuracy":0.9868131868,"f1":0.9823529412,"recall":0.9823529412,"precision":0.9823529412,"roc_auc":0.9996697626},"test":{"accuracy":0.9649122807,"f1":0.95,"recall":0.9047619048,"precision":1.0,"roc_auc":0.9947089947}}
{"params":{"max_depth":10},"train":{"accuracy":0.9868131868,"f1":0.9823529412,"recall":0.9823529412,"precision":0.9823529412,"roc_auc":0.9997316821},"test":{"accuracy":0.9649122807,"f1":0.95,"recall":0.9047619048,"precision":1.0,"roc_auc":0.996031746}}
{"params":{"max_depth":3},"train":{"accuracy":0.9758241758,"f1":0.968115942,"recall":0.9823529412,"precision":0.9542857143,"roc_auc":0.9979772962},"test":{"accuracy":0.9473684211,"f1":0.9302325581,"recall":0.9523809524,"precision":0.9090909091,"roc_auc":0.9947089947}}
{"params":{"max_depth":5},"train":{"accuracy":0.9846153846,"f1":0.9794721408,"recall":0.9823529412,"precision":0.9766081871,"roc_auc":0.9996491228},"test":{"accuracy":0.9824561404,"f1":0.9756097561,"recall":0.9523809524,"precision":1.0,"roc_auc":0.9973544974}}
{"params":{"max_depth":10},"train":{"accuracy":0.9868131868,"f1":0.9823529412,"recall":0.9823529412,"precision":0.9823529412,"roc_auc":0.9997316821},"test":{"accuracy":0.9824561404,"f1":0.9756097561,"recall":0.9523809524,"precision":1.0,"roc_auc":0.996031746}}
{"params":{"max_depth":3},"train":{"accuracy":0.9758241758,"f1":0.968115942,"recall":0.9823529412,"precision":0.9542857143,"roc_auc":0.9979566563},"test":{"accuracy":0.9473684211,"f1":0.9302325581,"recall":0.9523809524,"precision":0.9090909091,"roc_auc":0.996031746}}
{"params":{"max_depth":5},"train":{"accuracy":0.9846153846,"f1":0.9794721408,"recall":0.9823529412,"precision":0.9766081871,"roc_auc":0.9996904025},"test":{"accuracy":0.9824561404,"f1":0.9756097561,"recall":0.9523809524,"precision":1.0,"roc_auc":0.9973544974}}
{"params":{"max_depth":10},"train":{"accuracy":0.989010989,"f1":0.9852507375,"recall":0.9823529412,"precision":0.9881656805,"roc_auc":0.9998142415},"test":{"accuracy":0.9824561404,"f1":0.9756097561,"recall":0.9523809524,"precision":1.0,"roc_auc":0.9973544974}}
