{"params":{"max_depth":3,"n_estimators":25},"train":{"accuracy":0.9631578947,"f1":0.962962963,"recall":0.9578947368,"precision":0.9680851064,"roc_auc":0.9962265312},"test":{"accuracy":0.9298245614,"f1":0.9047619048,"recall":0.9047619048,"precision":0.9047619048,"roc_auc":0.9907407407}}
{"params":{"max_depth":5,"n_estimators":25},"train":{"accuracy":0.9877192982,"f1":0.9877408056,"recall":0.9894736842,"precision":0.986013986,"roc_auc":0.9994952293},"test":{"accuracy":0.9649122807,"f1":0.95,"recall":0.9047619048,"precision":1.0,"roc_auc":0.9854497354}}
{"params":{"max_depth":3,"n_estimators":50},"train":{"accuracy":0.9631578947,"f1":0.9630931459,"recall":0.9614035088,"precision":0.9647887324,"roc_auc":0.9959495229},"test":{"accuracy":0.9473684211,"f1":0.9302325581,"recall":0.9523809524,"precision":0.9090909091,"roc_auc":0.9920634921}}
{"params":{"max_depth":5,"n_estimators":50},"train":{"accuracy":0.9877192982,"f1":0.9877408056,"recall":0.9894736842,"precision":0.986013986,"roc_auc":0.9995198523},"test":{"accuracy":0.9473684211,"f1":0.9268292683,"recall":0.9047619048,"precision":0.95,"roc_auc":0.9894179894}}
{"params":{"max_depth":10,"n_estimators":25},"train":{"accuracy":0.9912280702,"f1":0.9912434326,"recall":0.9929824561,"precision":0.9895104895,"roc_auc":0.9996060326},"test":{"accuracy":0.9649122807,"f1":0.95,"recall":0.9047619048,"precision":1.0,"roc_auc":0.9867724868}}
{"params":{"max_depth":3,"n_estimators":100},"train":{"accuracy":0.9596491228,"f1":0.9597197898,"recall":0.9614035088,"precision":0.958041958,"roc_auc":0.9956048015},"test":{"accuracy":0.9473684211,"f1":0.9302325581,"recall":0.9523809524,"precision":0.9090909091,"roc_auc":0.9920634921}}
{"params":{"max_depth":5,"n_estimators":100},"train":{"accuracy":0.9877192982,"f1":0.9877408056,"recall":0.9894736842,"precision":0.986013986,"roc_auc":0.9994829178},"test":{"accuracy":0.9473684211,"f1":0.9268292683,"recall":0.9047619048,"precision":0.95,"roc_auc":0.9907407407}}
{"params":{"max_depth":10,"n_estimators":50},"train":{"accuracy":0.9877192982,"f1":0.9877408056,"recall":0.9894736842,"precision":0.986013986,"roc_auc":0.9996306556},"test":{"accuracy":0.9473684211,"f1":0.9268292683,"recall":0.9047619048,"precision":0.95,"roc_auc":0.9894179894}}
{"params":{"max_depth":10,"n_estimators":100},"train":{"accuracy":0.9877192982,"f1":0.9877408056,"recall":0.9894736842,"precision":0.986013986,"roc_auc":0.99966759},"test":{"accuracy":0.9473684211,"f1":0.9268292683,"recall":0.9047619048,"precision":0.95,"roc_auc":0.9920634921}}
{"params":{"max_depth":3,"n_estimators":250},"train":{"accuracy":0.9596491228,"f1":0.9597197898,"recall":0.9614035088,"precision":0.958041958,"roc_auc":0.9956909818},"test":{"accuracy":0.9473684211,"f1":0.9302325581,"recall":0.9523809524,"precision":0.9090909091,"roc_auc":0.9920634921}}
{"params":{"max_depth":5,"n_estimators":250},"train":{"accuracy":0.9859649123,"f1":0.986013986,"recall":0.9894736842,"precision":0.9825783972,"roc_auc":0.9995321637},"test":{"accuracy":0.9473684211,"f1":0.9268292683,"recall":0.9047619048,"precision":0.95,"roc_auc":0.9894179894}}
{"params":{"max_depth":10,"n_estimators":250},"train":{"accuracy":0.9859649123,"f1":0.986013986,"recall":0.9894736842,"precision":0.9825783972,"roc_auc":0.9996429671},"test":{"accuracy":0.9473684211,"f1":0.9268292683,"recall":0.9047619048,"precision":0.95,"roc_auc":0.9920634921}}
{"params":{"max_depth":3,"n_estimators":500},"train":{"accuracy":0.9596491228,"f1":0.9597197898,"recall":0.9614035088,"precision":0.958041958,"roc_auc":0.9957279163},"test":{"accuracy":0.9298245614,"f1":0.9047619048,"recall":0.9047619048,"precision":0.9047619048,"roc_auc":0.9920634921}}
{"params":{"max_depth":5,"n_estimators":500},"train":{"accuracy":0.9859649123,"f1":0.986013986,"recall":0.9894736842,"precision":0.9825783972,"roc_auc":0.9995321637},"test":{"accuracy":0.9473684211,"f1":0.9268292683,"recall":0.9047619048,"precision":0.95,"roc_auc":0.9894179894}}
{"params":{"max_depth":10,"n_estimators":500},"train":{"accuracy":0.9877192982,"f1":0.9877408056,"recall":0.9894736842,"precision":0.986013986,"roc_auc":0.99966759},"test":{"accuracy":0.9473684211,"f1":0.9268292683,"recall":0.9047619048,"precision":0.95,"roc_auc":0.9894179894}}
