{"params":{"max_depth":3},"train":{"accuracy":0.9736263736,"f1":0.9651162791,"recall":0.9764705882,"precision":0.9540229885,"roc_auc":0.9977296182},"test":{"accuracy":0.9649122807,"f1":0.9523809524,"recall":0.9523809524,"precision":0.9523809524,"roc_auc":0.996031746}}
{"params":{"max_depth":5},"train":{"accuracy":0.9868131868,"f1":0.9823529412,"recall":0.9823529412,"precision":0.9823529412,"roc_auc":0.9996904025},"test":{"accuracy":0.9649122807,"f1":0.95,"recall":0.9047619048,"precision":1.0,"roc_auc":0.9973544974}}
{"params":{"max_depth":3},"train":{"accuracy":0.9758241758,"f1":0.968115942,"recall":0.9823529412,"precision":0.9542857143,"roc_auc":0.9980598555},"test":{"accuracy":0.9473684211,"f1":0.9268292683,"recall":0.9047619048,"precision":0.95,"roc_auc":0.9947089947}}
{"params":{"max_depth":5},"train":{"accuracy":0.989010989,"f1":0.9853372434,"recall":0.9882352941,"precision":0.9824561404,"roc_auc":0.9996491228},"test":{"accuracy":0.9649122807,"f1":0.95,"recall":0.9047619048,"precision":1.0,"roc_auc":0.996031746}}
{"params":{"max_depth":10},"train":{"accuracy":0.989010989,"f1":0.9852507375,"recall":0.9823529412,"precision":0.9881656805,"roc_auc":0.9998142415},"test":{"accuracy":0.9824561404,"f1":0.9756097561,"recall":0.9523809524,"precision":1.0,"roc_auc":0.9986772487}}
{"params":{"max_depth":5},"train":{"accuracy":0.9868131868,"f1":0.9823529412,"recall":0.9823529412,"precision":0.9823529412,"roc_auc":0.9996078431},"test":{"accuracy":0.9649122807,"f1":0.95,"recall":0.9047619048,"precision":1.0,"roc_auc":0.996031746}}
{"params":{"max_depth":3},"train":{"accuracy":0.9758241758,"f1":0.968115942,"recall":0.9823529412,"precision":0.9542857143,"roc_auc":0.9980185759},"test":{"accuracy":0.9649122807,"f1":0.9523809524,"recall":0.9523809524,"precision":0.9523809524,"roc_auc":0.9947089947}}
{"params":{"max_depth":10},"train":{"accuracy":0.9912087912,"f1":0.9882352941,"recall":0.9882352941,"precision":0.9882352941,"roc_auc":0.999752322},"test":{"accuracy":0.9649122807,"f1":0.95,"recall":0.9047619048,"precision":1.0,"roc_auc":0.996031746}}
{"params":{"max_depth":10},"train":{"accuracy":0.9868131868,"f1":0.9823529412,"recall":0.9823529412,"precision":0.9823529412,"roc_auc":0.9997110423},"test":{"accuracy":0.9649122807,"f1":0.95,"recall":0.9047619048,"precision":1.0,"roc_auc":0.996031746}}
{"params":{"max_depth":3},"train":{"accuracy":0.9758241758,"f1":0.968115942,"recall":0.9823529412,"precision":0.9542857143,"roc_auc":0.997997936},"test":{"accuracy":0.9473684211,"f1":0.9302325581,"recall":0.9523809524,"precision":0.9090909091,"roc_auc":0.9933862434}}
{"params":{"max_depth":5},"train":{"accuracy":0.989010989,"f1":0.9853372434,"recall":0.9882352941,"precision":0.9824561404,"roc_auc":0.9995872033},"test":{"accuracy":0.9649122807,"f1":0.95,"recall":0.9047619048,"precision":1.0,"roc_auc":0.9947089947}}
{"params":{"max_depth":10},"train":{"accuracy":0.989010989,"f1":0.9853372434,"recall":0.9882352941,"precision":0.9824561404,"roc_auc":0.9997729618},"test":{"accuracy":0.9649122807,"f1":0.95,"recall":0.9047619048,"precision":1.0,"roc_auc":0.996031746}}
{"params":{"max_depth":3},"train":{"accuracy":0.978021978,"f1":0.9709302326,"recall":0.9823529412,"precision":0.9597701149,"roc_auc":0.9981630547},"test":{"accuracy":0.9473684211,"f1":0.9302325581,"recall":0.9523809524,"precision":0.9090909091,"roc_auc":0.9933862434}}
{"params":{"max_depth":10},"train":{"accuracy":0.9912087912,"f1":0.9882352941,"recall":0.9882352941,"precision":0.9882352941,"roc_auc":0.9998142415},"test":{"accuracy":0.9649122807,"f1":0.95,"recall":0.9047619048,"precision":1.0,"roc_auc":0.996031746}}
{"params":{"max_depth":5},"train":{"accuracy":0.989010989,"f1":0.9853372434,"recall":0.9882352941,"precision":0.9824561404,"roc_auc":0.9997316821},"test":{"accuracy":0.9649122807,"f1":0.95,"recall":0.9047619048,"precision":1.0,"roc_auc":0.9947089947}}
