{"params":{"max_depth":3,"n_estimators":25},"train":{"accuracy":0.9596491228,"f1":0.9597197898,"recall":0.9614035088,"precision":0.958041958,"roc_auc":0.995401662},"test":{"accuracy":0.9298245614,"f1":0.9090909091,"recall":0.9523809524,"precision":0.8695652174,"roc_auc":0.9907407407}}
{"params":{"max_depth":5,"n_estimators":50},"train":{"accuracy":0.9859649123,"f1":0.9859649123,"recall":0.9859649123,"precision":0.9859649123,"roc_auc":0.9994829178},"test":{"accuracy":0.9649122807,"f1":0.95,"recall":0.9047619048,"precision":1.0,"roc_auc":0.9907407407}}
{"params":{"max_depth":3,"n_estimators":50},"train":{"accuracy":0.9561403509,"f1":0.9563699825,"recall":0.9614035088,"precision":0.9513888889,"roc_auc":0.9961095722},"test":{"accuracy":0.9473684211,"f1":0.9302325581,"recall":0.9523809524,"precision":0.9090909091,"roc_auc":0.9920634921}}
{"params":{"max_depth":5,"n_estimators":25},"train":{"accuracy":0.9789473684,"f1":0.9787985866,"recall":0.9719298246,"precision":0.9857651246,"roc_auc":0.9995444752},"test":{"accuracy":0.9649122807,"f1":0.9523809524,"recall":0.9523809524,"precision":0.9523809524,"roc_auc":0.9894179894}}
{"params":{"max_depth":3,"n_estimators":100},"train":{"accuracy":0.9596491228,"f1":0.9597197898,"recall":0.9614035088,"precision":0.958041958,"roc_auc":0.995900277},"test":{"accuracy":0.9473684211,"f1":0.9302325581,"recall":0.9523809524,"precision":0.9090909091,"roc_auc":0.9920634921}}
{"params":{"max_depth":10,"n_estimators":25},"train":{"accuracy":0.9877192982,"f1":0.987654321,"recall":0.9824561404,"precision":0.9929078014,"roc_auc":0.9997168359},"test":{"accuracy":0.9649122807,"f1":0.95,"recall":0.9047619048,"precision":1.0,"roc_auc":0.9907407407}}
{"params":{"max_depth":10,"n_estimators":50},"train":{"accuracy":0.9894736842,"f1":0.9894736842,"recall":0.9894736842,"precision":0.9894736842,"roc_auc":0.9995937211},"test":{"accuracy":0.9649122807,"f1":0.95,"recall":0.9047619048,"precision":1.0,"roc_auc":0.9907407407}}
{"params":{"max_depth":10,"n_estimators":100},"train":{"accuracy":0.9859649123,"f1":0.9859649123,"recall":0.9859649123,"precision":0.9859649123,"roc_auc":0.99966759},"test":{"accuracy":0.9649122807,"f1":0.95,"recall":0.9047619048,"precision":1.0,"roc_auc":0.9920634921}}
{"params":{"max_depth":5,"n_estimators":100},"train":{"accuracy":0.9859649123,"f1":0.9859649123,"recall":0.9859649123,"precision":0.9859649123,"roc_auc":0.9995444752},"test":{"accuracy":0.9649122807,"f1":0.95,"recall":0.9047619048,"precision":1.0,"roc_auc":0.9920634921}}
{"params":{"max_depth":3,"n_estimators":250},"train":{"accuracy":0.9596491228,"f1":0.9597197898,"recall":0.9614035088,"precision":0.958041958,"roc_auc":0.9960726377},"test":{"accuracy":0.9298245614,"f1":0.9047619048,"recall":0.9047619048,"precision":0.9047619048,"roc_auc":0.9907407407}}
{"params":{"max_depth":5,"n_estimators":250},"train":{"accuracy":0.9877192982,"f1":0.9877408056,"recall":0.9894736842,"precision":0.986013986,"roc_auc":0.9995814097},"test":{"accuracy":0.9473684211,"f1":0.9268292683,"recall":0.9047619048,"precision":0.95,"roc_auc":0.9907407407}}
{"params":{"max_depth":10,"n_estimators":250},"train":{"accuracy":0.9877192982,"f1":0.9877408056,"recall":0.9894736842,"precision":0.986013986,"roc_auc":0.9997291474},"test":{"accuracy":0.9473684211,"f1":0.9268292683,"recall":0.9047619048,"precision":0.95,"roc_auc":0.9907407407}}
{"params":{"max_depth":3,"n_estimators":500},"train":{"accuracy":0.9596491228,"f1":0.9597197898,"recall":0.9614035088,"precision":0.958041958,"roc_auc":0.9959864574},"test":{"accuracy":0.9298245614,"f1":0.9047619048,"recall":0.9047619048,"precision":0.9047619048,"roc_auc":0.9907407407}}
{"params":{"max_depth":5,"n_estimators":500},"train":{"accuracy":0.9877192982,"f1":0.9877408056,"recall":0.9894736842,"precision":0.986013986,"roc_auc":0.9995321637},"test":{"accuracy":0.9473684211,"f1":0.9268292683,"recall":0.9047619048,"precision":0.95,"roc_auc":0.9920634921}}
{"params":{"max_depth":10,"n_estimators":500},"train":{"accuracy":0.9877192982,"f1":0.9877408056,"recall":0.9894736842,"precision":0.986013986,"roc_auc":0.99966759},"test":{"accuracy":0.9473684211,"f1":0.9268292683,"recall":0.9047619048,"precision":0.95,"roc_auc":0.9920634921}}
