{"params":{"max_depth":3},"train":{"accuracy":0.9614035088,"f1":0.9614035088,"recall":0.9614035088,"precision":0.9614035088,"roc_auc":0.9962819329},"test":{"accuracy":0.9298245614,"f1":0.9047619048,"recall":0.9047619048,"precision":0.9047619048,"roc_auc":0.9867724868}}
{"params":{"max_depth":5},"train":{"accuracy":0.9859649123,"f1":0.9859649123,"recall":0.9859649123,"precision":0.9859649123,"roc_auc":0.9993228686},"test":{"accuracy":0.9473684211,"f1":0.9268292683,"recall":0.9047619048,"precision":0.95,"roc_auc":0.9867724868}}
{"params":{"max_depth":3},"train":{"accuracy":0.9631578947,"f1":0.9632224168,"recall":0.9649122807,"precision":0.9615384615,"roc_auc":0.9963927362},"test":{"accuracy":0.9298245614,"f1":0.9047619048,"recall":0.9047619048,"precision":0.9047619048,"roc_auc":0.9894179894}}
{"params":{"max_depth":5},"train":{"accuracy":0.9877192982,"f1":0.9877408056,"recall":0.9894736842,"precision":0.986013986,"roc_auc":0.9995690982},"test":{"accuracy":0.9473684211,"f1":0.9268292683,"recall":0.9047619048,"precision":0.95,"roc_auc":0.9880952381}}
{"params":{"max_depth":10},"train":{"accuracy":0.9877192982,"f1":0.9876977153,"recall":0.9859649123,"precision":0.9894366197,"roc_auc":0.9995567867},"test":{"accuracy":0.9473684211,"f1":0.9268292683,"recall":0.9047619048,"precision":0.95,"roc_auc":0.9867724868}}
{"params":{"max_depth":3},"train":{"accuracy":0.9614035088,"f1":0.9614035088,"recall":0.9614035088,"precision":0.9614035088,"roc_auc":0.9959741459},"test":{"accuracy":0.9298245614,"f1":0.9047619048,"recall":0.9047619048,"precision":0.9047619048,"roc_auc":0.9907407407}}
{"params":{"max_depth":5},"train":{"accuracy":0.9877192982,"f1":0.9877408056,"recall":0.9894736842,"precision":0.986013986,"roc_auc":0.9995937211},"test":{"accuracy":0.9473684211,"f1":0.9268292683,"recall":0.9047619048,"precision":0.95,"roc_auc":0.9907407407}}
{"params":{"max_depth":10},"train":{"accuracy":0.9894736842,"f1":0.9894736842,"recall":0.9894736842,"precision":0.9894736842,"roc_auc":0.9997537704},"test":{"accuracy":0.9473684211,"f1":0.9268292683,"recall":0.9047619048,"precision":0.95,"roc_auc":0.9880952381}}
{"params":{"max_depth":10},"train":{"accuracy":0.9894736842,"f1":0.9894736842,"recall":0.9894736842,"precision":0.9894736842,"roc_auc":0.9997414589},"test":{"accuracy":0.9473684211,"f1":0.9268292683,"recall":0.9047619048,"precision":0.95,"roc_auc":0.9907407407}}
{"params":{"max_depth":3},"train":{"accuracy":0.9578947368,"f1":0.958041958,"recall":0.9614035088,"precision":0.9547038328,"roc_auc":0.9960480148},"test":{"accuracy":0.9298245614,"f1":0.9047619048,"recall":0.9047619048,"precision":0.9047619048,"roc_auc":0.9880952381}}
{"params":{"max_depth":5},"train":{"accuracy":0.9894736842,"f1":0.9895104895,"recall":0.9929824561,"precision":0.9860627178,"roc_auc":0.9997168359},"test":{"accuracy":0.9473684211,"f1":0.9268292683,"recall":0.9047619048,"precision":0.95,"roc_auc":0.9880952381}}
{"params":{"max_depth":10},"train":{"accuracy":0.9894736842,"f1":0.9895104895,"recall":0.9929824561,"precision":0.9860627178,"roc_auc":0.9998153278},"test":{"accuracy":0.9473684211,"f1":0.9268292683,"recall":0.9047619048,"precision":0.95,"roc_auc":0.9880952381}}
{"params":{"max_depth":3},"train":{"accuracy":0.9596491228,"f1":0.9597197898,"recall":0.9614035088,"precision":0.958041958,"roc_auc":0.9959372114},"test":{"accuracy":0.9298245614,"f1":0.9047619048,"recall":0.9047619048,"precision":0.9047619048,"roc_auc":0.9907407407}}
{"params":{"max_depth":5},"train":{"accuracy":0.9877192982,"f1":0.9877408056,"recall":0.9894736842,"precision":0.986013986,"roc_auc":0.9997045245},"test":{"accuracy":0.9473684211,"f1":0.9268292683,"recall":0.9047619048,"precision":0.95,"roc_auc":0.9907407407}}
{"params":{"max_depth":10},"train":{"accuracy":0.9877192982,"f1":0.9877408056,"recall":0.9894736842,"precision":0.986013986,"roc_auc":0.9997783934},"test":{"accuracy":0.9473684211,"f1":0.9268292683,"recall":0.9047619048,"precision":0.95,"roc_auc":0.9894179894}}
