{"params":{"max_depth":3},"train":{"accuracy":0.9561403509,"f1":0.9565217391,"recall":0.9649122807,"precision":0.9482758621,"roc_auc":0.9948907356},"test":{"accuracy":0.9298245614,"f1":0.9047619048,"recall":0.9047619048,"precision":0.9047619048,"roc_auc":0.9880952381}}
{"params":{"max_depth":5},"train":{"accuracy":0.9894736842,"f1":0.9895104895,"recall":0.9929824561,"precision":0.9860627178,"roc_auc":0.9997537704},"test":{"accuracy":0.9473684211,"f1":0.9268292683,"recall":0.9047619048,"precision":0.95,"roc_auc":0.9854497354}}
{"params":{"max_depth":3},"train":{"accuracy":0.9596491228,"f1":0.9597197898,"recall":0.9614035088,"precision":0.958041958,"roc_auc":0.9954816867},"test":{"accuracy":0.9298245614,"f1":0.9047619048,"recall":0.9047619048,"precision":0.9047619048,"roc_auc":0.9894179894}}
{"params":{"max_depth":5},"train":{"accuracy":0.9877192982,"f1":0.9877835951,"recall":0.9929824561,"precision":0.9826388889,"roc_auc":0.9997783934},"test":{"accuracy":0.9298245614,"f1":0.9047619048,"recall":0.9047619048,"precision":0.9047619048,"roc_auc":0.9907407407}}
{"params":{"max_depth":3},"train":{"accuracy":0.9614035088,"f1":0.9615384615,"recall":0.9649122807,"precision":0.9581881533,"roc_auc":0.9958387196},"test":{"accuracy":0.9298245614,"f1":0.9047619048,"recall":0.9047619048,"precision":0.9047619048,"roc_auc":0.9920634921}}
{"params":{"max_depth":10},"train":{"accuracy":0.9894736842,"f1":0.9895104895,"recall":0.9929824561,"precision":0.9860627178,"roc_auc":0.9998399508},"test":{"accuracy":0.9649122807,"f1":0.95,"recall":0.9047619048,"precision":1.0,"roc_auc":0.9841269841}}
{"params":{"max_depth":5},"train":{"accuracy":0.9894736842,"f1":0.9895104895,"recall":0.9929824561,"precision":0.9860627178,"roc_auc":0.999692213},"test":{"accuracy":0.9473684211,"f1":0.9268292683,"recall":0.9047619048,"precision":0.95,"roc_auc":0.9894179894}}
{"params":{"max_depth":10},"train":{"accuracy":0.9894736842,"f1":0.9895104895,"recall":0.9929824561,"precision":0.9860627178,"roc_auc":0.9998522622},"test":{"accuracy":0.9298245614,"f1":0.9047619048,"recall":0.9047619048,"precision":0.9047619048,"roc_auc":0.9894179894}}
{"params":{"max_depth":10},"train":{"accuracy":0.9894736842,"f1":0.9895104895,"recall":0.9929824561,"precision":0.9860627178,"roc_auc":0.9998153278},"test":{"accuracy":0.9473684211,"f1":0.9268292683,"recall":0.9047619048,"precision":0.95,"roc_auc":0.9880952381}}
{"params":{"max_depth":3},"train":{"accuracy":0.9578947368,"f1":0.958041958,"recall":0.9614035088,"precision":0.9547038328,"roc_auc":0.9956909818},"test":{"accuracy":0.9298245614,"f1":0.9047619048,"recall":0.9047619048,"precision":0.9047619048,"roc_auc":0.9894179894}}
{"params":{"max_depth":5},"train":{"accuracy":0.9894736842,"f1":0.9895104895,"recall":0.9929824561,"precision":0.9860627178,"roc_auc":0.9997291474},"test":{"accuracy":0.9473684211,"f1":0.9268292683,"recall":0.9047619048,"precision":0.95,"roc_auc":0.9894179894}}
{"params":{"max_depth":10},"train":{"accuracy":0.9912280702,"f1":0.9912434326,"recall":0.9929824561,"precision":0.9895104895,"roc_auc":0.9998276393},"test":{"accuracy":0.9473684211,"f1":0.9268292683,"recall":0.9047619048,"precision":0.95,"roc_auc":0.9880952381}}
{"params":{"max_depth":3},"train":{"accuracy":0.9614035088,"f1":0.9614035088,"recall":0.9614035088,"precision":0.9614035088,"roc_auc":0.9959125885},"test":{"accuracy":0.9298245614,"f1":0.9047619048,"recall":0.9047619048,"precision":0.9047619048,"roc_auc":0.9920634921}}
{"params":{"max_depth":5},"train":{"accuracy":0.9894736842,"f1":0.9895104895,"recall":0.9929824561,"precision":0.9860627178,"roc_auc":0.9997291474},"test":{"accuracy":0.9473684211,"f1":0.9268292683,"recall":0.9047619048,"precision":0.95,"roc_auc":0.9880952381}}
{"params":{"max_depth":10},"train":{"accuracy":0.9912280702,"f1":0.9912434326,"recall":0.9929824561,"precision":0.9895104895,"roc_auc":0.9998645737},"test":{"accuracy":0.9473684211,"f1":0.9268292683,"recall":0.9047619048,"precision":0.95,"roc_auc":0.9894179894}}
