{"params":{"max_depth":3,"n_estimators":25},"train":{"accuracy":0.9596491228,"f1":0.9597197898,"recall":0.9614035088,"precision":0.958041958,"roc_auc":0.9948722684},"test":{"accuracy":0.9122807018,"f1":0.8837209302,"recall":0.9047619048,"precision":0.8636363636,"roc_auc":0.9867724868}}
{"params":{"max_depth":5,"n_estimators":25},"train":{"accuracy":0.9824561404,"f1":0.9824561404,"recall":0.9824561404,"precision":0.9824561404,"roc_auc":0.9994213604},"test":{"accuracy":0.9473684211,"f1":0.9268292683,"recall":0.9047619048,"precision":0.95,"roc_auc":0.9880952381}}
{"params":{"max_depth":5,"n_estimators":50},"train":{"accuracy":0.9859649123,"f1":0.986013986,"recall":0.9894736842,"precision":0.9825783972,"roc_auc":0.9995444752},"test":{"accuracy":0.9473684211,"f1":0.9268292683,"recall":0.9047619048,"precision":0.95,"roc_auc":0.9907407407}}
{"params":{"max_depth":3,"n_estimators":50},"train":{"accuracy":0.9596491228,"f1":0.9597197898,"recall":0.9614035088,"precision":0.958041958,"roc_auc":0.9958325639},"test":{"accuracy":0.9473684211,"f1":0.9302325581,"recall":0.9523809524,"precision":0.9090909091,"roc_auc":0.9920634921}}
{"params":{"max_depth":3,"n_estimators":100},"train":{"accuracy":0.9561403509,"f1":0.9563699825,"recall":0.9614035088,"precision":0.9513888889,"roc_auc":0.9959987689},"test":{"accuracy":0.9298245614,"f1":0.9047619048,"recall":0.9047619048,"precision":0.9047619048,"roc_auc":0.9894179894}}
{"params":{"max_depth":5,"n_estimators":100},"train":{"accuracy":0.9842105263,"f1":0.9842931937,"recall":0.9894736842,"precision":0.9791666667,"roc_auc":0.9995814097},"test":{"accuracy":0.9473684211,"f1":0.9268292683,"recall":0.9047619048,"precision":0.95,"roc_auc":0.9867724868}}
{"params":{"max_depth":10,"n_estimators":25},"train":{"accuracy":0.9824561404,"f1":0.9824561404,"recall":0.9824561404,"precision":0.9824561404,"roc_auc":0.9995198523},"test":{"accuracy":0.9473684211,"f1":0.9268292683,"recall":0.9047619048,"precision":0.95,"roc_auc":0.9880952381}}
{"params":{"max_depth":10,"n_estimators":50},"train":{"accuracy":0.9842105263,"f1":0.9842381786,"recall":0.9859649123,"precision":0.9825174825,"roc_auc":0.9995814097},"test":{"accuracy":0.9473684211,"f1":0.9268292683,"recall":0.9047619048,"precision":0.95,"roc_auc":0.9907407407}}
{"params":{"max_depth":10,"n_estimators":100},"train":{"accuracy":0.9842105263,"f1":0.9842931937,"recall":0.9894736842,"precision":0.9791666667,"roc_auc":0.99966759},"test":{"accuracy":0.9473684211,"f1":0.9268292683,"recall":0.9047619048,"precision":0.95,"roc_auc":0.9894179894}}
{"params":{"max_depth":5,"n_estimators":250},"train":{"accuracy":0.9877192982,"f1":0.9877408056,"recall":0.9894736842,"precision":0.986013986,"roc_auc":0.9994952293},"test":{"accuracy":0.9473684211,"f1":0.9268292683,"recall":0.9047619048,"precision":0.95,"roc_auc":0.9854497354}}
{"params":{"max_depth":3,"n_estimators":250},"train":{"accuracy":0.9596491228,"f1":0.9597197898,"recall":0.9614035088,"precision":0.958041958,"roc_auc":0.9958633426},"test":{"accuracy":0.9298245614,"f1":0.9047619048,"recall":0.9047619048,"precision":0.9047619048,"roc_auc":0.9894179894}}
{"params":{"max_depth":10,"n_estimators":250},"train":{"accuracy":0.9877192982,"f1":0.9877408056,"recall":0.9894736842,"precision":0.986013986,"roc_auc":0.9996429671},"test":{"accuracy":0.9473684211,"f1":0.9268292683,"recall":0.9047619048,"precision":0.95,"roc_auc":0.9854497354}}
{"params":{"max_depth":3,"n_estimators":500},"train":{"accuracy":0.9596491228,"f1":0.9597197898,"recall":0.9614035088,"precision":0.958041958,"roc_auc":0.9960480148},"test":{"accuracy":0.9298245614,"f1":0.9047619048,"recall":0.9047619048,"precision":0.9047619048,"roc_auc":0.9907407407}}
{"params":{"max_depth":5,"n_estimators":500},"train":{"accuracy":0.9877192982,"f1":0.9877408056,"recall":0.9894736842,"precision":0.986013986,"roc_auc":0.9995321637},"test":{"accuracy":0.9473684211,"f1":0.9268292683,"recall":0.9047619048,"precision":0.95,"roc_auc":0.9880952381}}
{"params":{"max_depth":10,"n_estimators":500},"train":{"accuracy":0.9877192982,"f1":0.9877408056,"recall":0.9894736842,"precision":0.986013986,"roc_auc":0.9996306556},"test":{"accuracy":0.9473684211,"f1":0.9268292683,"recall":0.9047619048,"precision":0.95,"roc_auc":0.9880952381}}
