{"params":{"max_depth":3},"train":{"accuracy":0.9736263736,"f1":0.9649122807,"recall":0.9705882353,"precision":0.9593023256,"roc_auc":0.9974716202},"test":{"accuracy":0.9473684211,"f1":0.9302325581,"recall":0.9523809524,"precision":0.9090909091,"roc_auc":0.9973544974}}
{"params":{"max_depth":5},"train":{"accuracy":0.989010989,"f1":0.9853372434,"recall":0.9882352941,"precision":0.9824561404,"roc_auc":0.9995872033},"test":{"accuracy":0.9824561404,"f1":0.9756097561,"recall":0.9523809524,"precision":1.0,"roc_auc":0.9973544974}}
{"params":{"max_depth":3},"train":{"accuracy":0.978021978,"f1":0.9709302326,"recall":0.9823529412,"precision":0.9597701149,"roc_auc":0.997874097},"test":{"accuracy":0.9473684211,"f1":0.9302325581,"recall":0.9523809524,"precision":0.9090909091,"roc_auc":0.9973544974}}
{"params":{"max_depth":5},"train":{"accuracy":0.9868131868,"f1":0.9824561404,"recall":0.9882352941,"precision":0.976744186,"roc_auc":0.9997316821},"test":{"accuracy":0.9824561404,"f1":0.9756097561,"recall":0.9523809524,"precision":1.0,"roc_auc":0.996031746}}
{"params":{"max_depth":10},"train":{"accuracy":0.989010989,"f1":0.9852507375,"recall":0.9823529412,"precision":0.9881656805,"roc_auc":0.9997936017},"test":{"accuracy":0.9824561404,"f1":0.9756097561,"recall":0.9523809524,"precision":1.0,"roc_auc":0.9973544974}}
{"params":{"max_depth":3},"train":{"accuracy":0.978021978,"f1":0.9709302326,"recall":0.9823529412,"precision":0.9597701149,"roc_auc":0.9980598555},"test":{"accuracy":0.9473684211,"f1":0.9302325581,"recall":0.9523809524,"precision":0.9090909091,"roc_auc":0.996031746}}
{"params":{"max_depth":10},"train":{"accuracy":0.9934065934,"f1":0.9911504425,"recall":0.9882352941,"precision":0.9940828402,"roc_auc":0.999876161},"test":{"accuracy":0.9824561404,"f1":0.9756097561,"recall":0.9523809524,"precision":1.0,"roc_auc":0.996031746}}
{"params":{"max_depth":5},"train":{"accuracy":0.989010989,"f1":0.9853372434,"recall":0.9882352941,"precision":0.9824561404,"roc_auc":0.999752322},"test":{"accuracy":0.9649122807,"f1":0.95,"recall":0.9047619048,"precision":1.0,"roc_auc":0.9947089947}}
{"params":{"max_depth":10},"train":{"accuracy":0.9934065934,"f1":0.991202346,"recall":0.9941176471,"precision":0.9883040936,"roc_auc":0.9998968008},"test":{"accuracy":0.9649122807,"f1":0.95,"recall":0.9047619048,"precision":1.0,"roc_auc":0.9947089947}}
{"params":{"max_depth":3},"train":{"accuracy":0.978021978,"f1":0.9709302326,"recall":0.9823529412,"precision":0.9597701149,"roc_auc":0.9980598555},"test":{"accuracy":0.9473684211,"f1":0.9302325581,"recall":0.9523809524,"precision":0.9090909091,"roc_auc":0.996031746}}
{"params":{"max_depth":5},"train":{"accuracy":0.9846153846,"f1":0.9794721408,"recall":0.9823529412,"precision":0.9766081871,"roc_auc":0.9997316821},"test":{"accuracy":0.9824561404,"f1":0.9756097561,"recall":0.9523809524,"precision":1.0,"roc_auc":0.996031746}}
{"params":{"max_depth":10},"train":{"accuracy":0.9934065934,"f1":0.9911504425,"recall":0.9882352941,"precision":0.9940828402,"roc_auc":0.9998555212},"test":{"accuracy":0.9824561404,"f1":0.9756097561,"recall":0.9523809524,"precision":1.0,"roc_auc":0.996031746}}
{"params":{"max_depth":3},"train":{"accuracy":0.978021978,"f1":0.9709302326,"recall":0.9823529412,"precision":0.9597701149,"roc_auc":0.9980804954},"test":{"accuracy":0.9473684211,"f1":0.9302325581,"recall":0.9523809524,"precision":0.9090909091,"roc_auc":0.9947089947}}
{"params":{"max_depth":5},"train":{"accuracy":0.9868131868,"f1":0.9823529412,"recall":0.9823529412,"precision":0.9823529412,"roc_auc":0.9996904025},"test":{"accuracy":0.9649122807,"f1":0.9523809524,"recall":0.9523809524,"precision":0.9523809524,"roc_auc":0.9947089947}}
{"params":{"max_depth":10},"train":{"accuracy":0.9912087912,"f1":0.9881656805,"recall":0.9823529412,"precision":0.994047619,"roc_auc":0.9998348813},"test":{"accuracy":0.9824561404,"f1":0.9756097561,"recall":0.9523809524,"precision":1.0,"roc_auc":0.9947089947}}
