{"params":{"max_depth":3,"n_estimators":25},"train":{"accuracy":0.8925490196,"f1":0.9029745042,"recall":1.0,"precision":0.823111685,"roc_auc":0.9675838524},"test":{"accuracy":0.774566474,"f1":0.4179104478,"recall":1.0,"precision":0.2641509434,"roc_auc":0.9375561545}}
{"params":{"max_depth":3,"n_estimators":100},"train":{"accuracy":0.8305882353,"f1":0.8551307847,"recall":1.0,"precision":0.7469244288,"roc_auc":0.9675838524},"test":{"accuracy":0.6705202312,"f1":0.3294117647,"recall":1.0,"precision":0.1971830986,"roc_auc":0.9375561545}}
{"params":{"max_depth":5,"n_estimators":25},"train":{"accuracy":0.9541176471,"f1":0.9561304837,"recall":1.0,"precision":0.9159482759,"roc_auc":0.9744107651},"test":{"accuracy":0.8843930636,"f1":0.5833333333,"recall":1.0,"precision":0.4117647059,"roc_auc":0.9463162624}}
{"params":{"max_depth":5,"n_estimators":50},"train":{"accuracy":0.9541176471,"f1":0.9561304837,"recall":1.0,"precision":0.9159482759,"roc_auc":0.9744107651},"test":{"accuracy":0.8843930636,"f1":0.5833333333,"recall":1.0,"precision":0.4117647059,"roc_auc":0.9463162624}}
{"params":{"max_depth":10,"n_estimators":25},"train":{"accuracy":0.9894117647,"f1":0.9895227008,"recall":1.0,"precision":0.9792626728,"roc_auc":0.9997364091},"test":{"accuracy":0.9768786127,"f1":0.875,"recall":1.0,"precision":0.7777777778,"roc_auc":0.9916891285}}
{"params":{"max_depth":3,"n_estimators":50},"train":{"accuracy":0.8764705882,"f1":0.890052356,"recall":1.0,"precision":0.8018867925,"roc_auc":0.9675838524},"test":{"accuracy":0.7456647399,"f1":0.3888888889,"recall":1.0,"precision":0.2413793103,"roc_auc":0.9375561545}}
{"params":{"max_depth":10,"n_estimators":50},"train":{"accuracy":0.9894117647,"f1":0.9895227008,"recall":1.0,"precision":0.9792626728,"roc_auc":0.9996930411},"test":{"accuracy":0.9768786127,"f1":0.875,"recall":1.0,"precision":0.7777777778,"roc_auc":0.9916891285}}
{"params":{"max_depth":5,"n_estimators":100},"train":{"accuracy":0.9541176471,"f1":0.9561304837,"recall":1.0,"precision":0.9159482759,"roc_auc":0.9744107651},"test":{"accuracy":0.8843930636,"f1":0.5833333333,"recall":1.0,"precision":0.4117647059,"roc_auc":0.9463162624}}
{"params":{"max_depth":10,"n_estimators":100},"train":{"accuracy":0.9894117647,"f1":0.9895227008,"recall":1.0,"precision":0.9792626728,"roc_auc":0.9997170319},"test":{"accuracy":0.9768786127,"f1":0.875,"recall":1.0,"precision":0.7777777778,"roc_auc":0.9912398922}}
{"params":{"max_depth":3,"n_estimators":250},"train":{"accuracy":0.8623529412,"f1":0.8790072389,"recall":1.0,"precision":0.7841328413,"roc_auc":0.9718901961},"test":{"accuracy":0.7225433526,"f1":0.3684210526,"recall":1.0,"precision":0.2258064516,"roc_auc":0.9411500449}}
{"params":{"max_depth":5,"n_estimators":250},"train":{"accuracy":0.9541176471,"f1":0.9561304837,"recall":1.0,"precision":0.9159482759,"roc_auc":0.9847594002},"test":{"accuracy":0.8843930636,"f1":0.5833333333,"recall":1.0,"precision":0.4117647059,"roc_auc":0.9721473495}}
{"params":{"max_depth":3,"n_estimators":500},"train":{"accuracy":0.8623529412,"f1":0.8790072389,"recall":1.0,"precision":0.7841328413,"roc_auc":0.9718812764},"test":{"accuracy":0.7225433526,"f1":0.3684210526,"recall":1.0,"precision":0.2258064516,"roc_auc":0.9411500449}}
{"params":{"max_depth":10,"n_estimators":250},"train":{"accuracy":0.9894117647,"f1":0.9895227008,"recall":1.0,"precision":0.9792626728,"roc_auc":0.999709035},"test":{"accuracy":0.9768786127,"f1":0.875,"recall":1.0,"precision":0.7777777778,"roc_auc":0.991015274}}
{"params":{"max_depth":5,"n_estimators":500},"train":{"accuracy":0.9541176471,"f1":0.9561304837,"recall":1.0,"precision":0.9159482759,"roc_auc":0.9901031911},"test":{"accuracy":0.8843930636,"f1":0.5833333333,"recall":1.0,"precision":0.4117647059,"roc_auc":0.9748427673}}
{"params":{"max_depth":10,"n_estimators":500},"train":{"accuracy":0.9894117647,"f1":0.9895227008,"recall":1.0,"precision":0.9792626728,"roc_auc":0.9997084198},"test":{"accuracy":0.9768786127,"f1":0.875,"recall":1.0,"precision":0.7777777778,"roc_auc":0.9914645103}}
