{"params":{"max_depth":5},"train":{"accuracy":0.9541176471,"f1":0.9561304837,"recall":1.0,"precision":0.9159482759,"roc_auc":0.9718609765},"test":{"accuracy":0.8843930636,"f1":0.5833333333,"recall":1.0,"precision":0.4117647059,"roc_auc":0.9420485175}}
{"params":{"max_depth":3},"train":{"accuracy":0.8305882353,"f1":0.8551307847,"recall":1.0,"precision":0.7469244288,"roc_auc":0.9674758939},"test":{"accuracy":0.6705202312,"f1":0.3294117647,"recall":1.0,"precision":0.1971830986,"roc_auc":0.9375561545}}
{"params":{"max_depth":3},"train":{"accuracy":0.8305882353,"f1":0.8551307847,"recall":1.0,"precision":0.7469244288,"roc_auc":0.9674758939},"test":{"accuracy":0.6705202312,"f1":0.3294117647,"recall":1.0,"precision":0.1971830986,"roc_auc":0.9375561545}}
{"params":{"max_depth":10},"train":{"accuracy":0.991372549,"f1":0.9914463453,"recall":1.0,"precision":0.9830377795,"roc_auc":0.9998025375},"test":{"accuracy":0.9768786127,"f1":0.875,"recall":1.0,"precision":0.7777777778,"roc_auc":0.99393531}}
{"params":{"max_depth":5},"train":{"accuracy":0.9541176471,"f1":0.9561304837,"recall":1.0,"precision":0.9159482759,"roc_auc":0.9718609765},"test":{"accuracy":0.8843930636,"f1":0.5833333333,"recall":1.0,"precision":0.4117647059,"roc_auc":0.9420485175}}
{"params":{"max_depth":3},"train":{"accuracy":0.8305882353,"f1":0.8551307847,"recall":1.0,"precision":0.7469244288,"roc_auc":0.9674758939},"test":{"accuracy":0.6705202312,"f1":0.3294117647,"recall":1.0,"precision":0.1971830986,"roc_auc":0.9375561545}}
{"params":{"max_depth":5},"train":{"accuracy":0.9541176471,"f1":0.9561304837,"recall":1.0,"precision":0.9159482759,"roc_auc":0.9718609765},"test":{"accuracy":0.8843930636,"f1":0.5833333333,"recall":1.0,"precision":0.4117647059,"roc_auc":0.9420485175}}
{"params":{"max_depth":10},"train":{"accuracy":0.991372549,"f1":0.9914463453,"recall":1.0,"precision":0.9830377795,"roc_auc":0.9997471742},"test":{"accuracy":0.9768786127,"f1":0.875,"recall":1.0,"precision":0.7777777778,"roc_auc":0.9921383648}}
{"params":{"max_depth":10},"train":{"accuracy":0.9909803922,"f1":0.9910610183,"recall":1.0,"precision":0.9822804314,"roc_auc":0.9997939254},"test":{"accuracy":0.9768786127,"f1":0.875,"recall":1.0,"precision":0.7777777778,"roc_auc":0.9921383648}}
{"params":{"max_depth":3},"train":{"accuracy":0.8305882353,"f1":0.8551307847,"recall":1.0,"precision":0.7469244288,"roc_auc":0.971864975},"test":{"accuracy":0.6705202312,"f1":0.3294117647,"recall":1.0,"precision":0.1971830986,"roc_auc":0.9411500449}}
{"params":{"max_depth":5},"train":{"accuracy":0.9541176471,"f1":0.9561304837,"recall":1.0,"precision":0.9159482759,"roc_auc":0.9863846213},"test":{"accuracy":0.8843930636,"f1":0.5833333333,"recall":1.0,"precision":0.4117647059,"roc_auc":0.9663072776}}
{"params":{"max_depth":10},"train":{"accuracy":0.9905882353,"f1":0.9906759907,"recall":1.0,"precision":0.9815242494,"roc_auc":0.9998425221},"test":{"accuracy":0.9768786127,"f1":0.875,"recall":1.0,"precision":0.7777777778,"roc_auc":0.9937106918}}
{"params":{"max_depth":3},"train":{"accuracy":0.8305882353,"f1":0.8551307847,"recall":1.0,"precision":0.7469244288,"roc_auc":0.971864975},"test":{"accuracy":0.6705202312,"f1":0.3294117647,"recall":1.0,"precision":0.1971830986,"roc_auc":0.9411500449}}
{"params":{"max_depth":5},"train":{"accuracy":0.9541176471,"f1":0.9561304837,"recall":1.0,"precision":0.9159482759,"roc_auc":0.9892112265},"test":{"accuracy":0.8843930636,"f1":0.5833333333,"recall":1.0,"precision":0.4117647059,"roc_auc":0.9757412399}}
{"params":{"max_depth":10},"train":{"accuracy":0.9905882353,"f1":0.9906759907,"recall":1.0,"precision":0.9815242494,"roc_auc":0.9998388312},"test":{"accuracy":0.9768786127,"f1":0.875,"recall":1.0,"precision":0.7777777778,"roc_auc":0.9923629829}}
