{"params":{"max_depth":3},"train":{"accuracy":0.7445730825,"f1":0.3774250441,"recall":1.0,"precision":0.2326086957,"roc_auc":0.9846619021},"test":{"accuracy":0.7167630058,"f1":0.3636363636,"recall":1.0,"precision":0.2222222222,"roc_auc":0.9707996406}}
{"params":{"max_depth":5},"train":{"accuracy":0.9153400868,"f1":0.6465256798,"recall":1.0,"precision":0.4776785714,"roc_auc":0.9958768554},"test":{"accuracy":0.8843930636,"f1":0.5833333333,"recall":1.0,"precision":0.4117647059,"roc_auc":0.9883198562}}
{"params":{"max_depth":3},"train":{"accuracy":0.7698986975,"f1":0.4022556391,"recall":1.0,"precision":0.2517647059,"roc_auc":0.9843320506},"test":{"accuracy":0.7572254335,"f1":0.4,"recall":1.0,"precision":0.25,"roc_auc":0.9719227314}}
{"params":{"max_depth":5},"train":{"accuracy":0.9153400868,"f1":0.6465256798,"recall":1.0,"precision":0.4776785714,"roc_auc":0.9938317757},"test":{"accuracy":0.8843930636,"f1":0.5833333333,"recall":1.0,"precision":0.4117647059,"roc_auc":0.9851752022}}
{"params":{"max_depth":10},"train":{"accuracy":0.989869754,"f1":0.9385964912,"recall":1.0,"precision":0.8842975207,"roc_auc":0.9997507788},"test":{"accuracy":0.9826589595,"f1":0.9032258065,"recall":1.0,"precision":0.8235294118,"roc_auc":0.9964061096}}
{"params":{"max_depth":3},"train":{"accuracy":0.7821997106,"f1":0.4155339806,"recall":1.0,"precision":0.262254902,"roc_auc":0.9832435404},"test":{"accuracy":0.7687861272,"f1":0.4117647059,"recall":1.0,"precision":0.2592592593,"roc_auc":0.9723719677}}
{"params":{"max_depth":5},"train":{"accuracy":0.9153400868,"f1":0.6465256798,"recall":1.0,"precision":0.4776785714,"roc_auc":0.9935165842},"test":{"accuracy":0.8843930636,"f1":0.5833333333,"recall":1.0,"precision":0.4117647059,"roc_auc":0.9878706199}}
{"params":{"max_depth":10},"train":{"accuracy":0.992040521,"f1":0.9511111111,"recall":1.0,"precision":0.906779661,"roc_auc":0.9998607293},"test":{"accuracy":0.9884393064,"f1":0.9333333333,"recall":1.0,"precision":0.875,"roc_auc":0.9959568733}}
{"params":{"max_depth":10},"train":{"accuracy":0.991316932,"f1":0.9469026549,"recall":1.0,"precision":0.8991596639,"roc_auc":0.9998827194},"test":{"accuracy":0.9884393064,"f1":0.9333333333,"recall":1.0,"precision":0.875,"roc_auc":0.9964061096}}
{"params":{"max_depth":3},"train":{"accuracy":0.8458755427,"f1":0.5011709602,"recall":1.0,"precision":0.334375,"roc_auc":0.9818398387},"test":{"accuracy":0.8265895954,"f1":0.4827586207,"recall":1.0,"precision":0.3181818182,"roc_auc":0.9582210243}}
{"params":{"max_depth":5},"train":{"accuracy":0.9413892909,"f1":0.7254237288,"recall":1.0,"precision":0.5691489362,"roc_auc":0.9922961334},"test":{"accuracy":0.9248554913,"f1":0.6829268293,"recall":1.0,"precision":0.5185185185,"roc_auc":0.9883198562}}
{"params":{"max_depth":10},"train":{"accuracy":0.992040521,"f1":0.9511111111,"recall":1.0,"precision":0.906779661,"roc_auc":0.9998900495},"test":{"accuracy":0.9884393064,"f1":0.9333333333,"recall":1.0,"precision":0.875,"roc_auc":0.9964061096}}
{"params":{"max_depth":3},"train":{"accuracy":0.8538350217,"f1":0.5144230769,"recall":1.0,"precision":0.3462783172,"roc_auc":0.9822649808},"test":{"accuracy":0.8323699422,"f1":0.4912280702,"recall":1.0,"precision":0.3255813953,"roc_auc":0.9600179695}}
{"params":{"max_depth":5},"train":{"accuracy":0.9421128799,"f1":0.7278911565,"recall":1.0,"precision":0.5721925134,"roc_auc":0.9932820231},"test":{"accuracy":0.9248554913,"f1":0.6829268293,"recall":1.0,"precision":0.5185185185,"roc_auc":0.9874213836}}
{"params":{"max_depth":10},"train":{"accuracy":0.990593343,"f1":0.9427312775,"recall":1.0,"precision":0.8916666667,"roc_auc":0.9998973795},"test":{"accuracy":0.9884393064,"f1":0.9333333333,"recall":1.0,"precision":0.875,"roc_auc":0.9964061096}}
