{"params":{"max_depth":5,"n_estimators":50},"train":{"accuracy":0.9541176471,"f1":0.9561304837,"recall":1.0,"precision":0.9159482759,"roc_auc":0.9908533641},"test":{"accuracy":0.8843930636,"f1":0.5833333333,"recall":1.0,"precision":0.4117647059,"roc_auc":0.9685534591}}
{"params":{"max_depth":3,"n_estimators":50},"train":{"accuracy":0.8764705882,"f1":0.890052356,"recall":1.0,"precision":0.8018867925,"roc_auc":0.9719028066},"test":{"accuracy":0.7572254335,"f1":0.4,"recall":1.0,"precision":0.25,"roc_auc":0.9411500449}}
{"params":{"max_depth":3,"n_estimators":25},"train":{"accuracy":0.8764705882,"f1":0.890052356,"recall":1.0,"precision":0.8018867925,"roc_auc":0.9541176471},"test":{"accuracy":0.7572254335,"f1":0.4,"recall":1.0,"precision":0.25,"roc_auc":0.9371069182}}
{"params":{"max_depth":5,"n_estimators":25},"train":{"accuracy":0.9541176471,"f1":0.9561304837,"recall":1.0,"precision":0.9159482759,"roc_auc":0.9541176471},"test":{"accuracy":0.8843930636,"f1":0.5833333333,"recall":1.0,"precision":0.4117647059,"roc_auc":0.9371069182}}
{"params":{"max_depth":10,"n_estimators":25},"train":{"accuracy":0.9905882353,"f1":0.9906759907,"recall":1.0,"precision":0.9815242494,"roc_auc":0.9993344098},"test":{"accuracy":0.9768786127,"f1":0.875,"recall":1.0,"precision":0.7777777778,"roc_auc":0.9889937107}}
{"params":{"max_depth":5,"n_estimators":100},"train":{"accuracy":0.9541176471,"f1":0.9561304837,"recall":1.0,"precision":0.9159482759,"roc_auc":0.9887354095},"test":{"accuracy":0.8843930636,"f1":0.5833333333,"recall":1.0,"precision":0.4117647059,"roc_auc":0.9667565139}}
{"params":{"max_depth":10,"n_estimators":50},"train":{"accuracy":0.9894117647,"f1":0.9895227008,"recall":1.0,"precision":0.9792626728,"roc_auc":0.9996964245},"test":{"accuracy":0.9768786127,"f1":0.875,"recall":1.0,"precision":0.7777777778,"roc_auc":0.9921383648}}
{"params":{"max_depth":3,"n_estimators":100},"train":{"accuracy":0.8764705882,"f1":0.890052356,"recall":1.0,"precision":0.8018867925,"roc_auc":0.9719028066},"test":{"accuracy":0.7572254335,"f1":0.4,"recall":1.0,"precision":0.25,"roc_auc":0.9411500449}}
{"params":{"max_depth":10,"n_estimators":100},"train":{"accuracy":0.9894117647,"f1":0.9895227008,"recall":1.0,"precision":0.9792626728,"roc_auc":0.999704729},"test":{"accuracy":0.9768786127,"f1":0.875,"recall":1.0,"precision":0.7777777778,"roc_auc":0.9921383648}}
{"params":{"max_depth":3,"n_estimators":250},"train":{"accuracy":0.9082352941,"f1":0.9159482759,"recall":1.0,"precision":0.8449304175,"roc_auc":0.9718775855},"test":{"accuracy":0.8092485549,"f1":0.4590163934,"recall":1.0,"precision":0.2978723404,"roc_auc":0.9411500449}}
{"params":{"max_depth":5,"n_estimators":250},"train":{"accuracy":0.9541176471,"f1":0.9561304837,"recall":1.0,"precision":0.9159482759,"roc_auc":0.9901450211},"test":{"accuracy":0.8843930636,"f1":0.5833333333,"recall":1.0,"precision":0.4117647059,"roc_auc":0.9748427673}}
{"params":{"max_depth":10,"n_estimators":250},"train":{"accuracy":0.9894117647,"f1":0.9895227008,"recall":1.0,"precision":0.9792626728,"roc_auc":0.9997127259},"test":{"accuracy":0.9768786127,"f1":0.875,"recall":1.0,"precision":0.7777777778,"roc_auc":0.9916891285}}
{"params":{"max_depth":3,"n_estimators":500},"train":{"accuracy":0.8623529412,"f1":0.8790072389,"recall":1.0,"precision":0.7841328413,"roc_auc":0.9745842368},"test":{"accuracy":0.7225433526,"f1":0.3684210526,"recall":1.0,"precision":0.2258064516,"roc_auc":0.9537286613}}
{"params":{"max_depth":5,"n_estimators":500},"train":{"accuracy":0.9541176471,"f1":0.9561304837,"recall":1.0,"precision":0.9159482759,"roc_auc":0.9905694733},"test":{"accuracy":0.8843930636,"f1":0.5833333333,"recall":1.0,"precision":0.4117647059,"roc_auc":0.9766397125}}
{"params":{"max_depth":10,"n_estimators":500},"train":{"accuracy":0.9894117647,"f1":0.9895227008,"recall":1.0,"precision":0.9792626728,"roc_auc":0.9997139562},"test":{"accuracy":0.9768786127,"f1":0.875,"recall":1.0,"precision":0.7777777778,"roc_auc":0.9914645103}}
