{"params":{"max_depth":3},"train":{"accuracy":0.8305882353,"f1":0.8551307847,"recall":1.0,"precision":0.7469244288,"roc_auc":0.9718775855},"test":{"accuracy":0.6705202312,"f1":0.3294117647,"recall":1.0,"precision":0.1971830986,"roc_auc":0.9411500449}}
{"params":{"max_depth":5},"train":{"accuracy":0.9541176471,"f1":0.9561304837,"recall":1.0,"precision":0.9159482759,"roc_auc":0.9867924644},"test":{"accuracy":0.8843930636,"f1":0.5833333333,"recall":1.0,"precision":0.4117647059,"roc_auc":0.9786612758}}
{"params":{"max_depth":5},"train":{"accuracy":0.9541176471,"f1":0.9561304837,"recall":1.0,"precision":0.9159482759,"roc_auc":0.9867924644},"test":{"accuracy":0.8843930636,"f1":0.5833333333,"recall":1.0,"precision":0.4117647059,"roc_auc":0.9786612758}}
{"params":{"max_depth":3},"train":{"accuracy":0.8305882353,"f1":0.8551307847,"recall":1.0,"precision":0.7469244288,"roc_auc":0.9718775855},"test":{"accuracy":0.6705202312,"f1":0.3294117647,"recall":1.0,"precision":0.1971830986,"roc_auc":0.9411500449}}
{"params":{"max_depth":3},"train":{"accuracy":0.8305882353,"f1":0.8551307847,"recall":1.0,"precision":0.7469244288,"roc_auc":0.9718775855},"test":{"accuracy":0.6705202312,"f1":0.3294117647,"recall":1.0,"precision":0.1971830986,"roc_auc":0.9411500449}}
{"params":{"max_depth":10},"train":{"accuracy":0.9905882353,"f1":0.9906759907,"recall":1.0,"precision":0.9815242494,"roc_auc":0.9997121107},"test":{"accuracy":0.9768786127,"f1":0.875,"recall":1.0,"precision":0.7777777778,"roc_auc":0.9934860737}}
{"params":{"max_depth":10},"train":{"accuracy":0.9905882353,"f1":0.9906759907,"recall":1.0,"precision":0.9815242494,"roc_auc":0.9997687043},"test":{"accuracy":0.9768786127,"f1":0.875,"recall":1.0,"precision":0.7777777778,"roc_auc":0.9928122192}}
{"params":{"max_depth":5},"train":{"accuracy":0.9541176471,"f1":0.9561304837,"recall":1.0,"precision":0.9159482759,"roc_auc":0.9892170704},"test":{"accuracy":0.8843930636,"f1":0.5833333333,"recall":1.0,"precision":0.4117647059,"roc_auc":0.9757412399}}
{"params":{"max_depth":10},"train":{"accuracy":0.9905882353,"f1":0.9906759907,"recall":1.0,"precision":0.9815242494,"roc_auc":0.9997846982},"test":{"accuracy":0.9768786127,"f1":0.875,"recall":1.0,"precision":0.7777777778,"roc_auc":0.9937106918}}
{"params":{"max_depth":3},"train":{"accuracy":0.8305882353,"f1":0.8551307847,"recall":1.0,"precision":0.7469244288,"roc_auc":0.9718775855},"test":{"accuracy":0.6705202312,"f1":0.3294117647,"recall":1.0,"precision":0.1971830986,"roc_auc":0.9411500449}}
{"params":{"max_depth":5},"train":{"accuracy":0.9541176471,"f1":0.9561304837,"recall":1.0,"precision":0.9159482759,"roc_auc":0.9894615917},"test":{"accuracy":0.8843930636,"f1":0.5833333333,"recall":1.0,"precision":0.4117647059,"roc_auc":0.9721473495}}
{"params":{"max_depth":10},"train":{"accuracy":0.9905882353,"f1":0.9906759907,"recall":1.0,"precision":0.9815242494,"roc_auc":0.9997988466},"test":{"accuracy":0.9768786127,"f1":0.875,"recall":1.0,"precision":0.7777777778,"roc_auc":0.9928122192}}
{"params":{"max_depth":3},"train":{"accuracy":0.8305882353,"f1":0.8551307847,"recall":1.0,"precision":0.7469244288,"roc_auc":0.9772438293},"test":{"accuracy":0.6705202312,"f1":0.3294117647,"recall":1.0,"precision":0.1971830986,"roc_auc":0.9564240791}}
{"params":{"max_depth":5},"train":{"accuracy":0.9541176471,"f1":0.9561304837,"recall":1.0,"precision":0.9159482759,"roc_auc":0.9940432141},"test":{"accuracy":0.8843930636,"f1":0.5833333333,"recall":1.0,"precision":0.4117647059,"roc_auc":0.9773135669}}
{"params":{"max_depth":10},"train":{"accuracy":0.9905882353,"f1":0.9906759907,"recall":1.0,"precision":0.9815242494,"roc_auc":0.9997957709},"test":{"accuracy":0.9768786127,"f1":0.875,"recall":1.0,"precision":0.7777777778,"roc_auc":0.9919137466}}
