{"params":{"max_depth":3},"train":{"accuracy":0.7872648336,"f1":0.4212598425,"recall":1.0,"precision":0.2668329177,"roc_auc":0.9826534726},"test":{"accuracy":0.7630057803,"f1":0.4057971014,"recall":1.0,"precision":0.2545454545,"roc_auc":0.9559748428}}
{"params":{"max_depth":5},"train":{"accuracy":0.9153400868,"f1":0.6465256798,"recall":1.0,"precision":0.4776785714,"roc_auc":0.9959574858},"test":{"accuracy":0.8843930636,"f1":0.5833333333,"recall":1.0,"precision":0.4117647059,"roc_auc":0.9871967655}}
{"params":{"max_depth":3},"train":{"accuracy":0.8458755427,"f1":0.5011709602,"recall":1.0,"precision":0.334375,"roc_auc":0.9805937328},"test":{"accuracy":0.8265895954,"f1":0.4827586207,"recall":1.0,"precision":0.3181818182,"roc_auc":0.9492362983}}
{"params":{"max_depth":5},"train":{"accuracy":0.9341534009,"f1":0.7016393443,"recall":1.0,"precision":0.5404040404,"roc_auc":0.9928568811},"test":{"accuracy":0.9132947977,"f1":0.6511627907,"recall":1.0,"precision":0.4827586207,"roc_auc":0.9838274933}}
{"params":{"max_depth":10},"train":{"accuracy":0.991316932,"f1":0.9469026549,"recall":1.0,"precision":0.8991596639,"roc_auc":0.9998387392},"test":{"accuracy":0.9884393064,"f1":0.9333333333,"recall":1.0,"precision":0.875,"roc_auc":0.9964061096}}
{"params":{"max_depth":3},"train":{"accuracy":0.8191027496,"f1":0.4612068966,"recall":1.0,"precision":0.299719888,"roc_auc":0.9826754627},"test":{"accuracy":0.7976878613,"f1":0.4444444444,"recall":1.0,"precision":0.2857142857,"roc_auc":0.9568733154}}
{"params":{"max_depth":5},"train":{"accuracy":0.9247467438,"f1":0.6729559748,"recall":1.0,"precision":0.5071090047,"roc_auc":0.9919772769},"test":{"accuracy":0.8959537572,"f1":0.6086956522,"recall":1.0,"precision":0.4375,"roc_auc":0.9865229111}}
{"params":{"max_depth":10},"train":{"accuracy":0.993487699,"f1":0.9596412556,"recall":1.0,"precision":0.9224137931,"roc_auc":0.9998827194},"test":{"accuracy":0.9884393064,"f1":0.9333333333,"recall":1.0,"precision":0.875,"roc_auc":0.995507637}}
{"params":{"max_depth":10},"train":{"accuracy":0.991316932,"f1":0.9469026549,"recall":1.0,"precision":0.8991596639,"roc_auc":0.9999047095},"test":{"accuracy":0.9884393064,"f1":0.9333333333,"recall":1.0,"precision":0.875,"roc_auc":0.9959568733}}
{"params":{"max_depth":3},"train":{"accuracy":0.8364688857,"f1":0.4863636364,"recall":1.0,"precision":0.3213213213,"roc_auc":0.9828807037},"test":{"accuracy":0.8150289017,"f1":0.4666666667,"recall":1.0,"precision":0.3043478261,"roc_auc":0.9568733154}}
{"params":{"max_depth":5},"train":{"accuracy":0.9341534009,"f1":0.7016393443,"recall":1.0,"precision":0.5404040404,"roc_auc":0.99157779},"test":{"accuracy":0.9132947977,"f1":0.6511627907,"recall":1.0,"precision":0.4827586207,"roc_auc":0.9851752022}}
{"params":{"max_depth":10},"train":{"accuracy":0.99276411,"f1":0.9553571429,"recall":1.0,"precision":0.9145299145,"roc_auc":0.9998900495},"test":{"accuracy":0.9884393064,"f1":0.9333333333,"recall":1.0,"precision":0.875,"roc_auc":0.995507637}}
{"params":{"max_depth":3},"train":{"accuracy":0.8480463097,"f1":0.5047169811,"recall":1.0,"precision":0.3375394322,"roc_auc":0.9830639546},"test":{"accuracy":0.8323699422,"f1":0.4912280702,"recall":1.0,"precision":0.3255813953,"roc_auc":0.9573225517}}
{"params":{"max_depth":5},"train":{"accuracy":0.9413892909,"f1":0.7254237288,"recall":1.0,"precision":0.5691489362,"roc_auc":0.9927249404},"test":{"accuracy":0.9248554913,"f1":0.6829268293,"recall":1.0,"precision":0.5185185185,"roc_auc":0.9851752022}}
{"params":{"max_depth":10},"train":{"accuracy":0.992040521,"f1":0.9511111111,"recall":1.0,"precision":0.906779661,"roc_auc":0.9999047095},"test":{"accuracy":0.9884393064,"f1":0.9333333333,"recall":1.0,"precision":0.875,"roc_auc":0.9959568733}}
