{"params":{"max_depth":3,"n_estimators":50},"train":{"accuracy":0.8305882353,"f1":0.8551307847,"recall":1.0,"precision":0.7469244288,"roc_auc":0.9675838524},"test":{"accuracy":0.6705202312,"f1":0.3294117647,"recall":1.0,"precision":0.1971830986,"roc_auc":0.9375561545}}
{"params":{"max_depth":5,"n_estimators":25},"train":{"accuracy":0.9541176471,"f1":0.9561304837,"recall":1.0,"precision":0.9159482759,"roc_auc":0.9541176471},"test":{"accuracy":0.8843930636,"f1":0.5833333333,"recall":1.0,"precision":0.4117647059,"roc_auc":0.9371069182}}
{"params":{"max_depth":5,"n_estimators":50},"train":{"accuracy":0.9541176471,"f1":0.9561304837,"recall":1.0,"precision":0.9159482759,"roc_auc":0.9719929258},"test":{"accuracy":0.8843930636,"f1":0.5833333333,"recall":1.0,"precision":0.4117647059,"roc_auc":0.9420485175}}
{"params":{"max_depth":10,"n_estimators":25},"train":{"accuracy":0.9894117647,"f1":0.9895227008,"recall":1.0,"precision":0.9792626728,"roc_auc":0.999657055},"test":{"accuracy":0.9768786127,"f1":0.875,"recall":1.0,"precision":0.7777777778,"roc_auc":0.9912398922}}
{"params":{"max_depth":5,"n_estimators":100},"train":{"accuracy":0.9541176471,"f1":0.9561304837,"recall":1.0,"precision":0.9159482759,"roc_auc":0.9779121876},"test":{"accuracy":0.8843930636,"f1":0.5833333333,"recall":1.0,"precision":0.4117647059,"roc_auc":0.9555256065}}
{"params":{"max_depth":3,"n_estimators":25},"train":{"accuracy":0.8764705882,"f1":0.890052356,"recall":1.0,"precision":0.8018867925,"roc_auc":0.9541176471},"test":{"accuracy":0.7572254335,"f1":0.4,"recall":1.0,"precision":0.25,"roc_auc":0.9371069182}}
{"params":{"max_depth":3,"n_estimators":100},"train":{"accuracy":0.8623529412,"f1":0.8790072389,"recall":1.0,"precision":0.7841328413,"roc_auc":0.9675712418},"test":{"accuracy":0.7225433526,"f1":0.3684210526,"recall":1.0,"precision":0.2258064516,"roc_auc":0.9375561545}}
{"params":{"max_depth":10,"n_estimators":50},"train":{"accuracy":0.9894117647,"f1":0.9895227008,"recall":1.0,"precision":0.9792626728,"roc_auc":0.9996195309},"test":{"accuracy":0.9768786127,"f1":0.875,"recall":1.0,"precision":0.7777777778,"roc_auc":0.9921383648}}
{"params":{"max_depth":10,"n_estimators":100},"train":{"accuracy":0.9894117647,"f1":0.9895227008,"recall":1.0,"precision":0.9792626728,"roc_auc":0.9996850442},"test":{"accuracy":0.9768786127,"f1":0.875,"recall":1.0,"precision":0.7777777778,"roc_auc":0.9914645103}}
{"params":{"max_depth":3,"n_estimators":250},"train":{"accuracy":0.9082352941,"f1":0.9159482759,"recall":1.0,"precision":0.8449304175,"roc_auc":0.9718901961},"test":{"accuracy":0.8092485549,"f1":0.4590163934,"recall":1.0,"precision":0.2978723404,"roc_auc":0.9411500449}}
{"params":{"max_depth":5,"n_estimators":250},"train":{"accuracy":0.9541176471,"f1":0.9561304837,"recall":1.0,"precision":0.9159482759,"roc_auc":0.9894443676},"test":{"accuracy":0.8843930636,"f1":0.5833333333,"recall":1.0,"precision":0.4117647059,"roc_auc":0.9721473495}}
{"params":{"max_depth":10,"n_estimators":250},"train":{"accuracy":0.9894117647,"f1":0.9895227008,"recall":1.0,"precision":0.9792626728,"roc_auc":0.9997182622},"test":{"accuracy":0.9768786127,"f1":0.875,"recall":1.0,"precision":0.7777777778,"roc_auc":0.9914645103}}
{"params":{"max_depth":3,"n_estimators":500},"train":{"accuracy":0.8623529412,"f1":0.8790072389,"recall":1.0,"precision":0.7841328413,"roc_auc":0.9718775855},"test":{"accuracy":0.7225433526,"f1":0.3684210526,"recall":1.0,"precision":0.2258064516,"roc_auc":0.9411500449}}
{"params":{"max_depth":5,"n_estimators":500},"train":{"accuracy":0.9541176471,"f1":0.9561304837,"recall":1.0,"precision":0.9159482759,"roc_auc":0.9894446751},"test":{"accuracy":0.8843930636,"f1":0.5833333333,"recall":1.0,"precision":0.4117647059,"roc_auc":0.9721473495}}
{"params":{"max_depth":10,"n_estimators":500},"train":{"accuracy":0.9894117647,"f1":0.9895227008,"recall":1.0,"precision":0.9792626728,"roc_auc":0.999713341},"test":{"accuracy":0.9768786127,"f1":0.875,"recall":1.0,"precision":0.7777777778,"roc_auc":0.9914645103}}
