{"params":{"max_depth":5},"train":{"accuracy":0.9428364689,"f1":0.7303754266,"recall":1.0,"precision":0.5752688172,"roc_auc":0.9902840388},"test":{"accuracy":0.9306358382,"f1":0.7,"recall":1.0,"precision":0.5384615385,"roc_auc":0.9842767296}}
{"params":{"max_depth":3},"train":{"accuracy":0.8053545586,"f1":0.4430641822,"recall":1.0,"precision":0.2845744681,"roc_auc":0.9766831592},"test":{"accuracy":0.8092485549,"f1":0.4590163934,"recall":1.0,"precision":0.2978723404,"roc_auc":0.9413746631}}
{"params":{"max_depth":3},"train":{"accuracy":0.7988422576,"f1":0.4349593496,"recall":1.0,"precision":0.2779220779,"roc_auc":0.9813304013},"test":{"accuracy":0.7919075145,"f1":0.4375,"recall":1.0,"precision":0.28,"roc_auc":0.9588948787}}
{"params":{"max_depth":5},"train":{"accuracy":0.9428364689,"f1":0.7303754266,"recall":1.0,"precision":0.5752688172,"roc_auc":0.9923621037},"test":{"accuracy":0.9306358382,"f1":0.7,"recall":1.0,"precision":0.5384615385,"roc_auc":0.9887690925}}
{"params":{"max_depth":10},"train":{"accuracy":0.99276411,"f1":0.9553571429,"recall":1.0,"precision":0.9145299145,"roc_auc":0.9999266997},"test":{"accuracy":0.9942196532,"f1":0.9655172414,"recall":1.0,"precision":0.9333333333,"roc_auc":0.9964061096}}
{"params":{"max_depth":3},"train":{"accuracy":0.8429811867,"f1":0.4965197216,"recall":1.0,"precision":0.3302469136,"roc_auc":0.9815209822},"test":{"accuracy":0.8265895954,"f1":0.4827586207,"recall":1.0,"precision":0.3181818182,"roc_auc":0.9602425876}}
{"params":{"max_depth":5},"train":{"accuracy":0.9413892909,"f1":0.7254237288,"recall":1.0,"precision":0.5691489362,"roc_auc":0.9919736119},"test":{"accuracy":0.9248554913,"f1":0.6829268293,"recall":1.0,"precision":0.5185185185,"roc_auc":0.9860736748}}
{"params":{"max_depth":10},"train":{"accuracy":0.991316932,"f1":0.9469026549,"recall":1.0,"precision":0.8991596639,"roc_auc":0.9999340297},"test":{"accuracy":0.9942196532,"f1":0.9655172414,"recall":1.0,"precision":0.9333333333,"roc_auc":0.9964061096}}
{"params":{"max_depth":10},"train":{"accuracy":0.991316932,"f1":0.9469026549,"recall":1.0,"precision":0.8991596639,"roc_auc":0.9998314092},"test":{"accuracy":0.9884393064,"f1":0.9333333333,"recall":1.0,"precision":0.875,"roc_auc":0.9959568733}}
{"params":{"max_depth":3},"train":{"accuracy":0.8444283647,"f1":0.4988344988,"recall":1.0,"precision":0.3322981366,"roc_auc":0.9838995785},"test":{"accuracy":0.8323699422,"f1":0.4912280702,"recall":1.0,"precision":0.3255813953,"roc_auc":0.9658580413}}
{"params":{"max_depth":5},"train":{"accuracy":0.9428364689,"f1":0.7303754266,"recall":1.0,"precision":0.5752688172,"roc_auc":0.9931684075},"test":{"accuracy":0.9306358382,"f1":0.7,"recall":1.0,"precision":0.5384615385,"roc_auc":0.9901168014}}
{"params":{"max_depth":10},"train":{"accuracy":0.99276411,"f1":0.9553571429,"recall":1.0,"precision":0.9145299145,"roc_auc":0.9998240792},"test":{"accuracy":0.9884393064,"f1":0.9333333333,"recall":1.0,"precision":0.875,"roc_auc":0.9959568733}}
{"params":{"max_depth":3},"train":{"accuracy":0.8458755427,"f1":0.5011709602,"recall":1.0,"precision":0.334375,"roc_auc":0.9839728789},"test":{"accuracy":0.8323699422,"f1":0.4912280702,"recall":1.0,"precision":0.3255813953,"roc_auc":0.9658580413}}
{"params":{"max_depth":5},"train":{"accuracy":0.9384949349,"f1":0.7157190635,"recall":1.0,"precision":0.5572916667,"roc_auc":0.9930951072},"test":{"accuracy":0.9248554913,"f1":0.6829268293,"recall":1.0,"precision":0.5185185185,"roc_auc":0.9851752022}}
{"params":{"max_depth":10},"train":{"accuracy":0.992040521,"f1":0.9511111111,"recall":1.0,"precision":0.906779661,"roc_auc":0.9998240792},"test":{"accuracy":0.9884393064,"f1":0.9333333333,"recall":1.0,"precision":0.875,"roc_auc":0.9959568733}}
