{"params":{"max_depth":5},"train":{"accuracy":0.9153400868,"f1":0.6465256798,"recall":1.0,"precision":0.4776785714,"roc_auc":0.9932746931},"test":{"accuracy":0.8843930636,"f1":0.5833333333,"recall":1.0,"precision":0.4117647059,"roc_auc":0.9856244385}}
{"params":{"max_depth":3},"train":{"accuracy":0.7850940666,"f1":0.4187866928,"recall":1.0,"precision":0.2648514851,"roc_auc":0.9841158146},"test":{"accuracy":0.7687861272,"f1":0.4117647059,"recall":1.0,"precision":0.2592592593,"roc_auc":0.9719227314}}
{"params":{"max_depth":3},"train":{"accuracy":0.8567293777,"f1":0.5194174757,"recall":1.0,"precision":0.3508196721,"roc_auc":0.9817518783},"test":{"accuracy":0.8497109827,"f1":0.5185185185,"recall":1.0,"precision":0.35,"roc_auc":0.9584456424}}
{"params":{"max_depth":5},"train":{"accuracy":0.9413892909,"f1":0.7254237288,"recall":1.0,"precision":0.5691489362,"roc_auc":0.9925820048},"test":{"accuracy":0.9248554913,"f1":0.6829268293,"recall":1.0,"precision":0.5185185185,"roc_auc":0.9892183288}}
{"params":{"max_depth":10},"train":{"accuracy":0.990593343,"f1":0.9427312775,"recall":1.0,"precision":0.8916666667,"roc_auc":0.9998607293},"test":{"accuracy":0.9884393064,"f1":0.9333333333,"recall":1.0,"precision":0.875,"roc_auc":0.9973045822}}
{"params":{"max_depth":3},"train":{"accuracy":0.7800289436,"f1":0.4131274131,"recall":1.0,"precision":0.2603406326,"roc_auc":0.9829906542},"test":{"accuracy":0.7630057803,"f1":0.4057971014,"recall":1.0,"precision":0.2545454545,"roc_auc":0.9647349506}}
{"params":{"max_depth":5},"train":{"accuracy":0.9153400868,"f1":0.6465256798,"recall":1.0,"precision":0.4776785714,"roc_auc":0.9933553234},"test":{"accuracy":0.8843930636,"f1":0.5833333333,"recall":1.0,"precision":0.4117647059,"roc_auc":0.9901168014}}
{"params":{"max_depth":10},"train":{"accuracy":0.991316932,"f1":0.9469026549,"recall":1.0,"precision":0.8991596639,"roc_auc":0.9997654389},"test":{"accuracy":0.9884393064,"f1":0.9333333333,"recall":1.0,"precision":0.875,"roc_auc":0.9959568733}}
{"params":{"max_depth":10},"train":{"accuracy":0.992040521,"f1":0.9511111111,"recall":1.0,"precision":0.906779661,"roc_auc":0.9998753894},"test":{"accuracy":0.9884393064,"f1":0.9333333333,"recall":1.0,"precision":0.875,"roc_auc":0.995507637}}
{"params":{"max_depth":3},"train":{"accuracy":0.8538350217,"f1":0.5144230769,"recall":1.0,"precision":0.3462783172,"roc_auc":0.9847535276},"test":{"accuracy":0.8323699422,"f1":0.4912280702,"recall":1.0,"precision":0.3255813953,"roc_auc":0.9658580413}}
{"params":{"max_depth":5},"train":{"accuracy":0.9413892909,"f1":0.7254237288,"recall":1.0,"precision":0.5691489362,"roc_auc":0.9948689756},"test":{"accuracy":0.9248554913,"f1":0.6829268293,"recall":1.0,"precision":0.5185185185,"roc_auc":0.9919137466}}
{"params":{"max_depth":10},"train":{"accuracy":0.99276411,"f1":0.9553571429,"recall":1.0,"precision":0.9145299145,"roc_auc":0.9999120396},"test":{"accuracy":0.9884393064,"f1":0.9333333333,"recall":1.0,"precision":0.875,"roc_auc":0.9959568733}}
{"params":{"max_depth":3},"train":{"accuracy":0.8408104197,"f1":0.4930875576,"recall":1.0,"precision":0.3272171254,"roc_auc":0.9838152831},"test":{"accuracy":0.8265895954,"f1":0.4827586207,"recall":1.0,"precision":0.3181818182,"roc_auc":0.9658580413}}
{"params":{"max_depth":5},"train":{"accuracy":0.9377713459,"f1":0.7133333333,"recall":1.0,"precision":0.5544041451,"roc_auc":0.9943485432},"test":{"accuracy":0.9190751445,"f1":0.6666666667,"recall":1.0,"precision":0.5,"roc_auc":0.9905660377}}
{"params":{"max_depth":10},"train":{"accuracy":0.99276411,"f1":0.9553571429,"recall":1.0,"precision":0.9145299145,"roc_auc":0.9999047095},"test":{"accuracy":0.9884393064,"f1":0.9333333333,"recall":1.0,"precision":0.875,"roc_auc":0.995507637}}
