{"params":{"max_depth":3},"train":{"accuracy":0.8154848046,"f1":0.4562899787,"recall":1.0,"precision":0.2955801105,"roc_auc":0.9811691406},"test":{"accuracy":0.7861271676,"f1":0.4307692308,"recall":1.0,"precision":0.2745098039,"roc_auc":0.963836478}}
{"params":{"max_depth":5},"train":{"accuracy":0.9153400868,"f1":0.6465256798,"recall":1.0,"precision":0.4776785714,"roc_auc":0.9918709914},"test":{"accuracy":0.8843930636,"f1":0.5833333333,"recall":1.0,"precision":0.4117647059,"roc_auc":0.9811320755}}
{"params":{"max_depth":3},"train":{"accuracy":0.7807525326,"f1":0.413926499,"recall":1.0,"precision":0.2609756098,"roc_auc":0.9843247205},"test":{"accuracy":0.7630057803,"f1":0.4057971014,"recall":1.0,"precision":0.2545454545,"roc_auc":0.9723719677}}
{"params":{"max_depth":5},"train":{"accuracy":0.9153400868,"f1":0.6465256798,"recall":1.0,"precision":0.4776785714,"roc_auc":0.9934909291},"test":{"accuracy":0.8843930636,"f1":0.5833333333,"recall":1.0,"precision":0.4117647059,"roc_auc":0.9851752022}}
{"params":{"max_depth":10},"train":{"accuracy":0.992040521,"f1":0.9511111111,"recall":1.0,"precision":0.906779661,"roc_auc":0.9997507788},"test":{"accuracy":0.9884393064,"f1":0.9333333333,"recall":1.0,"precision":0.875,"roc_auc":0.995507637}}
{"params":{"max_depth":3},"train":{"accuracy":0.7713458755,"f1":0.4037735849,"recall":1.0,"precision":0.2529550827,"roc_auc":0.9866006964},"test":{"accuracy":0.7514450867,"f1":0.3943661972,"recall":1.0,"precision":0.2456140351,"roc_auc":0.9725965858}}
{"params":{"max_depth":5},"train":{"accuracy":0.9153400868,"f1":0.6465256798,"recall":1.0,"precision":0.4776785714,"roc_auc":0.9946344145},"test":{"accuracy":0.8843930636,"f1":0.5833333333,"recall":1.0,"precision":0.4117647059,"roc_auc":0.9901168014}}
{"params":{"max_depth":10},"train":{"accuracy":0.992040521,"f1":0.9511111111,"recall":1.0,"precision":0.906779661,"roc_auc":0.9999047095},"test":{"accuracy":0.9884393064,"f1":0.9333333333,"recall":1.0,"precision":0.875,"roc_auc":0.9959568733}}
{"params":{"max_depth":10},"train":{"accuracy":0.991316932,"f1":0.9469026549,"recall":1.0,"precision":0.8991596639,"roc_auc":0.9999340297},"test":{"accuracy":0.9884393064,"f1":0.9333333333,"recall":1.0,"precision":0.875,"roc_auc":0.9964061096}}
{"params":{"max_depth":3},"train":{"accuracy":0.8292329957,"f1":0.4755555556,"recall":1.0,"precision":0.3119533528,"roc_auc":0.9850027488},"test":{"accuracy":0.8034682081,"f1":0.4516129032,"recall":1.0,"precision":0.2916666667,"roc_auc":0.9658580413}}
{"params":{"max_depth":5},"train":{"accuracy":0.9153400868,"f1":0.6465256798,"recall":1.0,"precision":0.4776785714,"roc_auc":0.993890416},"test":{"accuracy":0.8843930636,"f1":0.5833333333,"recall":1.0,"precision":0.4117647059,"roc_auc":0.9887690925}}
{"params":{"max_depth":10},"train":{"accuracy":0.991316932,"f1":0.9469026549,"recall":1.0,"precision":0.8991596639,"roc_auc":0.9999266997},"test":{"accuracy":0.9884393064,"f1":0.9333333333,"recall":1.0,"precision":0.875,"roc_auc":0.9959568733}}
{"params":{"max_depth":3},"train":{"accuracy":0.8552821997,"f1":0.5169082126,"recall":1.0,"precision":0.348534202,"roc_auc":0.9849294484},"test":{"accuracy":0.838150289,"f1":0.5,"recall":1.0,"precision":0.3333333333,"roc_auc":0.9631626235}}
{"params":{"max_depth":5},"train":{"accuracy":0.9428364689,"f1":0.7303754266,"recall":1.0,"precision":0.5752688172,"roc_auc":0.9939417262},"test":{"accuracy":0.9306358382,"f1":0.7,"recall":1.0,"precision":0.5384615385,"roc_auc":0.9860736748}}
{"params":{"max_depth":10},"train":{"accuracy":0.989146165,"f1":0.9344978166,"recall":1.0,"precision":0.8770491803,"roc_auc":0.9998753894},"test":{"accuracy":0.9884393064,"f1":0.9333333333,"recall":1.0,"precision":0.875,"roc_auc":0.9964061096}}
