{"params":{"max_depth":5,"n_estimators":25},"train":{"accuracy":0.9541176471,"f1":0.9561304837,"recall":1.0,"precision":0.9159482759,"roc_auc":0.9541176471},"test":{"accuracy":0.8843930636,"f1":0.5833333333,"recall":1.0,"precision":0.4117647059,"roc_auc":0.9371069182}}
{"params":{"max_depth":3,"n_estimators":25},"train":{"accuracy":0.8764705882,"f1":0.890052356,"recall":1.0,"precision":0.8018867925,"roc_auc":0.9541176471},"test":{"accuracy":0.7572254335,"f1":0.4,"recall":1.0,"precision":0.25,"roc_auc":0.9371069182}}
{"params":{"max_depth":3,"n_estimators":50},"train":{"accuracy":0.8305882353,"f1":0.8551307847,"recall":1.0,"precision":0.7469244288,"roc_auc":0.9541176471},"test":{"accuracy":0.6705202312,"f1":0.3294117647,"recall":1.0,"precision":0.1971830986,"roc_auc":0.9371069182}}
{"params":{"max_depth":5,"n_estimators":50},"train":{"accuracy":0.9541176471,"f1":0.9561304837,"recall":1.0,"precision":0.9159482759,"roc_auc":0.9541176471},"test":{"accuracy":0.8843930636,"f1":0.5833333333,"recall":1.0,"precision":0.4117647059,"roc_auc":0.9371069182}}
{"params":{"max_depth":3,"n_estimators":100},"train":{"accuracy":0.8623529412,"f1":0.8790072389,"recall":1.0,"precision":0.7841328413,"roc_auc":0.9718775855},"test":{"accuracy":0.7225433526,"f1":0.3684210526,"recall":1.0,"precision":0.2258064516,"roc_auc":0.9411500449}}
{"params":{"max_depth":5,"n_estimators":100},"train":{"accuracy":0.9541176471,"f1":0.9561304837,"recall":1.0,"precision":0.9159482759,"roc_auc":0.9867924644},"test":{"accuracy":0.8843930636,"f1":0.5833333333,"recall":1.0,"precision":0.4117647059,"roc_auc":0.9786612758}}
{"params":{"max_depth":10,"n_estimators":25},"train":{"accuracy":0.9894117647,"f1":0.9895227008,"recall":1.0,"precision":0.9792626728,"roc_auc":0.9994682045},"test":{"accuracy":0.9768786127,"f1":0.875,"recall":1.0,"precision":0.7777777778,"roc_auc":0.9914645103}}
{"params":{"max_depth":10,"n_estimators":50},"train":{"accuracy":0.9894117647,"f1":0.9895227008,"recall":1.0,"precision":0.9792626728,"roc_auc":0.9996890427},"test":{"accuracy":0.9768786127,"f1":0.875,"recall":1.0,"precision":0.7777777778,"roc_auc":0.991015274}}
{"params":{"max_depth":10,"n_estimators":100},"train":{"accuracy":0.9894117647,"f1":0.9895227008,"recall":1.0,"precision":0.9792626728,"roc_auc":0.9997053441},"test":{"accuracy":0.9768786127,"f1":0.875,"recall":1.0,"precision":0.7777777778,"roc_auc":0.9905660377}}
{"params":{"max_depth":5,"n_estimators":250},"train":{"accuracy":0.9541176471,"f1":0.9561304837,"recall":1.0,"precision":0.9159482759,"roc_auc":0.9875767782},"test":{"accuracy":0.8843930636,"f1":0.5833333333,"recall":1.0,"precision":0.4117647059,"roc_auc":0.9723719677}}
{"params":{"max_depth":3,"n_estimators":250},"train":{"accuracy":0.8623529412,"f1":0.8790072389,"recall":1.0,"precision":0.7841328413,"roc_auc":0.9718775855},"test":{"accuracy":0.7225433526,"f1":0.3684210526,"recall":1.0,"precision":0.2258064516,"roc_auc":0.9411500449}}
{"params":{"max_depth":10,"n_estimators":250},"train":{"accuracy":0.9894117647,"f1":0.9895227008,"recall":1.0,"precision":0.9792626728,"roc_auc":0.9997114956},"test":{"accuracy":0.9768786127,"f1":0.875,"recall":1.0,"precision":0.7777777778,"roc_auc":0.9914645103}}
{"params":{"max_depth":3,"n_estimators":500},"train":{"accuracy":0.8623529412,"f1":0.8790072389,"recall":1.0,"precision":0.7841328413,"roc_auc":0.9718775855},"test":{"accuracy":0.7225433526,"f1":0.3684210526,"recall":1.0,"precision":0.2258064516,"roc_auc":0.9411500449}}
{"params":{"max_depth":5,"n_estimators":500},"train":{"accuracy":0.9541176471,"f1":0.9561304837,"recall":1.0,"precision":0.9159482759,"roc_auc":0.9913337947},"test":{"accuracy":0.8843930636,"f1":0.5833333333,"recall":1.0,"precision":0.4117647059,"roc_auc":0.9768643306}}
{"params":{"max_depth":10,"n_estimators":500},"train":{"accuracy":0.9894117647,"f1":0.9895227008,"recall":1.0,"precision":0.9792626728,"roc_auc":0.9997324106},"test":{"accuracy":0.9768786127,"f1":0.875,"recall":1.0,"precision":0.7777777778,"roc_auc":0.9914645103}}
