{"params":{"max_depth":3},"train":{"accuracy":0.8623529412,"f1":0.8790072389,"recall":1.0,"precision":0.7841328413,"roc_auc":0.9541176471},"test":{"accuracy":0.7225433526,"f1":0.3684210526,"recall":1.0,"precision":0.2258064516,"roc_auc":0.9371069182}}
{"params":{"max_depth":5},"train":{"accuracy":0.9541176471,"f1":0.9561304837,"recall":1.0,"precision":0.9159482759,"roc_auc":0.9541176471},"test":{"accuracy":0.8843930636,"f1":0.5833333333,"recall":1.0,"precision":0.4117647059,"roc_auc":0.9371069182}}
{"params":{"max_depth":5},"train":{"accuracy":0.9541176471,"f1":0.9561304837,"recall":1.0,"precision":0.9159482759,"roc_auc":0.982894579},"test":{"accuracy":0.8843930636,"f1":0.5833333333,"recall":1.0,"precision":0.4117647059,"roc_auc":0.9633872417}}
{"params":{"max_depth":3},"train":{"accuracy":0.8623529412,"f1":0.8790072389,"recall":1.0,"precision":0.7841328413,"roc_auc":0.971879431},"test":{"accuracy":0.7225433526,"f1":0.3684210526,"recall":1.0,"precision":0.2258064516,"roc_auc":0.9411500449}}
{"params":{"max_depth":3},"train":{"accuracy":0.8305882353,"f1":0.8551307847,"recall":1.0,"precision":0.7469244288,"roc_auc":0.9718542099},"test":{"accuracy":0.6705202312,"f1":0.3294117647,"recall":1.0,"precision":0.1971830986,"roc_auc":0.9411500449}}
{"params":{"max_depth":5},"train":{"accuracy":0.9541176471,"f1":0.9561304837,"recall":1.0,"precision":0.9159482759,"roc_auc":0.9900825836},"test":{"accuracy":0.8843930636,"f1":0.5833333333,"recall":1.0,"precision":0.4117647059,"roc_auc":0.9748427673}}
{"params":{"max_depth":10},"train":{"accuracy":0.9905882353,"f1":0.9906759907,"recall":1.0,"precision":0.9815242494,"roc_auc":0.9997028835},"test":{"accuracy":0.9768786127,"f1":0.875,"recall":1.0,"precision":0.7777777778,"roc_auc":0.9916891285}}
{"params":{"max_depth":10},"train":{"accuracy":0.9909803922,"f1":0.9910610183,"recall":1.0,"precision":0.9822804314,"roc_auc":0.9997850058},"test":{"accuracy":0.9768786127,"f1":0.875,"recall":1.0,"precision":0.7777777778,"roc_auc":0.9925876011}}
{"params":{"max_depth":10},"train":{"accuracy":0.9905882353,"f1":0.9906759907,"recall":1.0,"precision":0.9815242494,"roc_auc":0.9997647059},"test":{"accuracy":0.9768786127,"f1":0.875,"recall":1.0,"precision":0.7777777778,"roc_auc":0.9934860737}}
{"params":{"max_depth":3},"train":{"accuracy":0.8305882353,"f1":0.8551307847,"recall":1.0,"precision":0.7469244288,"roc_auc":0.9745839293},"test":{"accuracy":0.6705202312,"f1":0.3294117647,"recall":1.0,"precision":0.1971830986,"roc_auc":0.9537286613}}
{"params":{"max_depth":5},"train":{"accuracy":0.9541176471,"f1":0.9561304837,"recall":1.0,"precision":0.9159482759,"roc_auc":0.990497501},"test":{"accuracy":0.8843930636,"f1":0.5833333333,"recall":1.0,"precision":0.4117647059,"roc_auc":0.9766397125}}
{"params":{"max_depth":10},"train":{"accuracy":0.9905882353,"f1":0.9906759907,"recall":1.0,"precision":0.9815242494,"roc_auc":0.999817301},"test":{"accuracy":0.9768786127,"f1":0.875,"recall":1.0,"precision":0.7777777778,"roc_auc":0.9937106918}}
{"params":{"max_depth":3},"train":{"accuracy":0.8305882353,"f1":0.8551307847,"recall":1.0,"precision":0.7469244288,"roc_auc":0.9745839293},"test":{"accuracy":0.6705202312,"f1":0.3294117647,"recall":1.0,"precision":0.1971830986,"roc_auc":0.9537286613}}
{"params":{"max_depth":5},"train":{"accuracy":0.9541176471,"f1":0.9561304837,"recall":1.0,"precision":0.9159482759,"roc_auc":0.990497501},"test":{"accuracy":0.8843930636,"f1":0.5833333333,"recall":1.0,"precision":0.4117647059,"roc_auc":0.9766397125}}
{"params":{"max_depth":10},"train":{"accuracy":0.9905882353,"f1":0.9906759907,"recall":1.0,"precision":0.9815242494,"roc_auc":0.9998345252},"test":{"accuracy":0.9768786127,"f1":0.875,"recall":1.0,"precision":0.7777777778,"roc_auc":0.9937106918}}
