{"params":{"max_depth":5},"train":{"accuracy":0.9541176471,"f1":0.9561304837,"recall":1.0,"precision":0.9159482759,"roc_auc":0.9871366398},"test":{"accuracy":0.8843930636,"f1":0.5833333333,"recall":1.0,"precision":0.4117647059,"roc_auc":0.9730458221}}
{"params":{"max_depth":5},"train":{"accuracy":0.9541176471,"f1":0.9561304837,"recall":1.0,"precision":0.9159482759,"roc_auc":0.986802922},"test":{"accuracy":0.8843930636,"f1":0.5833333333,"recall":1.0,"precision":0.4117647059,"roc_auc":0.9786612758}}
{"params":{"max_depth":3},"train":{"accuracy":0.8305882353,"f1":0.8551307847,"recall":1.0,"precision":0.7469244288,"roc_auc":0.9719028066},"test":{"accuracy":0.6705202312,"f1":0.3294117647,"recall":1.0,"precision":0.1971830986,"roc_auc":0.9411500449}}
{"params":{"max_depth":3},"train":{"accuracy":0.8305882353,"f1":0.8551307847,"recall":1.0,"precision":0.7469244288,"roc_auc":0.9718901961},"test":{"accuracy":0.6705202312,"f1":0.3294117647,"recall":1.0,"precision":0.1971830986,"roc_auc":0.9411500449}}
{"params":{"max_depth":10},"train":{"accuracy":0.9901960784,"f1":0.9902912621,"recall":1.0,"precision":0.9807692308,"roc_auc":0.9998243752},"test":{"accuracy":0.9710982659,"f1":0.8387096774,"recall":0.9285714286,"precision":0.7647058824,"roc_auc":0.9937106918}}
{"params":{"max_depth":10},"train":{"accuracy":0.9905882353,"f1":0.9906759907,"recall":1.0,"precision":0.9815242494,"roc_auc":0.9998480584},"test":{"accuracy":0.9768786127,"f1":0.875,"recall":1.0,"precision":0.7777777778,"roc_auc":0.9950584007}}
{"params":{"max_depth":5},"train":{"accuracy":0.9541176471,"f1":0.9561304837,"recall":1.0,"precision":0.9159482759,"roc_auc":0.9871366398},"test":{"accuracy":0.8843930636,"f1":0.5833333333,"recall":1.0,"precision":0.4117647059,"roc_auc":0.9730458221}}
{"params":{"max_depth":3},"train":{"accuracy":0.8305882353,"f1":0.8551307847,"recall":1.0,"precision":0.7469244288,"roc_auc":0.9718901961},"test":{"accuracy":0.6705202312,"f1":0.3294117647,"recall":1.0,"precision":0.1971830986,"roc_auc":0.9411500449}}
{"params":{"max_depth":10},"train":{"accuracy":0.9905882353,"f1":0.9906759907,"recall":1.0,"precision":0.9815242494,"roc_auc":0.9998449827},"test":{"accuracy":0.9768786127,"f1":0.875,"recall":1.0,"precision":0.7777777778,"roc_auc":0.9941599281}}
{"params":{"max_depth":3},"train":{"accuracy":0.8305882353,"f1":0.8551307847,"recall":1.0,"precision":0.7469244288,"roc_auc":0.9718901961},"test":{"accuracy":0.6705202312,"f1":0.3294117647,"recall":1.0,"precision":0.1971830986,"roc_auc":0.9411500449}}
{"params":{"max_depth":5},"train":{"accuracy":0.9541176471,"f1":0.9561304837,"recall":1.0,"precision":0.9159482759,"roc_auc":0.989469281},"test":{"accuracy":0.8843930636,"f1":0.5833333333,"recall":1.0,"precision":0.4117647059,"roc_auc":0.9721473495}}
{"params":{"max_depth":3},"train":{"accuracy":0.8305882353,"f1":0.8551307847,"recall":1.0,"precision":0.7469244288,"roc_auc":0.9718901961},"test":{"accuracy":0.6705202312,"f1":0.3294117647,"recall":1.0,"precision":0.1971830986,"roc_auc":0.9411500449}}
{"params":{"max_depth":10},"train":{"accuracy":0.9905882353,"f1":0.9906759907,"recall":1.0,"precision":0.9815242494,"roc_auc":0.9998246828},"test":{"accuracy":0.9768786127,"f1":0.875,"recall":1.0,"precision":0.7777777778,"roc_auc":0.9932614555}}
{"params":{"max_depth":5},"train":{"accuracy":0.9541176471,"f1":0.9561304837,"recall":1.0,"precision":0.9159482759,"roc_auc":0.9901459439},"test":{"accuracy":0.8843930636,"f1":0.5833333333,"recall":1.0,"precision":0.4117647059,"roc_auc":0.9748427673}}
{"params":{"max_depth":10},"train":{"accuracy":0.9905882353,"f1":0.9906759907,"recall":1.0,"precision":0.9815242494,"roc_auc":0.9998320646},"test":{"accuracy":0.9768786127,"f1":0.875,"recall":1.0,"precision":0.7777777778,"roc_auc":0.9937106918}}
