{"params":{"max_depth":3},"train":{"accuracy":0.9469924812,"f1":0.9496608354,"recall":1.0,"precision":0.9041468389,"roc_auc":0.9469924812},"test":{"accuracy":0.8670520231,"f1":0.3783783784,"recall":1.0,"precision":0.2333333333,"roc_auc":0.9307228916}}
{"params":{"max_depth":5},"train":{"accuracy":0.984962406,"f1":0.9851851852,"recall":1.0,"precision":0.9708029197,"roc_auc":0.9917293233},"test":{"accuracy":0.9595375723,"f1":0.6666666667,"recall":1.0,"precision":0.5,"roc_auc":0.9939759036}}
{"params":{"max_depth":5},"train":{"accuracy":0.984962406,"f1":0.9851851852,"recall":1.0,"precision":0.9708029197,"roc_auc":0.9917293233},"test":{"accuracy":0.9595375723,"f1":0.6666666667,"recall":1.0,"precision":0.5,"roc_auc":0.9939759036}}
{"params":{"max_depth":3},"train":{"accuracy":0.9469924812,"f1":0.9496608354,"recall":1.0,"precision":0.9041468389,"roc_auc":0.9469924812},"test":{"accuracy":0.8670520231,"f1":0.3783783784,"recall":1.0,"precision":0.2333333333,"roc_auc":0.9307228916}}
{"params":{"max_depth":10},"train":{"accuracy":0.9984962406,"f1":0.9984984985,"recall":1.0,"precision":0.9970014993,"roc_auc":1.0},"test":{"accuracy":1.0,"f1":1.0,"recall":1.0,"precision":1.0,"roc_auc":1.0}}
{"params":{"max_depth":3},"train":{"accuracy":0.9469924812,"f1":0.9496608354,"recall":1.0,"precision":0.9041468389,"roc_auc":0.9672932331},"test":{"accuracy":0.8670520231,"f1":0.3783783784,"recall":1.0,"precision":0.2333333333,"roc_auc":0.9487951807}}
{"params":{"max_depth":5},"train":{"accuracy":0.984962406,"f1":0.9851851852,"recall":1.0,"precision":0.9708029197,"roc_auc":0.9917293233},"test":{"accuracy":0.9595375723,"f1":0.6666666667,"recall":1.0,"precision":0.5,"roc_auc":0.9939759036}}
{"params":{"max_depth":10},"train":{"accuracy":0.9984962406,"f1":0.9984984985,"recall":1.0,"precision":0.9970014993,"roc_auc":1.0},"test":{"accuracy":1.0,"f1":1.0,"recall":1.0,"precision":1.0,"roc_auc":1.0}}
{"params":{"max_depth":10},"train":{"accuracy":0.9984962406,"f1":0.9984984985,"recall":1.0,"precision":0.9970014993,"roc_auc":1.0},"test":{"accuracy":1.0,"f1":1.0,"recall":1.0,"precision":1.0,"roc_auc":1.0}}
{"params":{"max_depth":3},"train":{"accuracy":0.9469924812,"f1":0.9496608354,"recall":1.0,"precision":0.9041468389,"roc_auc":0.9672932331},"test":{"accuracy":0.8670520231,"f1":0.3783783784,"recall":1.0,"precision":0.2333333333,"roc_auc":0.9487951807}}
{"params":{"max_depth":5},"train":{"accuracy":0.984962406,"f1":0.9851851852,"recall":1.0,"precision":0.9708029197,"roc_auc":0.9917293233},"test":{"accuracy":0.9595375723,"f1":0.6666666667,"recall":1.0,"precision":0.5,"roc_auc":0.9939759036}}
{"params":{"max_depth":10},"train":{"accuracy":0.9977443609,"f1":0.9977494374,"recall":1.0,"precision":0.995508982,"roc_auc":1.0},"test":{"accuracy":1.0,"f1":1.0,"recall":1.0,"precision":1.0,"roc_auc":1.0}}
{"params":{"max_depth":3},"train":{"accuracy":0.9469924812,"f1":0.9496608354,"recall":1.0,"precision":0.9041468389,"roc_auc":0.9672932331},"test":{"accuracy":0.8670520231,"f1":0.3783783784,"recall":1.0,"precision":0.2333333333,"roc_auc":0.9487951807}}
{"params":{"max_depth":5},"train":{"accuracy":0.984962406,"f1":0.9851851852,"recall":1.0,"precision":0.9708029197,"roc_auc":0.9917293233},"test":{"accuracy":0.9595375723,"f1":0.6666666667,"recall":1.0,"precision":0.5,"roc_auc":0.9939759036}}
{"params":{"max_depth":10},"train":{"accuracy":0.9977443609,"f1":0.9977494374,"recall":1.0,"precision":0.995508982,"roc_auc":1.0},"test":{"accuracy":1.0,"f1":1.0,"recall":1.0,"precision":1.0,"roc_auc":1.0}}
