{"params":{"max_depth":3},"train":{"accuracy":0.7827558202,"f1":0.7762130508,"recall":0.7535192204,"precision":0.8003162737,"roc_auc":0.8536165976},"test":{"accuracy":0.7769857434,"f1":0.1978021978,"recall":0.4655172414,"precision":0.1255813953,"roc_auc":0.6858113151}}
{"params":{"max_depth":5},"train":{"accuracy":0.8361532214,"f1":0.8274042917,"recall":0.7854629128,"precision":0.8740774213,"roc_auc":0.9218437858},"test":{"accuracy":0.8615071283,"f1":0.2527472527,"recall":0.3965517241,"precision":0.185483871,"roc_auc":0.7128769219}}
{"params":{"max_depth":3},"train":{"accuracy":0.7803871142,"f1":0.773219652,"recall":0.7487818083,"precision":0.7993064586,"roc_auc":0.8576166769},"test":{"accuracy":0.7769857434,"f1":0.1978021978,"recall":0.4655172414,"precision":0.1255813953,"roc_auc":0.6895618749}}
{"params":{"max_depth":5},"train":{"accuracy":0.8364239307,"f1":0.8267756038,"recall":0.7807255008,"precision":0.8785986291,"roc_auc":0.9256060326},"test":{"accuracy":0.8676171079,"f1":0.2613636364,"recall":0.3965517241,"precision":0.1949152542,"roc_auc":0.7173178833}}
{"params":{"max_depth":3},"train":{"accuracy":0.7747022198,"f1":0.7659753954,"recall":0.7374120195,"precision":0.7968407196,"roc_auc":0.8594408132},"test":{"accuracy":0.7769857434,"f1":0.1978021978,"recall":0.4655172414,"precision":0.1255813953,"roc_auc":0.6924540976}}
{"params":{"max_depth":10},"train":{"accuracy":0.9394288035,"f1":0.9403929404,"recall":0.9556036816,"precision":0.9256588436,"roc_auc":0.9870305239},"test":{"accuracy":0.8900203666,"f1":0.28,"recall":0.3620689655,"precision":0.2282608696,"roc_auc":0.7255747126}}
{"params":{"max_depth":5},"train":{"accuracy":0.8339875474,"f1":0.8240441862,"recall":0.7774769897,"precision":0.8765450939,"roc_auc":0.9266684327},"test":{"accuracy":0.8625254582,"f1":0.2458100559,"recall":0.3793103448,"precision":0.1818181818,"roc_auc":0.7132034632}}
{"params":{"max_depth":10},"train":{"accuracy":0.9395641581,"f1":0.9406210519,"recall":0.9573632918,"precision":0.9244543197,"roc_auc":0.9878022908},"test":{"accuracy":0.8869653768,"f1":0.255033557,"recall":0.3275862069,"precision":0.2087912088,"roc_auc":0.7371436035}}
{"params":{"max_depth":3},"train":{"accuracy":0.7747022198,"f1":0.7659753954,"recall":0.7374120195,"precision":0.7968407196,"roc_auc":0.8653151729},"test":{"accuracy":0.7769857434,"f1":0.1978021978,"recall":0.4655172414,"precision":0.1255813953,"roc_auc":0.6933964024}}
{"params":{"max_depth":10},"train":{"accuracy":0.9389550623,"f1":0.9401141947,"recall":0.9583107742,"precision":0.922595778,"roc_auc":0.9884403611},"test":{"accuracy":0.882892057,"f1":0.2483660131,"recall":0.3275862069,"precision":0.2,"roc_auc":0.7378713241}}
{"params":{"max_depth":5},"train":{"accuracy":0.836491608,"f1":0.8267106584,"recall":0.7800487277,"precision":0.8793103448,"roc_auc":0.9291098176},"test":{"accuracy":0.866598778,"f1":0.2514285714,"recall":0.3793103448,"precision":0.188034188,"roc_auc":0.7112348858}}
{"params":{"max_depth":3},"train":{"accuracy":0.7747698971,"f1":0.7660621397,"recall":0.7375473741,"precision":0.79687043,"roc_auc":0.8663586842},"test":{"accuracy":0.7769857434,"f1":0.1978021978,"recall":0.4655172414,"precision":0.1255813953,"roc_auc":0.694198761}}
{"params":{"max_depth":10},"train":{"accuracy":0.9382782891,"f1":0.9393939394,"recall":0.9566865187,"precision":0.9227154047,"roc_auc":0.9884580224},"test":{"accuracy":0.8879837067,"f1":0.2763157895,"recall":0.3620689655,"precision":0.2234042553,"roc_auc":0.7389629049}}
{"params":{"max_depth":5},"train":{"accuracy":0.8329723877,"f1":0.8225226521,"recall":0.774093124,"precision":0.8774163854,"roc_auc":0.9301893752},"test":{"accuracy":0.8655804481,"f1":0.25,"recall":0.3793103448,"precision":0.186440678,"roc_auc":0.7124570831}}
{"params":{"max_depth":10},"train":{"accuracy":0.9389550623,"f1":0.9400505118,"recall":0.9572279372,"precision":0.9234787151,"roc_auc":0.9886703064},"test":{"accuracy":0.8879837067,"f1":0.2666666667,"recall":0.3448275862,"precision":0.2173913043,"roc_auc":0.7352869831}}
