{"params":{"max_depth":3},"train":{"accuracy":0.7747022198,"f1":0.7659753954,"recall":0.7374120195,"precision":0.7968407196,"roc_auc":0.8498569616},"test":{"accuracy":0.7769857434,"f1":0.1978021978,"recall":0.4655172414,"precision":0.1255813953,"roc_auc":0.6912505598}}
{"params":{"max_depth":5},"train":{"accuracy":0.8280319437,"f1":0.8147283996,"recall":0.7562263129,"precision":0.8830409357,"roc_auc":0.922160911},"test":{"accuracy":0.8716904277,"f1":0.2409638554,"recall":0.3448275862,"precision":0.1851851852,"roc_auc":0.6993114644}}
{"params":{"max_depth":3},"train":{"accuracy":0.7747022198,"f1":0.7659753954,"recall":0.7374120195,"precision":0.7968407196,"roc_auc":0.8551401342},"test":{"accuracy":0.7769857434,"f1":0.1978021978,"recall":0.4655172414,"precision":0.1255813953,"roc_auc":0.6896271832}}
{"params":{"max_depth":5},"train":{"accuracy":0.8251218192,"f1":0.8114419148,"recall":0.752571738,"precision":0.8803039899,"roc_auc":0.9260825586},"test":{"accuracy":0.8706720978,"f1":0.2485207101,"recall":0.3620689655,"precision":0.1891891892,"roc_auc":0.7049746231}}
{"params":{"max_depth":3},"train":{"accuracy":0.7747022198,"f1":0.7659753954,"recall":0.7374120195,"precision":0.7968407196,"roc_auc":0.8553348301},"test":{"accuracy":0.7769857434,"f1":0.1978021978,"recall":0.4655172414,"precision":0.1255813953,"roc_auc":0.6902056277}}
{"params":{"max_depth":10},"train":{"accuracy":0.932864104,"f1":0.9343394228,"recall":0.9553329724,"precision":0.9142487047,"roc_auc":0.9862608731},"test":{"accuracy":0.8767820774,"f1":0.248447205,"recall":0.3448275862,"precision":0.1941747573,"roc_auc":0.7193051202}}
{"params":{"max_depth":5},"train":{"accuracy":0.8260016243,"f1":0.8127867181,"recall":0.7554141852,"precision":0.8795902285,"roc_auc":0.9278428283},"test":{"accuracy":0.8696537678,"f1":0.2470588235,"recall":0.3620689655,"precision":0.1875,"roc_auc":0.706887222}}
{"params":{"max_depth":10},"train":{"accuracy":0.9335408771,"f1":0.9349324145,"recall":0.9549269085,"precision":0.9157580478,"roc_auc":0.9871966301},"test":{"accuracy":0.8788187373,"f1":0.2420382166,"recall":0.3275862069,"precision":0.1919191919,"roc_auc":0.7293812509}}
{"params":{"max_depth":3},"train":{"accuracy":0.7747022198,"f1":0.7659753954,"recall":0.7374120195,"precision":0.7968407196,"roc_auc":0.8638854851},"test":{"accuracy":0.7769857434,"f1":0.1978021978,"recall":0.4655172414,"precision":0.1255813953,"roc_auc":0.6933964024}}
{"params":{"max_depth":10},"train":{"accuracy":0.9344883595,"f1":0.9358345486,"recall":0.955468327,"precision":0.9169914263,"roc_auc":0.9876048284},"test":{"accuracy":0.8778004073,"f1":0.2405063291,"recall":0.3275862069,"precision":0.19,"roc_auc":0.7290733692}}
{"params":{"max_depth":5},"train":{"accuracy":0.836491608,"f1":0.8266857963,"recall":0.779913373,"precision":0.8794261294,"roc_auc":0.9299176216},"test":{"accuracy":0.8676171079,"f1":0.2528735632,"recall":0.3793103448,"precision":0.1896551724,"roc_auc":0.711001642}}
{"params":{"max_depth":3},"train":{"accuracy":0.7747022198,"f1":0.7659753954,"recall":0.7374120195,"precision":0.7968407196,"roc_auc":0.8654328937},"test":{"accuracy":0.7769857434,"f1":0.1978021978,"recall":0.4655172414,"precision":0.1255813953,"roc_auc":0.6969603672}}
{"params":{"max_depth":10},"train":{"accuracy":0.9377368706,"f1":0.9388623073,"recall":0.9561451002,"precision":0.9221932115,"roc_auc":0.9881699999},"test":{"accuracy":0.882892057,"f1":0.2483660131,"recall":0.3275862069,"precision":0.2,"roc_auc":0.7306221078}}
{"params":{"max_depth":5},"train":{"accuracy":0.8287087168,"f1":0.8168198596,"recall":0.7638061722,"precision":0.8777414839,"roc_auc":0.9298620453},"test":{"accuracy":0.8686354379,"f1":0.2543352601,"recall":0.3793103448,"precision":0.1913043478,"roc_auc":0.7113468428}}
{"params":{"max_depth":10},"train":{"accuracy":0.9378722252,"f1":0.9389871062,"recall":0.9561451002,"precision":0.9224340559,"roc_auc":0.9883239136},"test":{"accuracy":0.8849287169,"f1":0.2516556291,"recall":0.3275862069,"precision":0.2043010753,"roc_auc":0.733010524}}
