{"params":{"max_depth":3},"train":{"accuracy":0.7774093124,"f1":0.7788610233,"recall":0.7839740119,"precision":0.7738142953,"roc_auc":0.8597642957},"test":{"accuracy":0.7423625255,"f1":0.1864951768,"recall":0.5,"precision":0.1146245059,"roc_auc":0.6993301239}}
{"params":{"max_depth":5},"train":{"accuracy":0.838860314,"f1":0.8309309096,"recall":0.791959935,"precision":0.873935773,"roc_auc":0.9272507159},"test":{"accuracy":0.8615071283,"f1":0.2608695652,"recall":0.4137931034,"precision":0.1904761905,"roc_auc":0.7132034632}}
{"params":{"max_depth":3},"train":{"accuracy":0.7774093124,"f1":0.7788610233,"recall":0.7839740119,"precision":0.7738142953,"roc_auc":0.8625704035},"test":{"accuracy":0.7423625255,"f1":0.1864951768,"recall":0.5,"precision":0.1146245059,"roc_auc":0.6941707718}}
{"params":{"max_depth":5},"train":{"accuracy":0.8342582566,"f1":0.8244318589,"recall":0.7782891175,"precision":0.8763907941,"roc_auc":0.9276599493},"test":{"accuracy":0.8625254582,"f1":0.2458100559,"recall":0.3793103448,"precision":0.1818181818,"roc_auc":0.7141644275}}
{"params":{"max_depth":3},"train":{"accuracy":0.7774769897,"f1":0.7789431222,"recall":0.7841093665,"precision":0.7738445098,"roc_auc":0.8626420839},"test":{"accuracy":0.7423625255,"f1":0.1864951768,"recall":0.5,"precision":0.1146245059,"roc_auc":0.6981545753}}
{"params":{"max_depth":10},"train":{"accuracy":0.9403762859,"f1":0.9413643927,"recall":0.9572279372,"precision":0.9260180699,"roc_auc":0.9895393571},"test":{"accuracy":0.8808553971,"f1":0.2352941176,"recall":0.3103448276,"precision":0.1894736842,"roc_auc":0.7339621585}}
{"params":{"max_depth":5},"train":{"accuracy":0.8337845154,"f1":0.8238163558,"recall":0.7772062805,"precision":0.8763736264,"roc_auc":0.9279436481},"test":{"accuracy":0.8635437882,"f1":0.2555555556,"recall":0.3965517241,"precision":0.1885245902,"roc_auc":0.7139871623}}
{"params":{"max_depth":10},"train":{"accuracy":0.9408500271,"f1":0.941694463,"recall":0.9553329724,"precision":0.9284398842,"roc_auc":0.9893627988},"test":{"accuracy":0.8818737271,"f1":0.2266666667,"recall":0.2931034483,"precision":0.1847826087,"roc_auc":0.7348111658}}
{"params":{"max_depth":3},"train":{"accuracy":0.7774769897,"f1":0.7789431222,"recall":0.7841093665,"precision":0.7738445098,"roc_auc":0.8653387702},"test":{"accuracy":0.7423625255,"f1":0.1864951768,"recall":0.5,"precision":0.1146245059,"roc_auc":0.6973522167}}
{"params":{"max_depth":10},"train":{"accuracy":0.9398348674,"f1":0.9407372842,"recall":0.9550622631,"precision":0.9268356758,"roc_auc":0.9886928502},"test":{"accuracy":0.8900203666,"f1":0.28,"recall":0.3620689655,"precision":0.2282608696,"roc_auc":0.7382258546}}
{"params":{"max_depth":5},"train":{"accuracy":0.8345966432,"f1":0.8241979571,"recall":0.7754466703,"precision":0.8794903285,"roc_auc":0.9287495742},"test":{"accuracy":0.8676171079,"f1":0.2528735632,"recall":0.3793103448,"precision":0.1896551724,"roc_auc":0.7115147783}}
{"params":{"max_depth":3},"train":{"accuracy":0.7774769897,"f1":0.7789431222,"recall":0.7841093665,"precision":0.7738445098,"roc_auc":0.8656921433},"test":{"accuracy":0.7423625255,"f1":0.1864951768,"recall":0.5,"precision":0.1146245059,"roc_auc":0.6971096432}}
{"params":{"max_depth":10},"train":{"accuracy":0.9378045479,"f1":0.9388515537,"recall":0.9549269085,"precision":0.9233084675,"roc_auc":0.988409866},"test":{"accuracy":0.8900203666,"f1":0.2602739726,"recall":0.3275862069,"precision":0.2159090909,"roc_auc":0.7376007613}}
{"params":{"max_depth":5},"train":{"accuracy":0.8340552247,"f1":0.8235209443,"recall":0.7743638332,"precision":0.8793421457,"roc_auc":0.9296443841},"test":{"accuracy":0.8676171079,"f1":0.2528735632,"recall":0.3793103448,"precision":0.1896551724,"roc_auc":0.7130168682}}
{"params":{"max_depth":10},"train":{"accuracy":0.937601516,"f1":0.9386805001,"recall":0.9551976178,"precision":0.9227248954,"roc_auc":0.9884962947},"test":{"accuracy":0.8869653768,"f1":0.255033557,"recall":0.3275862069,"precision":0.2087912088,"roc_auc":0.7358094492}}
