{"params":{"max_depth":3},"train":{"accuracy":0.7826204656,"f1":0.776042393,"recall":0.7532485111,"precision":0.8002588438,"roc_auc":0.8537877238},"test":{"accuracy":0.7769857434,"f1":0.1978021978,"recall":0.4655172414,"precision":0.1255813953,"roc_auc":0.6913345275}}
{"params":{"max_depth":5},"train":{"accuracy":0.8327016784,"f1":0.8224393047,"recall":0.7749052518,"precision":0.8761861035,"roc_auc":0.9264565701},"test":{"accuracy":0.8655804481,"f1":0.2584269663,"recall":0.3965517241,"precision":0.1916666667,"roc_auc":0.7183441558}}
{"params":{"max_depth":3},"train":{"accuracy":0.7746345425,"f1":0.7658886389,"recall":0.7372766649,"precision":0.7968110006,"roc_auc":0.8538337183},"test":{"accuracy":0.7769857434,"f1":0.1978021978,"recall":0.4655172414,"precision":0.1255813953,"roc_auc":0.6895991939}}
{"params":{"max_depth":5},"train":{"accuracy":0.8333784515,"f1":0.8228267127,"recall":0.7738224147,"precision":0.8784572833,"roc_auc":0.926734855},"test":{"accuracy":0.8655804481,"f1":0.25,"recall":0.3793103448,"precision":0.186440678,"roc_auc":0.7112068966}}
{"params":{"max_depth":3},"train":{"accuracy":0.7747022198,"f1":0.7659753954,"recall":0.7374120195,"precision":0.7968407196,"roc_auc":0.8558737204},"test":{"accuracy":0.7769857434,"f1":0.1978021978,"recall":0.4655172414,"precision":0.1255813953,"roc_auc":0.6914184953}}
{"params":{"max_depth":10},"train":{"accuracy":0.9364510016,"f1":0.9375374177,"recall":0.9538440715,"precision":0.9217789405,"roc_auc":0.9883850137},"test":{"accuracy":0.8747454175,"f1":0.2064516129,"recall":0.275862069,"precision":0.1649484536,"roc_auc":0.7158064637}}
{"params":{"max_depth":5},"train":{"accuracy":0.824648078,"f1":0.8116868958,"recall":0.7558202491,"precision":0.8764715115,"roc_auc":0.9276628623},"test":{"accuracy":0.866598778,"f1":0.2514285714,"recall":0.3793103448,"precision":0.188034188,"roc_auc":0.7144723093}}
{"params":{"max_depth":10},"train":{"accuracy":0.9364510016,"f1":0.9375374177,"recall":0.9538440715,"precision":0.9217789405,"roc_auc":0.9877622047},"test":{"accuracy":0.8778004073,"f1":0.2307692308,"recall":0.3103448276,"precision":0.1836734694,"roc_auc":0.7191278549}}
{"params":{"max_depth":3},"train":{"accuracy":0.7747022198,"f1":0.7659753954,"recall":0.7374120195,"precision":0.7968407196,"roc_auc":0.8598781508},"test":{"accuracy":0.7769857434,"f1":0.1978021978,"recall":0.4655172414,"precision":0.1255813953,"roc_auc":0.6937042842}}
{"params":{"max_depth":10},"train":{"accuracy":0.9382782891,"f1":0.9393132819,"recall":0.9553329724,"precision":0.9238219895,"roc_auc":0.9880787253},"test":{"accuracy":0.883910387,"f1":0.24,"recall":0.3103448276,"precision":0.1956521739,"roc_auc":0.7321988356}}
{"params":{"max_depth":5},"train":{"accuracy":0.8324986465,"f1":0.8220064725,"recall":0.7735517055,"precision":0.8769372411,"roc_auc":0.9288977718},"test":{"accuracy":0.8655804481,"f1":0.25,"recall":0.3793103448,"precision":0.186440678,"roc_auc":0.7117853411}}
{"params":{"max_depth":3},"train":{"accuracy":0.7803194369,"f1":0.7731339111,"recall":0.7486464537,"precision":0.7992774566,"roc_auc":0.8672252891},"test":{"accuracy":0.7769857434,"f1":0.1978021978,"recall":0.4655172414,"precision":0.1255813953,"roc_auc":0.6924261084}}
{"params":{"max_depth":10},"train":{"accuracy":0.9363833243,"f1":0.9376409712,"recall":0.956551164,"precision":0.9194639604,"roc_auc":0.9880138145},"test":{"accuracy":0.8849287169,"f1":0.2516556291,"recall":0.3275862069,"precision":0.2043010753,"roc_auc":0.7312565308}}
{"params":{"max_depth":5},"train":{"accuracy":0.834122902,"f1":0.8236563782,"recall":0.7747698971,"precision":0.8791276302,"roc_auc":0.9292045732},"test":{"accuracy":0.8676171079,"f1":0.2528735632,"recall":0.3793103448,"precision":0.1896551724,"roc_auc":0.710777728}}
{"params":{"max_depth":10},"train":{"accuracy":0.9378722252,"f1":0.9389708815,"recall":0.9558743909,"precision":0.922654821,"roc_auc":0.9883321122},"test":{"accuracy":0.8890020367,"f1":0.2585034014,"recall":0.3275862069,"precision":0.2134831461,"roc_auc":0.7301369607}}
