{"params":{"max_depth":3},"train":{"accuracy":0.7803871142,"f1":0.773219652,"recall":0.7487818083,"precision":0.7993064586,"roc_auc":0.8620483959},"test":{"accuracy":0.7769857434,"f1":0.1978021978,"recall":0.4655172414,"precision":0.1255813953,"roc_auc":0.691129273}}
{"params":{"max_depth":5},"train":{"accuracy":0.8404845696,"f1":0.8301261261,"recall":0.7795073091,"precision":0.8877755511,"roc_auc":0.9254572121},"test":{"accuracy":0.8716904277,"f1":0.2317073171,"recall":0.3275862069,"precision":0.179245283,"roc_auc":0.7192024929}}
{"params":{"max_depth":3},"train":{"accuracy":0.7747022198,"f1":0.7659753954,"recall":0.7374120195,"precision":0.7968407196,"roc_auc":0.8649786184},"test":{"accuracy":0.7769857434,"f1":0.1978021978,"recall":0.4655172414,"precision":0.1255813953,"roc_auc":0.6971003135}}
{"params":{"max_depth":5},"train":{"accuracy":0.8397401191,"f1":0.8297137926,"recall":0.7808608554,"precision":0.8850874501,"roc_auc":0.926527197},"test":{"accuracy":0.8686354379,"f1":0.2456140351,"recall":0.3620689655,"precision":0.185840708,"roc_auc":0.7124197641}}
{"params":{"max_depth":3},"train":{"accuracy":0.7747022198,"f1":0.7659753954,"recall":0.7374120195,"precision":0.7968407196,"roc_auc":0.8651166021},"test":{"accuracy":0.7769857434,"f1":0.1978021978,"recall":0.4655172414,"precision":0.1255813953,"roc_auc":0.6936949545}}
{"params":{"max_depth":10},"train":{"accuracy":0.9390227396,"f1":0.9399533489,"recall":0.9545208446,"precision":0.9258238152,"roc_auc":0.9876760141},"test":{"accuracy":0.882892057,"f1":0.2281879195,"recall":0.2931034483,"precision":0.1868131868,"roc_auc":0.749701448}}
{"params":{"max_depth":5},"train":{"accuracy":0.8251218192,"f1":0.8121273811,"recall":0.7559556037,"precision":0.8773169965,"roc_auc":0.9284953354},"test":{"accuracy":0.8676171079,"f1":0.2528735632,"recall":0.3793103448,"precision":0.1896551724,"roc_auc":0.7120092551}}
{"params":{"max_depth":10},"train":{"accuracy":0.9380752572,"f1":0.9391581887,"recall":0.9558743909,"precision":0.9230165991,"roc_auc":0.9879466776},"test":{"accuracy":0.8798370672,"f1":0.2337662338,"recall":0.3103448276,"precision":0.1875,"roc_auc":0.7433852067}}
{"params":{"max_depth":3},"train":{"accuracy":0.7747022198,"f1":0.7659753954,"recall":0.7374120195,"precision":0.7968407196,"roc_auc":0.8654653125},"test":{"accuracy":0.7769857434,"f1":0.1978021978,"recall":0.4655172414,"precision":0.1255813953,"roc_auc":0.6948238543}}
{"params":{"max_depth":10},"train":{"accuracy":0.9388873849,"f1":0.9398681494,"recall":0.9551976178,"precision":0.9250229388,"roc_auc":0.9881527783},"test":{"accuracy":0.8818737271,"f1":0.2368421053,"recall":0.3103448276,"precision":0.1914893617,"roc_auc":0.737199582}}
{"params":{"max_depth":5},"train":{"accuracy":0.8335814835,"f1":0.8229024127,"recall":0.7732809962,"precision":0.879328921,"roc_auc":0.9293284864},"test":{"accuracy":0.8676171079,"f1":0.2528735632,"recall":0.3793103448,"precision":0.1896551724,"roc_auc":0.7125130617}}
{"params":{"max_depth":3},"train":{"accuracy":0.7747022198,"f1":0.7659753954,"recall":0.7374120195,"precision":0.7968407196,"roc_auc":0.8655799462},"test":{"accuracy":0.7769857434,"f1":0.1978021978,"recall":0.4655172414,"precision":0.1255813953,"roc_auc":0.6958874459}}
{"params":{"max_depth":10},"train":{"accuracy":0.9381429345,"f1":0.9392610314,"recall":0.956551164,"precision":0.9225848564,"roc_auc":0.9883089821},"test":{"accuracy":0.8900203666,"f1":0.2702702703,"recall":0.3448275862,"precision":0.2222222222,"roc_auc":0.7325067174}}
{"params":{"max_depth":5},"train":{"accuracy":0.8345289659,"f1":0.8238599525,"recall":0.7739577694,"precision":0.88064069,"roc_auc":0.9295098081},"test":{"accuracy":0.8676171079,"f1":0.2528735632,"recall":0.3793103448,"precision":0.1896551724,"roc_auc":0.7134926855}}
{"params":{"max_depth":10},"train":{"accuracy":0.9380752572,"f1":0.9391905363,"recall":0.9564158094,"precision":0.9225747487,"roc_auc":0.9883479323},"test":{"accuracy":0.8900203666,"f1":0.2702702703,"recall":0.3448275862,"precision":0.2222222222,"roc_auc":0.7314244663}}
