{"params":{"max_depth":5},"train":{"accuracy":0.9514925373,"f1":0.8,"recall":0.9285714286,"precision":0.7027027027,"roc_auc":0.9873511905},"test":{"accuracy":0.8823529412,"f1":0.6666666667,"recall":1.0,"precision":0.5,"roc_auc":0.975}}
{"params":{"max_depth":3},"train":{"accuracy":0.9328358209,"f1":0.75,"recall":0.9642857143,"precision":0.6136363636,"roc_auc":0.9729910714},"test":{"accuracy":0.8529411765,"f1":0.5454545455,"recall":0.75,"precision":0.4285714286,"roc_auc":0.9416666667}}
{"params":{"max_depth":5},"train":{"accuracy":0.947761194,"f1":0.7878787879,"recall":0.9285714286,"precision":0.6842105263,"roc_auc":0.9870535714},"test":{"accuracy":0.9411764706,"f1":0.8,"recall":1.0,"precision":0.6666666667,"roc_auc":0.9583333333}}
{"params":{"max_depth":3},"train":{"accuracy":0.9179104478,"f1":0.7027027027,"recall":0.9285714286,"precision":0.5652173913,"roc_auc":0.9743303571},"test":{"accuracy":0.8529411765,"f1":0.5454545455,"recall":0.75,"precision":0.4285714286,"roc_auc":0.9416666667}}
{"params":{"max_depth":10},"train":{"accuracy":0.9701492537,"f1":0.8666666667,"recall":0.9285714286,"precision":0.8125,"roc_auc":0.9955357143},"test":{"accuracy":0.9411764706,"f1":0.8,"recall":1.0,"precision":0.6666666667,"roc_auc":0.9666666667}}
{"params":{"max_depth":5},"train":{"accuracy":0.9552238806,"f1":0.8181818182,"recall":0.9642857143,"precision":0.7105263158,"roc_auc":0.9876488095},"test":{"accuracy":0.8823529412,"f1":0.6,"recall":0.75,"precision":0.5,"roc_auc":0.95}}
{"params":{"max_depth":3},"train":{"accuracy":0.9291044776,"f1":0.7397260274,"recall":0.9642857143,"precision":0.6,"roc_auc":0.9758184524},"test":{"accuracy":0.8529411765,"f1":0.5454545455,"recall":0.75,"precision":0.4285714286,"roc_auc":0.9416666667}}
{"params":{"max_depth":10},"train":{"accuracy":0.973880597,"f1":0.8813559322,"recall":0.9285714286,"precision":0.8387096774,"roc_auc":0.9959821429},"test":{"accuracy":0.9117647059,"f1":0.6666666667,"recall":0.75,"precision":0.6,"roc_auc":0.9583333333}}
{"params":{"max_depth":10},"train":{"accuracy":0.9664179104,"f1":0.8524590164,"recall":0.9285714286,"precision":0.7878787879,"roc_auc":0.9947916667},"test":{"accuracy":0.9117647059,"f1":0.6666666667,"recall":0.75,"precision":0.6,"roc_auc":0.9583333333}}
{"params":{"max_depth":5},"train":{"accuracy":0.9589552239,"f1":0.8307692308,"recall":0.9642857143,"precision":0.7297297297,"roc_auc":0.9876488095},"test":{"accuracy":0.9117647059,"f1":0.6666666667,"recall":0.75,"precision":0.6,"roc_auc":0.95}}
{"params":{"max_depth":3},"train":{"accuracy":0.9253731343,"f1":0.7297297297,"recall":0.9642857143,"precision":0.5869565217,"roc_auc":0.9741071429},"test":{"accuracy":0.8823529412,"f1":0.6666666667,"recall":1.0,"precision":0.5,"roc_auc":0.95}}
{"params":{"max_depth":10},"train":{"accuracy":0.9701492537,"f1":0.8709677419,"recall":0.9642857143,"precision":0.7941176471,"roc_auc":0.993452381},"test":{"accuracy":0.9117647059,"f1":0.6666666667,"recall":0.75,"precision":0.6,"roc_auc":0.9583333333}}
{"params":{"max_depth":3},"train":{"accuracy":0.9253731343,"f1":0.7297297297,"recall":0.9642857143,"precision":0.5869565217,"roc_auc":0.975297619},"test":{"accuracy":0.8823529412,"f1":0.6666666667,"recall":1.0,"precision":0.5,"roc_auc":0.9416666667}}
{"params":{"max_depth":5},"train":{"accuracy":0.9589552239,"f1":0.8307692308,"recall":0.9642857143,"precision":0.7297297297,"roc_auc":0.9876488095},"test":{"accuracy":0.9117647059,"f1":0.6666666667,"recall":0.75,"precision":0.6,"roc_auc":0.95}}
{"params":{"max_depth":10},"train":{"accuracy":0.9701492537,"f1":0.8709677419,"recall":0.9642857143,"precision":0.7941176471,"roc_auc":0.9943452381},"test":{"accuracy":0.9117647059,"f1":0.6666666667,"recall":0.75,"precision":0.6,"roc_auc":0.9583333333}}
