{"params":{"max_depth":3},"train":{"accuracy":0.94375,"f1":0.9458917836,"recall":0.9833333333,"precision":0.9111969112,"roc_auc":0.9836197917},"test":{"accuracy":0.9117647059,"f1":0.7272727273,"recall":1.0,"precision":0.5714285714,"roc_auc":0.95}}
{"params":{"max_depth":5},"train":{"accuracy":0.95625,"f1":0.9574036511,"recall":0.9833333333,"precision":0.9328063241,"roc_auc":0.9962847222},"test":{"accuracy":0.9117647059,"f1":0.7272727273,"recall":1.0,"precision":0.5714285714,"roc_auc":0.9583333333}}
{"params":{"max_depth":5},"train":{"accuracy":0.9541666667,"f1":0.955465587,"recall":0.9833333333,"precision":0.9291338583,"roc_auc":0.9967013889},"test":{"accuracy":0.8823529412,"f1":0.6666666667,"recall":1.0,"precision":0.5,"roc_auc":0.9583333333}}
{"params":{"max_depth":5},"train":{"accuracy":0.95625,"f1":0.9575757576,"recall":0.9875,"precision":0.9294117647,"roc_auc":0.9969270833},"test":{"accuracy":0.8823529412,"f1":0.6666666667,"recall":1.0,"precision":0.5,"roc_auc":0.9583333333}}
{"params":{"max_depth":3},"train":{"accuracy":0.9416666667,"f1":0.944,"recall":0.9833333333,"precision":0.9076923077,"roc_auc":0.9855815972},"test":{"accuracy":0.8823529412,"f1":0.6666666667,"recall":1.0,"precision":0.5,"roc_auc":0.9416666667}}
{"params":{"max_depth":10},"train":{"accuracy":0.9708333333,"f1":0.9711934156,"recall":0.9833333333,"precision":0.9593495935,"roc_auc":0.9985590278},"test":{"accuracy":0.9411764706,"f1":0.8,"recall":1.0,"precision":0.6666666667,"roc_auc":0.9666666667}}
{"params":{"max_depth":3},"train":{"accuracy":0.94375,"f1":0.9461077844,"recall":0.9875,"precision":0.908045977,"roc_auc":0.9844791667},"test":{"accuracy":0.8823529412,"f1":0.6666666667,"recall":1.0,"precision":0.5,"roc_auc":0.95}}
{"params":{"max_depth":10},"train":{"accuracy":0.9708333333,"f1":0.9711934156,"recall":0.9833333333,"precision":0.9593495935,"roc_auc":0.9985763889},"test":{"accuracy":0.9411764706,"f1":0.8,"recall":1.0,"precision":0.6666666667,"roc_auc":0.9666666667}}
{"params":{"max_depth":10},"train":{"accuracy":0.96875,"f1":0.9691991786,"recall":0.9833333333,"precision":0.955465587,"roc_auc":0.9987152778},"test":{"accuracy":0.9117647059,"f1":0.7272727273,"recall":1.0,"precision":0.5714285714,"roc_auc":0.9666666667}}
{"params":{"max_depth":3},"train":{"accuracy":0.9416666667,"f1":0.944,"recall":0.9833333333,"precision":0.9076923077,"roc_auc":0.9855295139},"test":{"accuracy":0.8823529412,"f1":0.6666666667,"recall":1.0,"precision":0.5,"roc_auc":0.9416666667}}
{"params":{"max_depth":5},"train":{"accuracy":0.95625,"f1":0.9575757576,"recall":0.9875,"precision":0.9294117647,"roc_auc":0.9970833333},"test":{"accuracy":0.8823529412,"f1":0.6666666667,"recall":1.0,"precision":0.5,"roc_auc":0.9583333333}}
{"params":{"max_depth":10},"train":{"accuracy":0.96875,"f1":0.9691991786,"recall":0.9833333333,"precision":0.955465587,"roc_auc":0.9988020833},"test":{"accuracy":0.9117647059,"f1":0.7272727273,"recall":1.0,"precision":0.5714285714,"roc_auc":0.9666666667}}
{"params":{"max_depth":3},"train":{"accuracy":0.94375,"f1":0.9461077844,"recall":0.9875,"precision":0.908045977,"roc_auc":0.9858506944},"test":{"accuracy":0.8823529412,"f1":0.6666666667,"recall":1.0,"precision":0.5,"roc_auc":0.9416666667}}
{"params":{"max_depth":5},"train":{"accuracy":0.9583333333,"f1":0.95951417,"recall":0.9875,"precision":0.9330708661,"roc_auc":0.9968229167},"test":{"accuracy":0.8823529412,"f1":0.6666666667,"recall":1.0,"precision":0.5,"roc_auc":0.9583333333}}
{"params":{"max_depth":10},"train":{"accuracy":0.96875,"f1":0.9691991786,"recall":0.9833333333,"precision":0.955465587,"roc_auc":0.9987326389},"test":{"accuracy":0.9117647059,"f1":0.7272727273,"recall":1.0,"precision":0.5714285714,"roc_auc":0.9666666667}}
