{"params":{"max_depth":3},"train":{"accuracy":0.921641791,"f1":0.7042253521,"recall":0.8928571429,"precision":0.5813953488,"roc_auc":0.974702381},"test":{"accuracy":0.8529411765,"f1":0.5454545455,"recall":0.75,"precision":0.4285714286,"roc_auc":0.9416666667}}
{"params":{"max_depth":5},"train":{"accuracy":0.9514925373,"f1":0.8,"recall":0.9285714286,"precision":0.7027027027,"roc_auc":0.9863095238},"test":{"accuracy":0.9117647059,"f1":0.7272727273,"recall":1.0,"precision":0.5714285714,"roc_auc":0.9416666667}}
{"params":{"max_depth":3},"train":{"accuracy":0.921641791,"f1":0.7123287671,"recall":0.9285714286,"precision":0.5777777778,"roc_auc":0.9747767857},"test":{"accuracy":0.8823529412,"f1":0.6666666667,"recall":1.0,"precision":0.5,"roc_auc":0.9416666667}}
{"params":{"max_depth":5},"train":{"accuracy":0.9514925373,"f1":0.8,"recall":0.9285714286,"precision":0.7027027027,"roc_auc":0.9867559524},"test":{"accuracy":0.9117647059,"f1":0.7272727273,"recall":1.0,"precision":0.5714285714,"roc_auc":0.95}}
{"params":{"max_depth":3},"train":{"accuracy":0.921641791,"f1":0.7123287671,"recall":0.9285714286,"precision":0.5777777778,"roc_auc":0.9738839286},"test":{"accuracy":0.8823529412,"f1":0.6666666667,"recall":1.0,"precision":0.5,"roc_auc":0.9583333333}}
{"params":{"max_depth":10},"train":{"accuracy":0.9552238806,"f1":0.8064516129,"recall":0.8928571429,"precision":0.7352941176,"roc_auc":0.9922619048},"test":{"accuracy":0.9117647059,"f1":0.7272727273,"recall":1.0,"precision":0.5714285714,"roc_auc":0.95}}
{"params":{"max_depth":5},"train":{"accuracy":0.9552238806,"f1":0.8125,"recall":0.9285714286,"precision":0.7222222222,"roc_auc":0.9870535714},"test":{"accuracy":0.9411764706,"f1":0.8,"recall":1.0,"precision":0.6666666667,"roc_auc":0.9583333333}}
{"params":{"max_depth":10},"train":{"accuracy":0.9664179104,"f1":0.8524590164,"recall":0.9285714286,"precision":0.7878787879,"roc_auc":0.993452381},"test":{"accuracy":0.9117647059,"f1":0.7272727273,"recall":1.0,"precision":0.5714285714,"roc_auc":0.95}}
{"params":{"max_depth":10},"train":{"accuracy":0.9664179104,"f1":0.8524590164,"recall":0.9285714286,"precision":0.7878787879,"roc_auc":0.9931547619},"test":{"accuracy":0.9117647059,"f1":0.6666666667,"recall":0.75,"precision":0.6,"roc_auc":0.9583333333}}
{"params":{"max_depth":3},"train":{"accuracy":0.9291044776,"f1":0.7397260274,"recall":0.9642857143,"precision":0.6,"roc_auc":0.974702381},"test":{"accuracy":0.8823529412,"f1":0.6666666667,"recall":1.0,"precision":0.5,"roc_auc":0.9583333333}}
{"params":{"max_depth":5},"train":{"accuracy":0.9589552239,"f1":0.8307692308,"recall":0.9642857143,"precision":0.7297297297,"roc_auc":0.9879464286},"test":{"accuracy":0.9411764706,"f1":0.8,"recall":1.0,"precision":0.6666666667,"roc_auc":0.9583333333}}
{"params":{"max_depth":10},"train":{"accuracy":0.9701492537,"f1":0.8666666667,"recall":0.9285714286,"precision":0.8125,"roc_auc":0.9949404762},"test":{"accuracy":0.9411764706,"f1":0.8,"recall":1.0,"precision":0.6666666667,"roc_auc":0.9583333333}}
{"params":{"max_depth":3},"train":{"accuracy":0.9253731343,"f1":0.7297297297,"recall":0.9642857143,"precision":0.5869565217,"roc_auc":0.9735119048},"test":{"accuracy":0.8823529412,"f1":0.6666666667,"recall":1.0,"precision":0.5,"roc_auc":0.95}}
{"params":{"max_depth":5},"train":{"accuracy":0.9589552239,"f1":0.8307692308,"recall":0.9642857143,"precision":0.7297297297,"roc_auc":0.9873511905},"test":{"accuracy":0.9411764706,"f1":0.8,"recall":1.0,"precision":0.6666666667,"roc_auc":0.9583333333}}
{"params":{"max_depth":10},"train":{"accuracy":0.973880597,"f1":0.8852459016,"recall":0.9642857143,"precision":0.8181818182,"roc_auc":0.9938988095},"test":{"accuracy":0.9117647059,"f1":0.6666666667,"recall":0.75,"precision":0.6,"roc_auc":0.9583333333}}
