{"params":{"max_depth":5,"n_estimators":25},"train":{"accuracy":0.9645833333,"f1":0.9653767821,"recall":0.9875,"precision":0.9442231076,"roc_auc":0.9954774306},"test":{"accuracy":0.9411764706,"f1":0.8,"recall":1.0,"precision":0.6666666667,"roc_auc":0.9666666667}}
{"params":{"max_depth":3,"n_estimators":25},"train":{"accuracy":0.95,"f1":0.952,"recall":0.9916666667,"precision":0.9153846154,"roc_auc":0.9827430556},"test":{"accuracy":0.8823529412,"f1":0.6666666667,"recall":1.0,"precision":0.5,"roc_auc":0.9416666667}}
{"params":{"max_depth":3,"n_estimators":50},"train":{"accuracy":0.9479166667,"f1":0.9500998004,"recall":0.9916666667,"precision":0.9118773946,"roc_auc":0.9839930556},"test":{"accuracy":0.8823529412,"f1":0.6666666667,"recall":1.0,"precision":0.5,"roc_auc":0.9416666667}}
{"params":{"max_depth":5,"n_estimators":50},"train":{"accuracy":0.9645833333,"f1":0.9653767821,"recall":0.9875,"precision":0.9442231076,"roc_auc":0.9962673611},"test":{"accuracy":0.9117647059,"f1":0.7272727273,"recall":1.0,"precision":0.5714285714,"roc_auc":0.9666666667}}
{"params":{"max_depth":10,"n_estimators":25},"train":{"accuracy":0.96875,"f1":0.9693251534,"recall":0.9875,"precision":0.9518072289,"roc_auc":0.9981510417},"test":{"accuracy":0.9411764706,"f1":0.8,"recall":1.0,"precision":0.6666666667,"roc_auc":0.9666666667}}
{"params":{"max_depth":10,"n_estimators":50},"train":{"accuracy":0.96875,"f1":0.9693251534,"recall":0.9875,"precision":0.9518072289,"roc_auc":0.9980902778},"test":{"accuracy":0.9117647059,"f1":0.7272727273,"recall":1.0,"precision":0.5714285714,"roc_auc":0.9666666667}}
{"params":{"max_depth":3,"n_estimators":100},"train":{"accuracy":0.9479166667,"f1":0.9500998004,"recall":0.9916666667,"precision":0.9118773946,"roc_auc":0.9862065972},"test":{"accuracy":0.8823529412,"f1":0.6666666667,"recall":1.0,"precision":0.5,"roc_auc":0.9416666667}}
{"params":{"max_depth":5,"n_estimators":100},"train":{"accuracy":0.9645833333,"f1":0.9653767821,"recall":0.9875,"precision":0.9442231076,"roc_auc":0.99609375},"test":{"accuracy":0.9117647059,"f1":0.7272727273,"recall":1.0,"precision":0.5714285714,"roc_auc":0.9666666667}}
{"params":{"max_depth":10,"n_estimators":100},"train":{"accuracy":0.9666666667,"f1":0.9673469388,"recall":0.9875,"precision":0.948,"roc_auc":0.9981944444},"test":{"accuracy":0.9117647059,"f1":0.7272727273,"recall":1.0,"precision":0.5714285714,"roc_auc":0.9666666667}}
{"params":{"max_depth":3,"n_estimators":250},"train":{"accuracy":0.9458333333,"f1":0.948,"recall":0.9875,"precision":0.9115384615,"roc_auc":0.9849913194},"test":{"accuracy":0.8823529412,"f1":0.6666666667,"recall":1.0,"precision":0.5,"roc_auc":0.95}}
{"params":{"max_depth":5,"n_estimators":250},"train":{"accuracy":0.9625,"f1":0.9632653061,"recall":0.9833333333,"precision":0.944,"roc_auc":0.9959375},"test":{"accuracy":0.9117647059,"f1":0.7272727273,"recall":1.0,"precision":0.5714285714,"roc_auc":0.9666666667}}
{"params":{"max_depth":10,"n_estimators":250},"train":{"accuracy":0.9645833333,"f1":0.9652351738,"recall":0.9833333333,"precision":0.9477911647,"roc_auc":0.9980208333},"test":{"accuracy":0.9117647059,"f1":0.7272727273,"recall":1.0,"precision":0.5714285714,"roc_auc":0.9666666667}}
{"params":{"max_depth":3,"n_estimators":500},"train":{"accuracy":0.9458333333,"f1":0.948,"recall":0.9875,"precision":0.9115384615,"roc_auc":0.985078125},"test":{"accuracy":0.8823529412,"f1":0.6666666667,"recall":1.0,"precision":0.5,"roc_auc":0.95}}
{"params":{"max_depth":5,"n_estimators":500},"train":{"accuracy":0.9625,"f1":0.9632653061,"recall":0.9833333333,"precision":0.944,"roc_auc":0.9956076389},"test":{"accuracy":0.9117647059,"f1":0.7272727273,"recall":1.0,"precision":0.5714285714,"roc_auc":0.9666666667}}
{"params":{"max_depth":10,"n_estimators":500},"train":{"accuracy":0.9666666667,"f1":0.9672131148,"recall":0.9833333333,"precision":0.9516129032,"roc_auc":0.9979340278},"test":{"accuracy":0.9117647059,"f1":0.7272727273,"recall":1.0,"precision":0.5714285714,"roc_auc":0.9666666667}}
