{"params":{"max_depth":3},"train":{"accuracy":0.921641791,"f1":0.7123287671,"recall":0.9285714286,"precision":0.5777777778,"roc_auc":0.9729166667},"test":{"accuracy":0.8529411765,"f1":0.5454545455,"recall":0.75,"precision":0.4285714286,"roc_auc":0.9416666667}}
{"params":{"max_depth":3},"train":{"accuracy":0.9291044776,"f1":0.7397260274,"recall":0.9642857143,"precision":0.6,"roc_auc":0.9742559524},"test":{"accuracy":0.8529411765,"f1":0.5454545455,"recall":0.75,"precision":0.4285714286,"roc_auc":0.9416666667}}
{"params":{"max_depth":5},"train":{"accuracy":0.9514925373,"f1":0.8,"recall":0.9285714286,"precision":0.7027027027,"roc_auc":0.9879464286},"test":{"accuracy":0.8529411765,"f1":0.5454545455,"recall":0.75,"precision":0.4285714286,"roc_auc":0.9416666667}}
{"params":{"max_depth":5},"train":{"accuracy":0.9440298507,"f1":0.776119403,"recall":0.9285714286,"precision":0.6666666667,"roc_auc":0.9876488095},"test":{"accuracy":0.8823529412,"f1":0.6,"recall":0.75,"precision":0.5,"roc_auc":0.9416666667}}
{"params":{"max_depth":3},"train":{"accuracy":0.921641791,"f1":0.72,"recall":0.9642857143,"precision":0.5744680851,"roc_auc":0.975},"test":{"accuracy":0.8529411765,"f1":0.5454545455,"recall":0.75,"precision":0.4285714286,"roc_auc":0.9416666667}}
{"params":{"max_depth":10},"train":{"accuracy":0.9626865672,"f1":0.8333333333,"recall":0.8928571429,"precision":0.78125,"roc_auc":0.9941964286},"test":{"accuracy":0.8529411765,"f1":0.5454545455,"recall":0.75,"precision":0.4285714286,"roc_auc":0.9416666667}}
{"params":{"max_depth":5},"train":{"accuracy":0.9552238806,"f1":0.8181818182,"recall":0.9642857143,"precision":0.7105263158,"roc_auc":0.9889880952},"test":{"accuracy":0.8823529412,"f1":0.6,"recall":0.75,"precision":0.5,"roc_auc":0.9416666667}}
{"params":{"max_depth":10},"train":{"accuracy":0.9664179104,"f1":0.8524590164,"recall":0.9285714286,"precision":0.7878787879,"roc_auc":0.996577381},"test":{"accuracy":0.8823529412,"f1":0.6,"recall":0.75,"precision":0.5,"roc_auc":0.9416666667}}
{"params":{"max_depth":10},"train":{"accuracy":0.9664179104,"f1":0.8524590164,"recall":0.9285714286,"precision":0.7878787879,"roc_auc":0.9958333333},"test":{"accuracy":0.9117647059,"f1":0.6666666667,"recall":0.75,"precision":0.6,"roc_auc":0.95}}
{"params":{"max_depth":3},"train":{"accuracy":0.9291044776,"f1":0.7397260274,"recall":0.9642857143,"precision":0.6,"roc_auc":0.9754464286},"test":{"accuracy":0.8529411765,"f1":0.5454545455,"recall":0.75,"precision":0.4285714286,"roc_auc":0.9416666667}}
{"params":{"max_depth":5},"train":{"accuracy":0.9552238806,"f1":0.8181818182,"recall":0.9642857143,"precision":0.7105263158,"roc_auc":0.987797619},"test":{"accuracy":0.8823529412,"f1":0.6,"recall":0.75,"precision":0.5,"roc_auc":0.95}}
{"params":{"max_depth":10},"train":{"accuracy":0.9664179104,"f1":0.8571428571,"recall":0.9642857143,"precision":0.7714285714,"roc_auc":0.9941964286},"test":{"accuracy":0.9117647059,"f1":0.6666666667,"recall":0.75,"precision":0.6,"roc_auc":0.95}}
{"params":{"max_depth":3},"train":{"accuracy":0.9253731343,"f1":0.7297297297,"recall":0.9642857143,"precision":0.5869565217,"roc_auc":0.9744047619},"test":{"accuracy":0.8529411765,"f1":0.5454545455,"recall":0.75,"precision":0.4285714286,"roc_auc":0.9416666667}}
{"params":{"max_depth":5},"train":{"accuracy":0.9552238806,"f1":0.8181818182,"recall":0.9642857143,"precision":0.7105263158,"roc_auc":0.9876488095},"test":{"accuracy":0.8823529412,"f1":0.6,"recall":0.75,"precision":0.5,"roc_auc":0.95}}
{"params":{"max_depth":10},"train":{"accuracy":0.9701492537,"f1":0.8709677419,"recall":0.9642857143,"precision":0.7941176471,"roc_auc":0.9943452381},"test":{"accuracy":0.9117647059,"f1":0.6666666667,"recall":0.75,"precision":0.6,"roc_auc":0.95}}
