{"params":{"max_depth":3,"n_estimators":50},"train":{"accuracy":0.94375,"f1":0.9461077844,"recall":0.9875,"precision":0.908045977,"roc_auc":0.9791927083},"test":{"accuracy":0.8823529412,"f1":0.6666666667,"recall":1.0,"precision":0.5,"roc_auc":0.9416666667}}
{"params":{"max_depth":3,"n_estimators":25},"train":{"accuracy":0.9458333333,"f1":0.9482071713,"recall":0.9916666667,"precision":0.9083969466,"roc_auc":0.9798958333},"test":{"accuracy":0.8823529412,"f1":0.6666666667,"recall":1.0,"precision":0.5,"roc_auc":0.95}}
{"params":{"max_depth":3,"n_estimators":100},"train":{"accuracy":0.94375,"f1":0.9461077844,"recall":0.9875,"precision":0.908045977,"roc_auc":0.9829600694},"test":{"accuracy":0.8823529412,"f1":0.6666666667,"recall":1.0,"precision":0.5,"roc_auc":0.95}}
{"params":{"max_depth":5,"n_estimators":25},"train":{"accuracy":0.9666666667,"f1":0.9674796748,"recall":0.9916666667,"precision":0.9444444444,"roc_auc":0.994921875},"test":{"accuracy":0.9117647059,"f1":0.7272727273,"recall":1.0,"precision":0.5714285714,"roc_auc":0.9666666667}}
{"params":{"max_depth":5,"n_estimators":50},"train":{"accuracy":0.9625,"f1":0.9634146341,"recall":0.9875,"precision":0.9404761905,"roc_auc":0.9948958333},"test":{"accuracy":0.8823529412,"f1":0.6666666667,"recall":1.0,"precision":0.5,"roc_auc":0.9583333333}}
{"params":{"max_depth":10,"n_estimators":25},"train":{"accuracy":0.9666666667,"f1":0.9673469388,"recall":0.9875,"precision":0.948,"roc_auc":0.9981423611},"test":{"accuracy":0.9117647059,"f1":0.7272727273,"recall":1.0,"precision":0.5714285714,"roc_auc":0.9666666667}}
{"params":{"max_depth":10,"n_estimators":50},"train":{"accuracy":0.9666666667,"f1":0.9673469388,"recall":0.9875,"precision":0.948,"roc_auc":0.9978645833},"test":{"accuracy":0.9117647059,"f1":0.7272727273,"recall":1.0,"precision":0.5714285714,"roc_auc":0.9666666667}}
{"params":{"max_depth":5,"n_estimators":100},"train":{"accuracy":0.9604166667,"f1":0.9613034623,"recall":0.9833333333,"precision":0.9402390438,"roc_auc":0.9953645833},"test":{"accuracy":0.8823529412,"f1":0.6666666667,"recall":1.0,"precision":0.5,"roc_auc":0.9666666667}}
{"params":{"max_depth":10,"n_estimators":100},"train":{"accuracy":0.9645833333,"f1":0.9652351738,"recall":0.9833333333,"precision":0.9477911647,"roc_auc":0.9977777778},"test":{"accuracy":0.9117647059,"f1":0.7272727273,"recall":1.0,"precision":0.5714285714,"roc_auc":0.9666666667}}
{"params":{"max_depth":3,"n_estimators":250},"train":{"accuracy":0.94375,"f1":0.9461077844,"recall":0.9875,"precision":0.908045977,"roc_auc":0.9840538194},"test":{"accuracy":0.8823529412,"f1":0.6666666667,"recall":1.0,"precision":0.5,"roc_auc":0.9416666667}}
{"params":{"max_depth":5,"n_estimators":250},"train":{"accuracy":0.9625,"f1":0.9634146341,"recall":0.9875,"precision":0.9404761905,"roc_auc":0.9950173611},"test":{"accuracy":0.8823529412,"f1":0.6666666667,"recall":1.0,"precision":0.5,"roc_auc":0.9666666667}}
{"params":{"max_depth":10,"n_estimators":250},"train":{"accuracy":0.9645833333,"f1":0.9652351738,"recall":0.9833333333,"precision":0.9477911647,"roc_auc":0.9977604167},"test":{"accuracy":0.9117647059,"f1":0.7272727273,"recall":1.0,"precision":0.5714285714,"roc_auc":0.9666666667}}
{"params":{"max_depth":3,"n_estimators":500},"train":{"accuracy":0.94375,"f1":0.9461077844,"recall":0.9875,"precision":0.908045977,"roc_auc":0.9841232639},"test":{"accuracy":0.8823529412,"f1":0.6666666667,"recall":1.0,"precision":0.5,"roc_auc":0.9416666667}}
{"params":{"max_depth":5,"n_estimators":500},"train":{"accuracy":0.9645833333,"f1":0.9653767821,"recall":0.9875,"precision":0.9442231076,"roc_auc":0.9955555556},"test":{"accuracy":0.9117647059,"f1":0.7272727273,"recall":1.0,"precision":0.5714285714,"roc_auc":0.9666666667}}
{"params":{"max_depth":10,"n_estimators":500},"train":{"accuracy":0.9625,"f1":0.9632653061,"recall":0.9833333333,"precision":0.944,"roc_auc":0.9978645833},"test":{"accuracy":0.9117647059,"f1":0.7272727273,"recall":1.0,"precision":0.5714285714,"roc_auc":0.9666666667}}
