{"params":{"max_depth":3},"train":{"accuracy":0.9365671642,"f1":0.7462686567,"recall":0.8928571429,"precision":0.641025641,"roc_auc":0.9742559524},"test":{"accuracy":0.8823529412,"f1":0.6,"recall":0.75,"precision":0.5,"roc_auc":0.95}}
{"params":{"max_depth":5},"train":{"accuracy":0.9589552239,"f1":0.8253968254,"recall":0.9285714286,"precision":0.7428571429,"roc_auc":0.9876488095},"test":{"accuracy":0.9117647059,"f1":0.6666666667,"recall":0.75,"precision":0.6,"roc_auc":0.9416666667}}
{"params":{"max_depth":3},"train":{"accuracy":0.9402985075,"f1":0.7714285714,"recall":0.9642857143,"precision":0.6428571429,"roc_auc":0.9749255952},"test":{"accuracy":0.8529411765,"f1":0.5454545455,"recall":0.75,"precision":0.4285714286,"roc_auc":0.9416666667}}
{"params":{"max_depth":5},"train":{"accuracy":0.9552238806,"f1":0.8125,"recall":0.9285714286,"precision":0.7222222222,"roc_auc":0.9880952381},"test":{"accuracy":0.9117647059,"f1":0.6666666667,"recall":0.75,"precision":0.6,"roc_auc":0.9583333333}}
{"params":{"max_depth":5},"train":{"accuracy":0.9589552239,"f1":0.8307692308,"recall":0.9642857143,"precision":0.7297297297,"roc_auc":0.9892857143},"test":{"accuracy":0.9117647059,"f1":0.6666666667,"recall":0.75,"precision":0.6,"roc_auc":0.95}}
{"params":{"max_depth":3},"train":{"accuracy":0.9253731343,"f1":0.7297297297,"recall":0.9642857143,"precision":0.5869565217,"roc_auc":0.9739583333},"test":{"accuracy":0.8823529412,"f1":0.6666666667,"recall":1.0,"precision":0.5,"roc_auc":0.95}}
{"params":{"max_depth":10},"train":{"accuracy":0.973880597,"f1":0.8771929825,"recall":0.8928571429,"precision":0.8620689655,"roc_auc":0.9950892857},"test":{"accuracy":0.9117647059,"f1":0.6666666667,"recall":0.75,"precision":0.6,"roc_auc":0.9583333333}}
{"params":{"max_depth":10},"train":{"accuracy":0.9664179104,"f1":0.8474576271,"recall":0.8928571429,"precision":0.8064516129,"roc_auc":0.9941964286},"test":{"accuracy":0.9117647059,"f1":0.6666666667,"recall":0.75,"precision":0.6,"roc_auc":0.9583333333}}
{"params":{"max_depth":3},"train":{"accuracy":0.9253731343,"f1":0.7297297297,"recall":0.9642857143,"precision":0.5869565217,"roc_auc":0.9741071429},"test":{"accuracy":0.8823529412,"f1":0.6666666667,"recall":1.0,"precision":0.5,"roc_auc":0.9583333333}}
{"params":{"max_depth":10},"train":{"accuracy":0.9664179104,"f1":0.8474576271,"recall":0.8928571429,"precision":0.8064516129,"roc_auc":0.9947916667},"test":{"accuracy":0.9117647059,"f1":0.6666666667,"recall":0.75,"precision":0.6,"roc_auc":0.9583333333}}
{"params":{"max_depth":5},"train":{"accuracy":0.9552238806,"f1":0.8125,"recall":0.9285714286,"precision":0.7222222222,"roc_auc":0.9885416667},"test":{"accuracy":0.9117647059,"f1":0.6666666667,"recall":0.75,"precision":0.6,"roc_auc":0.9583333333}}
{"params":{"max_depth":10},"train":{"accuracy":0.9664179104,"f1":0.8524590164,"recall":0.9285714286,"precision":0.7878787879,"roc_auc":0.9944940476},"test":{"accuracy":0.9117647059,"f1":0.6666666667,"recall":0.75,"precision":0.6,"roc_auc":0.9583333333}}
{"params":{"max_depth":3},"train":{"accuracy":0.921641791,"f1":0.72,"recall":0.9642857143,"precision":0.5744680851,"roc_auc":0.9739583333},"test":{"accuracy":0.8823529412,"f1":0.6666666667,"recall":1.0,"precision":0.5,"roc_auc":0.9583333333}}
{"params":{"max_depth":5},"train":{"accuracy":0.9589552239,"f1":0.8307692308,"recall":0.9642857143,"precision":0.7297297297,"roc_auc":0.9883928571},"test":{"accuracy":0.9117647059,"f1":0.6666666667,"recall":0.75,"precision":0.6,"roc_auc":0.9583333333}}
{"params":{"max_depth":10},"train":{"accuracy":0.9701492537,"f1":0.8709677419,"recall":0.9642857143,"precision":0.7941176471,"roc_auc":0.9946428571},"test":{"accuracy":0.9117647059,"f1":0.6666666667,"recall":0.75,"precision":0.6,"roc_auc":0.9583333333}}
