{"params":{"max_depth":3,"n_estimators":25},"train":{"accuracy":0.9479166667,"f1":0.9500998004,"recall":0.9916666667,"precision":0.9118773946,"roc_auc":0.9797309028},"test":{"accuracy":0.8823529412,"f1":0.6666666667,"recall":1.0,"precision":0.5,"roc_auc":0.9416666667}}
{"params":{"max_depth":5,"n_estimators":50},"train":{"accuracy":0.9604166667,"f1":0.9614604462,"recall":0.9875,"precision":0.9367588933,"roc_auc":0.9944791667},"test":{"accuracy":0.8823529412,"f1":0.6666666667,"recall":1.0,"precision":0.5,"roc_auc":0.9666666667}}
{"params":{"max_depth":3,"n_estimators":50},"train":{"accuracy":0.95,"f1":0.952,"recall":0.9916666667,"precision":0.9153846154,"roc_auc":0.9799826389},"test":{"accuracy":0.8823529412,"f1":0.6666666667,"recall":1.0,"precision":0.5,"roc_auc":0.9416666667}}
{"params":{"max_depth":3,"n_estimators":100},"train":{"accuracy":0.9458333333,"f1":0.948,"recall":0.9875,"precision":0.9115384615,"roc_auc":0.9850434028},"test":{"accuracy":0.8823529412,"f1":0.6666666667,"recall":1.0,"precision":0.5,"roc_auc":0.95}}
{"params":{"max_depth":10,"n_estimators":25},"train":{"accuracy":0.96875,"f1":0.9693251534,"recall":0.9875,"precision":0.9518072289,"roc_auc":0.9974479167},"test":{"accuracy":0.9117647059,"f1":0.7272727273,"recall":1.0,"precision":0.5714285714,"roc_auc":0.9666666667}}
{"params":{"max_depth":10,"n_estimators":50},"train":{"accuracy":0.9666666667,"f1":0.9672131148,"recall":0.9833333333,"precision":0.9516129032,"roc_auc":0.9974305556},"test":{"accuracy":0.9117647059,"f1":0.7272727273,"recall":1.0,"precision":0.5714285714,"roc_auc":0.9666666667}}
{"params":{"max_depth":5,"n_estimators":25},"train":{"accuracy":0.9645833333,"f1":0.9653767821,"recall":0.9875,"precision":0.9442231076,"roc_auc":0.9953819444},"test":{"accuracy":0.9117647059,"f1":0.7272727273,"recall":1.0,"precision":0.5714285714,"roc_auc":0.9666666667}}
{"params":{"max_depth":5,"n_estimators":100},"train":{"accuracy":0.9645833333,"f1":0.9653767821,"recall":0.9875,"precision":0.9442231076,"roc_auc":0.9951736111},"test":{"accuracy":0.8823529412,"f1":0.6666666667,"recall":1.0,"precision":0.5,"roc_auc":0.9666666667}}
{"params":{"max_depth":10,"n_estimators":100},"train":{"accuracy":0.9666666667,"f1":0.9672131148,"recall":0.9833333333,"precision":0.9516129032,"roc_auc":0.9977083333},"test":{"accuracy":0.9117647059,"f1":0.7272727273,"recall":1.0,"precision":0.5714285714,"roc_auc":0.9666666667}}
{"params":{"max_depth":3,"n_estimators":250},"train":{"accuracy":0.94375,"f1":0.9461077844,"recall":0.9875,"precision":0.908045977,"roc_auc":0.9842708333},"test":{"accuracy":0.8823529412,"f1":0.6666666667,"recall":1.0,"precision":0.5,"roc_auc":0.95}}
{"params":{"max_depth":5,"n_estimators":250},"train":{"accuracy":0.9604166667,"f1":0.9613034623,"recall":0.9833333333,"precision":0.9402390438,"roc_auc":0.9950347222},"test":{"accuracy":0.9117647059,"f1":0.7272727273,"recall":1.0,"precision":0.5714285714,"roc_auc":0.9666666667}}
{"params":{"max_depth":10,"n_estimators":250},"train":{"accuracy":0.9625,"f1":0.9632653061,"recall":0.9833333333,"precision":0.944,"roc_auc":0.9976388889},"test":{"accuracy":0.9117647059,"f1":0.7272727273,"recall":1.0,"precision":0.5714285714,"roc_auc":0.9666666667}}
{"params":{"max_depth":3,"n_estimators":500},"train":{"accuracy":0.9458333333,"f1":0.948,"recall":0.9875,"precision":0.9115384615,"roc_auc":0.9848090278},"test":{"accuracy":0.8823529412,"f1":0.6666666667,"recall":1.0,"precision":0.5,"roc_auc":0.95}}
{"params":{"max_depth":5,"n_estimators":500},"train":{"accuracy":0.9604166667,"f1":0.9613034623,"recall":0.9833333333,"precision":0.9402390438,"roc_auc":0.9952604167},"test":{"accuracy":0.8823529412,"f1":0.6666666667,"recall":1.0,"precision":0.5,"roc_auc":0.9666666667}}
{"params":{"max_depth":10,"n_estimators":500},"train":{"accuracy":0.9625,"f1":0.9632653061,"recall":0.9833333333,"precision":0.944,"roc_auc":0.9976388889},"test":{"accuracy":0.9117647059,"f1":0.7272727273,"recall":1.0,"precision":0.5714285714,"roc_auc":0.9666666667}}
