{"params":{"max_depth":5,"n_estimators":25},"train":{"accuracy":0.95625,"f1":0.9572301426,"recall":0.9791666667,"precision":0.9362549801,"roc_auc":0.9948263889},"test":{"accuracy":0.8823529412,"f1":0.6666666667,"recall":1.0,"precision":0.5,"roc_auc":0.9666666667}}
{"params":{"max_depth":3,"n_estimators":50},"train":{"accuracy":0.9458333333,"f1":0.9482071713,"recall":0.9916666667,"precision":0.9083969466,"roc_auc":0.9810503472},"test":{"accuracy":0.8823529412,"f1":0.6666666667,"recall":1.0,"precision":0.5,"roc_auc":0.9416666667}}
{"params":{"max_depth":3,"n_estimators":100},"train":{"accuracy":0.9458333333,"f1":0.948,"recall":0.9875,"precision":0.9115384615,"roc_auc":0.9825260417},"test":{"accuracy":0.8823529412,"f1":0.6666666667,"recall":1.0,"precision":0.5,"roc_auc":0.9416666667}}
{"params":{"max_depth":3,"n_estimators":25},"train":{"accuracy":0.9458333333,"f1":0.948,"recall":0.9875,"precision":0.9115384615,"roc_auc":0.9813368056},"test":{"accuracy":0.8823529412,"f1":0.6666666667,"recall":1.0,"precision":0.5,"roc_auc":0.9416666667}}
{"params":{"max_depth":10,"n_estimators":25},"train":{"accuracy":0.9604166667,"f1":0.9611451943,"recall":0.9791666667,"precision":0.9437751004,"roc_auc":0.9977604167},"test":{"accuracy":0.9411764706,"f1":0.8,"recall":1.0,"precision":0.6666666667,"roc_auc":0.9666666667}}
{"params":{"max_depth":5,"n_estimators":100},"train":{"accuracy":0.9645833333,"f1":0.9653767821,"recall":0.9875,"precision":0.9442231076,"roc_auc":0.9957986111},"test":{"accuracy":0.8823529412,"f1":0.6666666667,"recall":1.0,"precision":0.5,"roc_auc":0.9666666667}}
{"params":{"max_depth":5,"n_estimators":50},"train":{"accuracy":0.9645833333,"f1":0.9653767821,"recall":0.9875,"precision":0.9442231076,"roc_auc":0.99546875},"test":{"accuracy":0.9117647059,"f1":0.7272727273,"recall":1.0,"precision":0.5714285714,"roc_auc":0.9666666667}}
{"params":{"max_depth":10,"n_estimators":50},"train":{"accuracy":0.9666666667,"f1":0.9673469388,"recall":0.9875,"precision":0.948,"roc_auc":0.99796875},"test":{"accuracy":0.9411764706,"f1":0.8,"recall":1.0,"precision":0.6666666667,"roc_auc":0.9666666667}}
{"params":{"max_depth":10,"n_estimators":100},"train":{"accuracy":0.9666666667,"f1":0.9673469388,"recall":0.9875,"precision":0.948,"roc_auc":0.9977256944},"test":{"accuracy":0.9117647059,"f1":0.7272727273,"recall":1.0,"precision":0.5714285714,"roc_auc":0.9666666667}}
{"params":{"max_depth":3,"n_estimators":250},"train":{"accuracy":0.9458333333,"f1":0.948,"recall":0.9875,"precision":0.9115384615,"roc_auc":0.9842708333},"test":{"accuracy":0.8823529412,"f1":0.6666666667,"recall":1.0,"precision":0.5,"roc_auc":0.9416666667}}
{"params":{"max_depth":5,"n_estimators":250},"train":{"accuracy":0.9625,"f1":0.9634146341,"recall":0.9875,"precision":0.9404761905,"roc_auc":0.9954166667},"test":{"accuracy":0.9117647059,"f1":0.7272727273,"recall":1.0,"precision":0.5714285714,"roc_auc":0.9666666667}}
{"params":{"max_depth":10,"n_estimators":250},"train":{"accuracy":0.9625,"f1":0.9632653061,"recall":0.9833333333,"precision":0.944,"roc_auc":0.9977604167},"test":{"accuracy":0.9117647059,"f1":0.7272727273,"recall":1.0,"precision":0.5714285714,"roc_auc":0.9666666667}}
{"params":{"max_depth":3,"n_estimators":500},"train":{"accuracy":0.9458333333,"f1":0.948,"recall":0.9875,"precision":0.9115384615,"roc_auc":0.9843402778},"test":{"accuracy":0.8823529412,"f1":0.6666666667,"recall":1.0,"precision":0.5,"roc_auc":0.9416666667}}
{"params":{"max_depth":5,"n_estimators":500},"train":{"accuracy":0.9625,"f1":0.9634146341,"recall":0.9875,"precision":0.9404761905,"roc_auc":0.9955729167},"test":{"accuracy":0.9117647059,"f1":0.7272727273,"recall":1.0,"precision":0.5714285714,"roc_auc":0.9666666667}}
{"params":{"max_depth":10,"n_estimators":500},"train":{"accuracy":0.9645833333,"f1":0.9652351738,"recall":0.9833333333,"precision":0.9477911647,"roc_auc":0.9978993056},"test":{"accuracy":0.9117647059,"f1":0.7272727273,"recall":1.0,"precision":0.5714285714,"roc_auc":0.9666666667}}
