{"params":{"max_depth":3},"train":{"accuracy":0.94375,"f1":0.9458917836,"recall":0.9833333333,"precision":0.9111969112,"roc_auc":0.9796527778},"test":{"accuracy":0.8823529412,"f1":0.6666666667,"recall":1.0,"precision":0.5,"roc_auc":0.9416666667}}
{"params":{"max_depth":5},"train":{"accuracy":0.9583333333,"f1":0.9593495935,"recall":0.9833333333,"precision":0.9365079365,"roc_auc":0.9959027778},"test":{"accuracy":0.9117647059,"f1":0.7272727273,"recall":1.0,"precision":0.5714285714,"roc_auc":0.9583333333}}
{"params":{"max_depth":3},"train":{"accuracy":0.9416666667,"f1":0.944,"recall":0.9833333333,"precision":0.9076923077,"roc_auc":0.9806163194},"test":{"accuracy":0.8823529412,"f1":0.6666666667,"recall":1.0,"precision":0.5,"roc_auc":0.9416666667}}
{"params":{"max_depth":5},"train":{"accuracy":0.95625,"f1":0.9574036511,"recall":0.9833333333,"precision":0.9328063241,"roc_auc":0.9959548611},"test":{"accuracy":0.9411764706,"f1":0.8,"recall":1.0,"precision":0.6666666667,"roc_auc":0.9583333333}}
{"params":{"max_depth":10},"train":{"accuracy":0.9770833333,"f1":0.9772256729,"recall":0.9833333333,"precision":0.9711934156,"roc_auc":0.9987152778},"test":{"accuracy":0.9411764706,"f1":0.8,"recall":1.0,"precision":0.6666666667,"roc_auc":0.9666666667}}
{"params":{"max_depth":3},"train":{"accuracy":0.9416666667,"f1":0.944,"recall":0.9833333333,"precision":0.9076923077,"roc_auc":0.9836371528},"test":{"accuracy":0.8823529412,"f1":0.6666666667,"recall":1.0,"precision":0.5,"roc_auc":0.9416666667}}
{"params":{"max_depth":10},"train":{"accuracy":0.9729166667,"f1":0.9731958763,"recall":0.9833333333,"precision":0.9632653061,"roc_auc":0.9989409722},"test":{"accuracy":0.9411764706,"f1":0.8,"recall":1.0,"precision":0.6666666667,"roc_auc":0.9666666667}}
{"params":{"max_depth":5},"train":{"accuracy":0.9604166667,"f1":0.9613034623,"recall":0.9833333333,"precision":0.9402390438,"roc_auc":0.9968402778},"test":{"accuracy":0.9117647059,"f1":0.7272727273,"recall":1.0,"precision":0.5714285714,"roc_auc":0.9666666667}}
{"params":{"max_depth":3},"train":{"accuracy":0.94375,"f1":0.9461077844,"recall":0.9875,"precision":0.908045977,"roc_auc":0.9859548611},"test":{"accuracy":0.8823529412,"f1":0.6666666667,"recall":1.0,"precision":0.5,"roc_auc":0.9416666667}}
{"params":{"max_depth":10},"train":{"accuracy":0.9708333333,"f1":0.9711934156,"recall":0.9833333333,"precision":0.9593495935,"roc_auc":0.9988888889},"test":{"accuracy":0.9411764706,"f1":0.8,"recall":1.0,"precision":0.6666666667,"roc_auc":0.9666666667}}
{"params":{"max_depth":5},"train":{"accuracy":0.9604166667,"f1":0.9613034623,"recall":0.9833333333,"precision":0.9402390438,"roc_auc":0.9971180556},"test":{"accuracy":0.8823529412,"f1":0.6666666667,"recall":1.0,"precision":0.5,"roc_auc":0.9583333333}}
{"params":{"max_depth":10},"train":{"accuracy":0.9708333333,"f1":0.9711934156,"recall":0.9833333333,"precision":0.9593495935,"roc_auc":0.99890625},"test":{"accuracy":0.9411764706,"f1":0.8,"recall":1.0,"precision":0.6666666667,"roc_auc":0.9666666667}}
{"params":{"max_depth":3},"train":{"accuracy":0.9416666667,"f1":0.944,"recall":0.9833333333,"precision":0.9076923077,"roc_auc":0.9859201389},"test":{"accuracy":0.8823529412,"f1":0.6666666667,"recall":1.0,"precision":0.5,"roc_auc":0.9416666667}}
{"params":{"max_depth":5},"train":{"accuracy":0.9583333333,"f1":0.9593495935,"recall":0.9833333333,"precision":0.9365079365,"roc_auc":0.996875},"test":{"accuracy":0.8823529412,"f1":0.6666666667,"recall":1.0,"precision":0.5,"roc_auc":0.9583333333}}
{"params":{"max_depth":10},"train":{"accuracy":0.9708333333,"f1":0.9711934156,"recall":0.9833333333,"precision":0.9593495935,"roc_auc":0.9988020833},"test":{"accuracy":0.9411764706,"f1":0.8,"recall":1.0,"precision":0.6666666667,"roc_auc":0.9666666667}}
