{"params":{"max_depth":3,"n_estimators":25},"train":{"accuracy":0.9458333333,"f1":0.9477911647,"recall":0.9833333333,"precision":0.9147286822,"roc_auc":0.9817013889},"test":{"accuracy":0.8823529412,"f1":0.6666666667,"recall":1.0,"precision":0.5,"roc_auc":0.95}}
{"params":{"max_depth":5,"n_estimators":25},"train":{"accuracy":0.9604166667,"f1":0.9611451943,"recall":0.9791666667,"precision":0.9437751004,"roc_auc":0.9939496528},"test":{"accuracy":0.9117647059,"f1":0.7272727273,"recall":1.0,"precision":0.5714285714,"roc_auc":0.9666666667}}
{"params":{"max_depth":5,"n_estimators":50},"train":{"accuracy":0.9604166667,"f1":0.9611451943,"recall":0.9791666667,"precision":0.9437751004,"roc_auc":0.9943923611},"test":{"accuracy":0.9117647059,"f1":0.7272727273,"recall":1.0,"precision":0.5714285714,"roc_auc":0.9666666667}}
{"params":{"max_depth":3,"n_estimators":50},"train":{"accuracy":0.94375,"f1":0.9458917836,"recall":0.9833333333,"precision":0.9111969112,"roc_auc":0.9835069444},"test":{"accuracy":0.8823529412,"f1":0.6666666667,"recall":1.0,"precision":0.5,"roc_auc":0.95}}
{"params":{"max_depth":10,"n_estimators":25},"train":{"accuracy":0.9604166667,"f1":0.9611451943,"recall":0.9791666667,"precision":0.9437751004,"roc_auc":0.9976041667},"test":{"accuracy":0.9117647059,"f1":0.7272727273,"recall":1.0,"precision":0.5714285714,"roc_auc":0.9666666667}}
{"params":{"max_depth":3,"n_estimators":100},"train":{"accuracy":0.94375,"f1":0.9458917836,"recall":0.9833333333,"precision":0.9111969112,"roc_auc":0.9843923611},"test":{"accuracy":0.8823529412,"f1":0.6666666667,"recall":1.0,"precision":0.5,"roc_auc":0.9416666667}}
{"params":{"max_depth":5,"n_estimators":100},"train":{"accuracy":0.9625,"f1":0.9632653061,"recall":0.9833333333,"precision":0.944,"roc_auc":0.9954340278},"test":{"accuracy":0.9117647059,"f1":0.7272727273,"recall":1.0,"precision":0.5714285714,"roc_auc":0.9666666667}}
{"params":{"max_depth":10,"n_estimators":50},"train":{"accuracy":0.9625,"f1":0.9631147541,"recall":0.9791666667,"precision":0.9475806452,"roc_auc":0.9975347222},"test":{"accuracy":0.9117647059,"f1":0.7272727273,"recall":1.0,"precision":0.5714285714,"roc_auc":0.9666666667}}
{"params":{"max_depth":10,"n_estimators":100},"train":{"accuracy":0.9625,"f1":0.9632653061,"recall":0.9833333333,"precision":0.944,"roc_auc":0.9978298611},"test":{"accuracy":0.9117647059,"f1":0.7272727273,"recall":1.0,"precision":0.5714285714,"roc_auc":0.9666666667}}
{"params":{"max_depth":5,"n_estimators":250},"train":{"accuracy":0.9645833333,"f1":0.9653767821,"recall":0.9875,"precision":0.9442231076,"roc_auc":0.9949652778},"test":{"accuracy":0.9117647059,"f1":0.7272727273,"recall":1.0,"precision":0.5714285714,"roc_auc":0.9666666667}}
{"params":{"max_depth":3,"n_estimators":250},"train":{"accuracy":0.94375,"f1":0.9458917836,"recall":0.9833333333,"precision":0.9111969112,"roc_auc":0.9838454861},"test":{"accuracy":0.8823529412,"f1":0.6666666667,"recall":1.0,"precision":0.5,"roc_auc":0.9416666667}}
{"params":{"max_depth":10,"n_estimators":250},"train":{"accuracy":0.9625,"f1":0.9632653061,"recall":0.9833333333,"precision":0.944,"roc_auc":0.9978298611},"test":{"accuracy":0.9117647059,"f1":0.7272727273,"recall":1.0,"precision":0.5714285714,"roc_auc":0.9666666667}}
{"params":{"max_depth":3,"n_estimators":500},"train":{"accuracy":0.9479166667,"f1":0.9500998004,"recall":0.9916666667,"precision":0.9118773946,"roc_auc":0.9850260417},"test":{"accuracy":0.8823529412,"f1":0.6666666667,"recall":1.0,"precision":0.5,"roc_auc":0.9416666667}}
{"params":{"max_depth":5,"n_estimators":500},"train":{"accuracy":0.9645833333,"f1":0.9653767821,"recall":0.9875,"precision":0.9442231076,"roc_auc":0.9955555556},"test":{"accuracy":0.9117647059,"f1":0.7272727273,"recall":1.0,"precision":0.5714285714,"roc_auc":0.9666666667}}
{"params":{"max_depth":10,"n_estimators":500},"train":{"accuracy":0.9625,"f1":0.9632653061,"recall":0.9833333333,"precision":0.944,"roc_auc":0.9978472222},"test":{"accuracy":0.9117647059,"f1":0.7272727273,"recall":1.0,"precision":0.5714285714,"roc_auc":0.9666666667}}
