{"params":{"max_depth":3},"train":{"accuracy":0.9458333333,"f1":0.948,"recall":0.9875,"precision":0.9115384615,"roc_auc":0.9848350694},"test":{"accuracy":0.8823529412,"f1":0.6666666667,"recall":1.0,"precision":0.5,"roc_auc":0.9416666667}}
{"params":{"max_depth":3},"train":{"accuracy":0.9479166667,"f1":0.9500998004,"recall":0.9916666667,"precision":0.9118773946,"roc_auc":0.985546875},"test":{"accuracy":0.8823529412,"f1":0.6666666667,"recall":1.0,"precision":0.5,"roc_auc":0.9416666667}}
{"params":{"max_depth":5},"train":{"accuracy":0.9625,"f1":0.963562753,"recall":0.9916666667,"precision":0.937007874,"roc_auc":0.99640625},"test":{"accuracy":0.8823529412,"f1":0.6666666667,"recall":1.0,"precision":0.5,"roc_auc":0.9666666667}}
{"params":{"max_depth":10},"train":{"accuracy":0.9708333333,"f1":0.9713114754,"recall":0.9875,"precision":0.9556451613,"roc_auc":0.9988020833},"test":{"accuracy":0.8823529412,"f1":0.6,"recall":0.75,"precision":0.5,"roc_auc":0.95}}
{"params":{"max_depth":5},"train":{"accuracy":0.9625,"f1":0.963562753,"recall":0.9916666667,"precision":0.937007874,"roc_auc":0.9966493056},"test":{"accuracy":0.8529411765,"f1":0.5454545455,"recall":0.75,"precision":0.4285714286,"roc_auc":0.9416666667}}
{"params":{"max_depth":3},"train":{"accuracy":0.9458333333,"f1":0.948,"recall":0.9875,"precision":0.9115384615,"roc_auc":0.9858680556},"test":{"accuracy":0.8529411765,"f1":0.5454545455,"recall":0.75,"precision":0.4285714286,"roc_auc":0.9416666667}}
{"params":{"max_depth":10},"train":{"accuracy":0.96875,"f1":0.9693251534,"recall":0.9875,"precision":0.9518072289,"roc_auc":0.9988888889},"test":{"accuracy":0.8823529412,"f1":0.6,"recall":0.75,"precision":0.5,"roc_auc":0.95}}
{"params":{"max_depth":5},"train":{"accuracy":0.9604166667,"f1":0.9614604462,"recall":0.9875,"precision":0.9367588933,"roc_auc":0.9964756944},"test":{"accuracy":0.8823529412,"f1":0.6666666667,"recall":1.0,"precision":0.5,"roc_auc":0.95}}
{"params":{"max_depth":10},"train":{"accuracy":0.9708333333,"f1":0.9713114754,"recall":0.9875,"precision":0.9556451613,"roc_auc":0.9988715278},"test":{"accuracy":0.9411764706,"f1":0.8,"recall":1.0,"precision":0.6666666667,"roc_auc":0.9583333333}}
{"params":{"max_depth":3},"train":{"accuracy":0.94375,"f1":0.9461077844,"recall":0.9875,"precision":0.908045977,"roc_auc":0.985703125},"test":{"accuracy":0.8823529412,"f1":0.6666666667,"recall":1.0,"precision":0.5,"roc_auc":0.9416666667}}
{"params":{"max_depth":5},"train":{"accuracy":0.9583333333,"f1":0.9593495935,"recall":0.9833333333,"precision":0.9365079365,"roc_auc":0.99609375},"test":{"accuracy":0.8823529412,"f1":0.6666666667,"recall":1.0,"precision":0.5,"roc_auc":0.9583333333}}
{"params":{"max_depth":10},"train":{"accuracy":0.96875,"f1":0.9691991786,"recall":0.9833333333,"precision":0.955465587,"roc_auc":0.99875},"test":{"accuracy":0.9117647059,"f1":0.7272727273,"recall":1.0,"precision":0.5714285714,"roc_auc":0.9666666667}}
{"params":{"max_depth":3},"train":{"accuracy":0.94375,"f1":0.9461077844,"recall":0.9875,"precision":0.908045977,"roc_auc":0.9858159722},"test":{"accuracy":0.8823529412,"f1":0.6666666667,"recall":1.0,"precision":0.5,"roc_auc":0.9416666667}}
{"params":{"max_depth":5},"train":{"accuracy":0.9604166667,"f1":0.9614604462,"recall":0.9875,"precision":0.9367588933,"roc_auc":0.9962673611},"test":{"accuracy":0.8823529412,"f1":0.6666666667,"recall":1.0,"precision":0.5,"roc_auc":0.9583333333}}
{"params":{"max_depth":10},"train":{"accuracy":0.96875,"f1":0.9691991786,"recall":0.9833333333,"precision":0.955465587,"roc_auc":0.9986805556},"test":{"accuracy":0.9117647059,"f1":0.7272727273,"recall":1.0,"precision":0.5714285714,"roc_auc":0.9666666667}}
