{"params":{"max_depth":3},"train":{"accuracy":0.94375,"f1":0.9458917836,"recall":0.9833333333,"precision":0.9111969112,"roc_auc":0.9815451389},"test":{"accuracy":0.8823529412,"f1":0.6666666667,"recall":1.0,"precision":0.5,"roc_auc":0.9625}}
{"params":{"max_depth":5},"train":{"accuracy":0.95625,"f1":0.9572301426,"recall":0.9791666667,"precision":0.9362549801,"roc_auc":0.9948784722},"test":{"accuracy":0.9117647059,"f1":0.7272727273,"recall":1.0,"precision":0.5714285714,"roc_auc":0.9583333333}}
{"params":{"max_depth":5},"train":{"accuracy":0.9583333333,"f1":0.9593495935,"recall":0.9833333333,"precision":0.9365079365,"roc_auc":0.9953732639},"test":{"accuracy":0.8823529412,"f1":0.6666666667,"recall":1.0,"precision":0.5,"roc_auc":0.9583333333}}
{"params":{"max_depth":3},"train":{"accuracy":0.94375,"f1":0.9458917836,"recall":0.9833333333,"precision":0.9111969112,"roc_auc":0.9865017361},"test":{"accuracy":0.8823529412,"f1":0.6666666667,"recall":1.0,"precision":0.5,"roc_auc":0.95}}
{"params":{"max_depth":3},"train":{"accuracy":0.94375,"f1":0.9458917836,"recall":0.9833333333,"precision":0.9111969112,"roc_auc":0.9858072917},"test":{"accuracy":0.8823529412,"f1":0.6666666667,"recall":1.0,"precision":0.5,"roc_auc":0.95}}
{"params":{"max_depth":10},"train":{"accuracy":0.96875,"f1":0.9690721649,"recall":0.9791666667,"precision":0.9591836735,"roc_auc":0.9982118056},"test":{"accuracy":0.9117647059,"f1":0.7272727273,"recall":1.0,"precision":0.5714285714,"roc_auc":0.9583333333}}
{"params":{"max_depth":10},"train":{"accuracy":0.96875,"f1":0.9691991786,"recall":0.9833333333,"precision":0.955465587,"roc_auc":0.9985763889},"test":{"accuracy":0.9411764706,"f1":0.8,"recall":1.0,"precision":0.6666666667,"roc_auc":0.9666666667}}
{"params":{"max_depth":5},"train":{"accuracy":0.9604166667,"f1":0.9613034623,"recall":0.9833333333,"precision":0.9402390438,"roc_auc":0.9960243056},"test":{"accuracy":0.9117647059,"f1":0.7272727273,"recall":1.0,"precision":0.5714285714,"roc_auc":0.9583333333}}
{"params":{"max_depth":10},"train":{"accuracy":0.96875,"f1":0.9691991786,"recall":0.9833333333,"precision":0.955465587,"roc_auc":0.9986979167},"test":{"accuracy":0.9411764706,"f1":0.8,"recall":1.0,"precision":0.6666666667,"roc_auc":0.9583333333}}
{"params":{"max_depth":3},"train":{"accuracy":0.94375,"f1":0.9461077844,"recall":0.9875,"precision":0.908045977,"roc_auc":0.9863888889},"test":{"accuracy":0.8823529412,"f1":0.6666666667,"recall":1.0,"precision":0.5,"roc_auc":0.9416666667}}
{"params":{"max_depth":5},"train":{"accuracy":0.9604166667,"f1":0.9613034623,"recall":0.9833333333,"precision":0.9402390438,"roc_auc":0.9961284722},"test":{"accuracy":0.8823529412,"f1":0.6666666667,"recall":1.0,"precision":0.5,"roc_auc":0.9583333333}}
{"params":{"max_depth":10},"train":{"accuracy":0.9666666667,"f1":0.9672131148,"recall":0.9833333333,"precision":0.9516129032,"roc_auc":0.9987326389},"test":{"accuracy":0.9411764706,"f1":0.8,"recall":1.0,"precision":0.6666666667,"roc_auc":0.9666666667}}
{"params":{"max_depth":3},"train":{"accuracy":0.94375,"f1":0.9461077844,"recall":0.9875,"precision":0.908045977,"roc_auc":0.9861284722},"test":{"accuracy":0.8823529412,"f1":0.6666666667,"recall":1.0,"precision":0.5,"roc_auc":0.9416666667}}
{"params":{"max_depth":5},"train":{"accuracy":0.9604166667,"f1":0.9614604462,"recall":0.9875,"precision":0.9367588933,"roc_auc":0.9963194444},"test":{"accuracy":0.8823529412,"f1":0.6666666667,"recall":1.0,"precision":0.5,"roc_auc":0.9583333333}}
{"params":{"max_depth":10},"train":{"accuracy":0.96875,"f1":0.9691991786,"recall":0.9833333333,"precision":0.955465587,"roc_auc":0.9986979167},"test":{"accuracy":0.9411764706,"f1":0.8,"recall":1.0,"precision":0.6666666667,"roc_auc":0.9666666667}}
