{"params":{"max_depth":3},"train":{"accuracy":0.9291044776,"f1":0.7323943662,"recall":0.9285714286,"precision":0.6046511628,"roc_auc":0.971875},"test":{"accuracy":0.8823529412,"f1":0.6666666667,"recall":1.0,"precision":0.5,"roc_auc":0.975}}
{"params":{"max_depth":5},"train":{"accuracy":0.9514925373,"f1":0.8,"recall":0.9285714286,"precision":0.7027027027,"roc_auc":0.984375},"test":{"accuracy":0.9117647059,"f1":0.6666666667,"recall":0.75,"precision":0.6,"roc_auc":0.9666666667}}
{"params":{"max_depth":3},"train":{"accuracy":0.9253731343,"f1":0.7297297297,"recall":0.9642857143,"precision":0.5869565217,"roc_auc":0.9744047619},"test":{"accuracy":0.8823529412,"f1":0.6666666667,"recall":1.0,"precision":0.5,"roc_auc":0.9666666667}}
{"params":{"max_depth":5},"train":{"accuracy":0.9626865672,"f1":0.84375,"recall":0.9642857143,"precision":0.75,"roc_auc":0.987797619},"test":{"accuracy":0.9411764706,"f1":0.8,"recall":1.0,"precision":0.6666666667,"roc_auc":0.9666666667}}
{"params":{"max_depth":10},"train":{"accuracy":0.9664179104,"f1":0.8524590164,"recall":0.9285714286,"precision":0.7878787879,"roc_auc":0.9930059524},"test":{"accuracy":0.9117647059,"f1":0.6666666667,"recall":0.75,"precision":0.6,"roc_auc":0.9583333333}}
{"params":{"max_depth":10},"train":{"accuracy":0.9701492537,"f1":0.8709677419,"recall":0.9642857143,"precision":0.7941176471,"roc_auc":0.99375},"test":{"accuracy":0.9411764706,"f1":0.75,"recall":0.75,"precision":0.75,"roc_auc":0.9666666667}}
{"params":{"max_depth":3},"train":{"accuracy":0.921641791,"f1":0.72,"recall":0.9642857143,"precision":0.5744680851,"roc_auc":0.9761904762},"test":{"accuracy":0.8823529412,"f1":0.6666666667,"recall":1.0,"precision":0.5,"roc_auc":0.95}}
{"params":{"max_depth":5},"train":{"accuracy":0.9626865672,"f1":0.84375,"recall":0.9642857143,"precision":0.75,"roc_auc":0.9892857143},"test":{"accuracy":0.9411764706,"f1":0.8,"recall":1.0,"precision":0.6666666667,"roc_auc":0.9583333333}}
{"params":{"max_depth":10},"train":{"accuracy":0.9701492537,"f1":0.8709677419,"recall":0.9642857143,"precision":0.7941176471,"roc_auc":0.9952380952},"test":{"accuracy":0.9117647059,"f1":0.6666666667,"recall":0.75,"precision":0.6,"roc_auc":0.9583333333}}
{"params":{"max_depth":5},"train":{"accuracy":0.9589552239,"f1":0.8307692308,"recall":0.9642857143,"precision":0.7297297297,"roc_auc":0.9889880952},"test":{"accuracy":0.9411764706,"f1":0.8,"recall":1.0,"precision":0.6666666667,"roc_auc":0.9583333333}}
{"params":{"max_depth":3},"train":{"accuracy":0.9253731343,"f1":0.7297297297,"recall":0.9642857143,"precision":0.5869565217,"roc_auc":0.975297619},"test":{"accuracy":0.8823529412,"f1":0.6666666667,"recall":1.0,"precision":0.5,"roc_auc":0.95}}
{"params":{"max_depth":10},"train":{"accuracy":0.9701492537,"f1":0.8709677419,"recall":0.9642857143,"precision":0.7941176471,"roc_auc":0.9941964286},"test":{"accuracy":0.9411764706,"f1":0.8,"recall":1.0,"precision":0.6666666667,"roc_auc":0.9583333333}}
{"params":{"max_depth":3},"train":{"accuracy":0.9253731343,"f1":0.7297297297,"recall":0.9642857143,"precision":0.5869565217,"roc_auc":0.9760416667},"test":{"accuracy":0.8823529412,"f1":0.6666666667,"recall":1.0,"precision":0.5,"roc_auc":0.9416666667}}
{"params":{"max_depth":5},"train":{"accuracy":0.9589552239,"f1":0.8307692308,"recall":0.9642857143,"precision":0.7297297297,"roc_auc":0.9888392857},"test":{"accuracy":0.9117647059,"f1":0.6666666667,"recall":0.75,"precision":0.6,"roc_auc":0.9583333333}}
{"params":{"max_depth":10},"train":{"accuracy":0.9701492537,"f1":0.8709677419,"recall":0.9642857143,"precision":0.7941176471,"roc_auc":0.9946428571},"test":{"accuracy":0.9117647059,"f1":0.6666666667,"recall":0.75,"precision":0.6,"roc_auc":0.9583333333}}
