{"params":{"max_depth":3},"train":{"accuracy":0.9458333333,"f1":0.948,"recall":0.9875,"precision":0.9115384615,"roc_auc":0.9821527778},"test":{"accuracy":0.8823529412,"f1":0.6666666667,"recall":1.0,"precision":0.5,"roc_auc":0.9416666667}}
{"params":{"max_depth":3},"train":{"accuracy":0.94375,"f1":0.9461077844,"recall":0.9875,"precision":0.908045977,"roc_auc":0.9820225694},"test":{"accuracy":0.8823529412,"f1":0.6666666667,"recall":1.0,"precision":0.5,"roc_auc":0.9416666667}}
{"params":{"max_depth":5},"train":{"accuracy":0.9604166667,"f1":0.9614604462,"recall":0.9875,"precision":0.9367588933,"roc_auc":0.9960590278},"test":{"accuracy":0.8823529412,"f1":0.6666666667,"recall":1.0,"precision":0.5,"roc_auc":0.9583333333}}
{"params":{"max_depth":5},"train":{"accuracy":0.95625,"f1":0.9575757576,"recall":0.9875,"precision":0.9294117647,"roc_auc":0.9958854167},"test":{"accuracy":0.8823529412,"f1":0.6666666667,"recall":1.0,"precision":0.5,"roc_auc":0.9416666667}}
{"params":{"max_depth":10},"train":{"accuracy":0.9708333333,"f1":0.9713114754,"recall":0.9875,"precision":0.9556451613,"roc_auc":0.9986979167},"test":{"accuracy":0.9117647059,"f1":0.7272727273,"recall":1.0,"precision":0.5714285714,"roc_auc":0.95}}
{"params":{"max_depth":3},"train":{"accuracy":0.9416666667,"f1":0.944,"recall":0.9833333333,"precision":0.9076923077,"roc_auc":0.9854427083},"test":{"accuracy":0.8823529412,"f1":0.6666666667,"recall":1.0,"precision":0.5,"roc_auc":0.9416666667}}
{"params":{"max_depth":10},"train":{"accuracy":0.9645833333,"f1":0.9652351738,"recall":0.9833333333,"precision":0.9477911647,"roc_auc":0.9986458333},"test":{"accuracy":0.9117647059,"f1":0.7272727273,"recall":1.0,"precision":0.5714285714,"roc_auc":0.9666666667}}
{"params":{"max_depth":5},"train":{"accuracy":0.9604166667,"f1":0.9614604462,"recall":0.9875,"precision":0.9367588933,"roc_auc":0.9957291667},"test":{"accuracy":0.8823529412,"f1":0.6666666667,"recall":1.0,"precision":0.5,"roc_auc":0.9583333333}}
{"params":{"max_depth":5},"train":{"accuracy":0.9625,"f1":0.9634146341,"recall":0.9875,"precision":0.9404761905,"roc_auc":0.9966493056},"test":{"accuracy":0.8823529412,"f1":0.6666666667,"recall":1.0,"precision":0.5,"roc_auc":0.9583333333}}
{"params":{"max_depth":10},"train":{"accuracy":0.9666666667,"f1":0.9672131148,"recall":0.9833333333,"precision":0.9516129032,"roc_auc":0.9988020833},"test":{"accuracy":0.9117647059,"f1":0.7272727273,"recall":1.0,"precision":0.5714285714,"roc_auc":0.9666666667}}
{"params":{"max_depth":3},"train":{"accuracy":0.9416666667,"f1":0.944,"recall":0.9833333333,"precision":0.9076923077,"roc_auc":0.9866666667},"test":{"accuracy":0.8823529412,"f1":0.6666666667,"recall":1.0,"precision":0.5,"roc_auc":0.9416666667}}
{"params":{"max_depth":3},"train":{"accuracy":0.9416666667,"f1":0.944,"recall":0.9833333333,"precision":0.9076923077,"roc_auc":0.986484375},"test":{"accuracy":0.8823529412,"f1":0.6666666667,"recall":1.0,"precision":0.5,"roc_auc":0.9416666667}}
{"params":{"max_depth":10},"train":{"accuracy":0.9666666667,"f1":0.9672131148,"recall":0.9833333333,"precision":0.9516129032,"roc_auc":0.9988715278},"test":{"accuracy":0.9411764706,"f1":0.8,"recall":1.0,"precision":0.6666666667,"roc_auc":0.9666666667}}
{"params":{"max_depth":5},"train":{"accuracy":0.9583333333,"f1":0.95951417,"recall":0.9875,"precision":0.9330708661,"roc_auc":0.9967881944},"test":{"accuracy":0.8823529412,"f1":0.6666666667,"recall":1.0,"precision":0.5,"roc_auc":0.9583333333}}
{"params":{"max_depth":10},"train":{"accuracy":0.9666666667,"f1":0.9672131148,"recall":0.9833333333,"precision":0.9516129032,"roc_auc":0.9988715278},"test":{"accuracy":0.9411764706,"f1":0.8,"recall":1.0,"precision":0.6666666667,"roc_auc":0.9666666667}}
