{"params":{"max_depth":3},"train":{"accuracy":0.9357142857,"f1":0.9502762431,"recall":0.9608938547,"precision":0.9398907104,"roc_auc":0.9876929034},"test":{"accuracy":0.9142857143,"f1":0.9333333333,"recall":0.9130434783,"precision":0.9545454545,"roc_auc":0.9927536232}}
{"params":{"max_depth":5},"train":{"accuracy":0.975,"f1":0.9807162534,"recall":0.9944134078,"precision":0.9673913043,"roc_auc":0.9981746778},"test":{"accuracy":0.9714285714,"f1":0.9777777778,"recall":0.9565217391,"precision":1.0,"roc_auc":0.9927536232}}
{"params":{"max_depth":3},"train":{"accuracy":0.9428571429,"f1":0.956043956,"recall":0.9720670391,"precision":0.9405405405,"roc_auc":0.9891586924},"test":{"accuracy":0.9428571429,"f1":0.9565217391,"recall":0.9565217391,"precision":0.9565217391,"roc_auc":0.9927536232}}
{"params":{"max_depth":5},"train":{"accuracy":0.9714285714,"f1":0.9779005525,"recall":0.9888268156,"precision":0.9672131148,"roc_auc":0.9978981138},"test":{"accuracy":0.9714285714,"f1":0.9777777778,"recall":0.9565217391,"precision":1.0,"roc_auc":0.9963768116}}
{"params":{"max_depth":10},"train":{"accuracy":0.9892857143,"f1":0.991643454,"recall":0.9944134078,"precision":0.9888888889,"roc_auc":0.9994468721},"test":{"accuracy":0.9714285714,"f1":0.9777777778,"recall":0.9565217391,"precision":1.0,"roc_auc":0.9927536232}}
{"params":{"max_depth":5},"train":{"accuracy":0.9714285714,"f1":0.9779005525,"recall":0.9888268156,"precision":0.9672131148,"roc_auc":0.9982853034},"test":{"accuracy":0.9714285714,"f1":0.9777777778,"recall":0.9565217391,"precision":1.0,"roc_auc":0.9963768116}}
{"params":{"max_depth":3},"train":{"accuracy":0.9428571429,"f1":0.955801105,"recall":0.9664804469,"precision":0.9453551913,"roc_auc":0.9875546214},"test":{"accuracy":0.9142857143,"f1":0.9333333333,"recall":0.9130434783,"precision":0.9545454545,"roc_auc":0.9927536232}}
{"params":{"max_depth":10},"train":{"accuracy":0.9892857143,"f1":0.9915966387,"recall":0.9888268156,"precision":0.9943820225,"roc_auc":0.9995574976},"test":{"accuracy":0.9714285714,"f1":0.9777777778,"recall":0.9565217391,"precision":1.0,"roc_auc":1.0}}
{"params":{"max_depth":10},"train":{"accuracy":0.9892857143,"f1":0.9915966387,"recall":0.9888268156,"precision":0.9943820225,"roc_auc":0.9998340616},"test":{"accuracy":0.9714285714,"f1":0.9777777778,"recall":0.9565217391,"precision":1.0,"roc_auc":0.9963768116}}
{"params":{"max_depth":3},"train":{"accuracy":0.9428571429,"f1":0.955801105,"recall":0.9664804469,"precision":0.9453551913,"roc_auc":0.9868355551},"test":{"accuracy":0.9142857143,"f1":0.9333333333,"recall":0.9130434783,"precision":0.9545454545,"roc_auc":0.9927536232}}
{"params":{"max_depth":5},"train":{"accuracy":0.9714285714,"f1":0.9779005525,"recall":0.9888268156,"precision":0.9672131148,"roc_auc":0.997842801},"test":{"accuracy":0.9714285714,"f1":0.9777777778,"recall":0.9565217391,"precision":1.0,"roc_auc":0.9963768116}}
{"params":{"max_depth":10},"train":{"accuracy":0.9892857143,"f1":0.9915966387,"recall":0.9888268156,"precision":0.9943820225,"roc_auc":0.9998340616},"test":{"accuracy":0.9714285714,"f1":0.9777777778,"recall":0.9565217391,"precision":1.0,"roc_auc":0.9963768116}}
{"params":{"max_depth":3},"train":{"accuracy":0.9464285714,"f1":0.958677686,"recall":0.9720670391,"precision":0.9456521739,"roc_auc":0.9872780574},"test":{"accuracy":0.9142857143,"f1":0.9333333333,"recall":0.9130434783,"precision":0.9545454545,"roc_auc":0.9927536232}}
{"params":{"max_depth":5},"train":{"accuracy":0.9714285714,"f1":0.9779005525,"recall":0.9888268156,"precision":0.9672131148,"roc_auc":0.9976768627},"test":{"accuracy":0.9714285714,"f1":0.9777777778,"recall":0.9565217391,"precision":1.0,"roc_auc":0.9963768116}}
{"params":{"max_depth":10},"train":{"accuracy":0.9928571429,"f1":0.9943820225,"recall":0.9888268156,"precision":1.0,"roc_auc":0.9998340616},"test":{"accuracy":0.9714285714,"f1":0.9777777778,"recall":0.9565217391,"precision":1.0,"roc_auc":0.9963768116}}
