{"params":{"max_depth":5},"train":{"accuracy":0.9497206704,"f1":0.9518716578,"recall":0.9944134078,"precision":0.9128205128,"roc_auc":0.9958178584},"test":{"accuracy":0.9714285714,"f1":0.9777777778,"recall":0.9565217391,"precision":1.0,"roc_auc":1.0}}
{"params":{"max_depth":3},"train":{"accuracy":0.874301676,"f1":0.8793565684,"recall":0.9162011173,"precision":0.8453608247,"roc_auc":0.9677600574},"test":{"accuracy":0.9142857143,"f1":0.9333333333,"recall":0.9130434783,"precision":0.9545454545,"roc_auc":0.9927536232}}
{"params":{"max_depth":3},"train":{"accuracy":0.8910614525,"f1":0.8948787062,"recall":0.9273743017,"precision":0.8645833333,"roc_auc":0.9677912674},"test":{"accuracy":0.9428571429,"f1":0.9565217391,"recall":0.9565217391,"precision":0.9565217391,"roc_auc":0.9927536232}}
{"params":{"max_depth":5},"train":{"accuracy":0.9636871508,"f1":0.9647696477,"recall":0.9944134078,"precision":0.9368421053,"roc_auc":0.9953184982},"test":{"accuracy":0.9428571429,"f1":0.9545454545,"recall":0.9130434783,"precision":1.0,"roc_auc":1.0}}
{"params":{"max_depth":3},"train":{"accuracy":0.8882681564,"f1":0.8930481283,"recall":0.9329608939,"precision":0.8564102564,"roc_auc":0.9678692925},"test":{"accuracy":0.9142857143,"f1":0.9333333333,"recall":0.9130434783,"precision":0.9545454545,"roc_auc":0.9927536232}}
{"params":{"max_depth":10},"train":{"accuracy":0.9916201117,"f1":0.9915966387,"recall":0.9888268156,"precision":0.9943820225,"roc_auc":0.99987516},"test":{"accuracy":0.9714285714,"f1":0.9777777778,"recall":0.9565217391,"precision":1.0,"roc_auc":1.0}}
{"params":{"max_depth":5},"train":{"accuracy":0.9553072626,"f1":0.9569892473,"recall":0.9944134078,"precision":0.9222797927,"roc_auc":0.994819138},"test":{"accuracy":0.9714285714,"f1":0.9777777778,"recall":0.9565217391,"precision":1.0,"roc_auc":1.0}}
{"params":{"max_depth":10},"train":{"accuracy":0.9944134078,"f1":0.9943820225,"recall":0.9888268156,"precision":1.0,"roc_auc":0.9998439499},"test":{"accuracy":0.9428571429,"f1":0.9545454545,"recall":0.9130434783,"precision":1.0,"roc_auc":1.0}}
{"params":{"max_depth":10},"train":{"accuracy":0.9972067039,"f1":0.9971988796,"recall":0.9944134078,"precision":1.0,"roc_auc":0.99993758},"test":{"accuracy":0.9428571429,"f1":0.9545454545,"recall":0.9130434783,"precision":1.0,"roc_auc":1.0}}
{"params":{"max_depth":3},"train":{"accuracy":0.8910614525,"f1":0.896,"recall":0.938547486,"precision":0.8571428571,"roc_auc":0.9694453981},"test":{"accuracy":0.9142857143,"f1":0.9333333333,"recall":0.9130434783,"precision":0.9545454545,"roc_auc":0.9927536232}}
{"params":{"max_depth":5},"train":{"accuracy":0.9497206704,"f1":0.9516129032,"recall":0.9888268156,"precision":0.9170984456,"roc_auc":0.9942261477},"test":{"accuracy":0.9714285714,"f1":0.9777777778,"recall":0.9565217391,"precision":1.0,"roc_auc":0.9963768116}}
{"params":{"max_depth":10},"train":{"accuracy":0.9944134078,"f1":0.9943820225,"recall":0.9888268156,"precision":1.0,"roc_auc":0.9998127399},"test":{"accuracy":0.9428571429,"f1":0.9545454545,"recall":0.9130434783,"precision":1.0,"roc_auc":1.0}}
{"params":{"max_depth":3},"train":{"accuracy":0.8966480447,"f1":0.9013333333,"recall":0.9441340782,"precision":0.862244898,"roc_auc":0.969351768},"test":{"accuracy":0.9142857143,"f1":0.9333333333,"recall":0.9130434783,"precision":0.9545454545,"roc_auc":0.9927536232}}
{"params":{"max_depth":5},"train":{"accuracy":0.9525139665,"f1":0.9541778976,"recall":0.9888268156,"precision":0.921875,"roc_auc":0.9937579976},"test":{"accuracy":0.9714285714,"f1":0.9777777778,"recall":0.9565217391,"precision":1.0,"roc_auc":1.0}}
{"params":{"max_depth":10},"train":{"accuracy":0.9944134078,"f1":0.9943820225,"recall":0.9888268156,"precision":1.0,"roc_auc":0.9997815299},"test":{"accuracy":0.9714285714,"f1":0.9777777778,"recall":0.9565217391,"precision":1.0,"roc_auc":1.0}}
