{"params":{"max_depth":3},"train":{"accuracy":0.9428571429,"f1":0.956043956,"recall":0.9720670391,"precision":0.9405405405,"roc_auc":0.9876375906},"test":{"accuracy":0.9142857143,"f1":0.9333333333,"recall":0.9130434783,"precision":0.9545454545,"roc_auc":0.9927536232}}
{"params":{"max_depth":5},"train":{"accuracy":0.975,"f1":0.9805013928,"recall":0.9832402235,"precision":0.9777777778,"roc_auc":0.9979534266},"test":{"accuracy":0.9714285714,"f1":0.9777777778,"recall":0.9565217391,"precision":1.0,"roc_auc":1.0}}
{"params":{"max_depth":3},"train":{"accuracy":0.9571428571,"f1":0.9673913043,"recall":0.9944134078,"precision":0.9417989418,"roc_auc":0.987112119},"test":{"accuracy":0.9142857143,"f1":0.9333333333,"recall":0.9130434783,"precision":0.9545454545,"roc_auc":0.9927536232}}
{"params":{"max_depth":5},"train":{"accuracy":0.9714285714,"f1":0.9776536313,"recall":0.9776536313,"precision":0.9776536313,"roc_auc":0.9975109243},"test":{"accuracy":0.9714285714,"f1":0.9777777778,"recall":0.9565217391,"precision":1.0,"roc_auc":1.0}}
{"params":{"max_depth":10},"train":{"accuracy":0.9857142857,"f1":0.9888888889,"recall":0.9944134078,"precision":0.9834254144,"roc_auc":0.9995021849},"test":{"accuracy":0.9428571429,"f1":0.9545454545,"recall":0.9130434783,"precision":1.0,"roc_auc":1.0}}
{"params":{"max_depth":3},"train":{"accuracy":0.95,"f1":0.9617486339,"recall":0.9832402235,"precision":0.9411764706,"roc_auc":0.9872227446},"test":{"accuracy":0.9142857143,"f1":0.9333333333,"recall":0.9130434783,"precision":0.9545454545,"roc_auc":0.9927536232}}
{"params":{"max_depth":10},"train":{"accuracy":0.9857142857,"f1":0.9887640449,"recall":0.9832402235,"precision":0.9943502825,"roc_auc":0.9995021849},"test":{"accuracy":0.9714285714,"f1":0.9777777778,"recall":0.9565217391,"precision":1.0,"roc_auc":1.0}}
{"params":{"max_depth":5},"train":{"accuracy":0.975,"f1":0.9807162534,"recall":0.9944134078,"precision":0.9673913043,"roc_auc":0.997842801},"test":{"accuracy":0.9714285714,"f1":0.9777777778,"recall":0.9565217391,"precision":1.0,"roc_auc":0.9963768116}}
{"params":{"max_depth":10},"train":{"accuracy":0.9928571429,"f1":0.9944134078,"recall":0.9944134078,"precision":0.9944134078,"roc_auc":0.9999446872},"test":{"accuracy":0.9714285714,"f1":0.9777777778,"recall":0.9565217391,"precision":1.0,"roc_auc":1.0}}
{"params":{"max_depth":3},"train":{"accuracy":0.95,"f1":0.9615384615,"recall":0.9776536313,"precision":0.9459459459,"roc_auc":0.9877758726},"test":{"accuracy":0.9142857143,"f1":0.9333333333,"recall":0.9130434783,"precision":0.9545454545,"roc_auc":0.9927536232}}
{"params":{"max_depth":5},"train":{"accuracy":0.9785714286,"f1":0.9834254144,"recall":0.9944134078,"precision":0.9726775956,"roc_auc":0.9979534266},"test":{"accuracy":0.9714285714,"f1":0.9777777778,"recall":0.9565217391,"precision":1.0,"roc_auc":1.0}}
{"params":{"max_depth":10},"train":{"accuracy":0.9928571429,"f1":0.9944134078,"recall":0.9944134078,"precision":0.9944134078,"roc_auc":0.9999446872},"test":{"accuracy":0.9714285714,"f1":0.9777777778,"recall":0.9565217391,"precision":1.0,"roc_auc":1.0}}
{"params":{"max_depth":3},"train":{"accuracy":0.95,"f1":0.9615384615,"recall":0.9776536313,"precision":0.9459459459,"roc_auc":0.9879418109},"test":{"accuracy":0.9142857143,"f1":0.9333333333,"recall":0.9130434783,"precision":0.9545454545,"roc_auc":0.9927536232}}
{"params":{"max_depth":5},"train":{"accuracy":0.9785714286,"f1":0.9834254144,"recall":0.9944134078,"precision":0.9726775956,"roc_auc":0.9979534266},"test":{"accuracy":0.9714285714,"f1":0.9777777778,"recall":0.9565217391,"precision":1.0,"roc_auc":0.9963768116}}
{"params":{"max_depth":10},"train":{"accuracy":0.9964285714,"f1":0.9971988796,"recall":0.9944134078,"precision":1.0,"roc_auc":0.9999446872},"test":{"accuracy":0.9714285714,"f1":0.9777777778,"recall":0.9565217391,"precision":1.0,"roc_auc":1.0}}
