{"params":{"max_depth":3},"train":{"accuracy":0.874301676,"f1":0.88,"recall":0.9217877095,"precision":0.8418367347,"roc_auc":0.958958834},"test":{"accuracy":0.9142857143,"f1":0.9333333333,"recall":0.9130434783,"precision":0.9545454545,"roc_auc":0.9927536232}}
{"params":{"max_depth":5},"train":{"accuracy":0.9497206704,"f1":0.9516129032,"recall":0.9888268156,"precision":0.9170984456,"roc_auc":0.9918541868},"test":{"accuracy":0.9142857143,"f1":0.9333333333,"recall":0.9130434783,"precision":0.9545454545,"roc_auc":0.9927536232}}
{"params":{"max_depth":3},"train":{"accuracy":0.8798882682,"f1":0.8859416446,"recall":0.9329608939,"precision":0.8434343434,"roc_auc":0.9618769701},"test":{"accuracy":0.9142857143,"f1":0.9333333333,"recall":0.9130434783,"precision":0.9545454545,"roc_auc":0.9927536232}}
{"params":{"max_depth":5},"train":{"accuracy":0.9581005587,"f1":0.9593495935,"recall":0.9888268156,"precision":0.9315789474,"roc_auc":0.9928841172},"test":{"accuracy":0.9714285714,"f1":0.9777777778,"recall":0.9565217391,"precision":1.0,"roc_auc":1.0}}
{"params":{"max_depth":10},"train":{"accuracy":0.9916201117,"f1":0.9915492958,"recall":0.9832402235,"precision":1.0,"roc_auc":0.9996878999},"test":{"accuracy":0.9142857143,"f1":0.9302325581,"recall":0.8695652174,"precision":1.0,"roc_auc":0.9963768116}}
{"params":{"max_depth":3},"train":{"accuracy":0.8826815642,"f1":0.8870967742,"recall":0.9217877095,"precision":0.8549222798,"roc_auc":0.9644205861},"test":{"accuracy":0.9142857143,"f1":0.9333333333,"recall":0.9130434783,"precision":0.9545454545,"roc_auc":0.9927536232}}
{"params":{"max_depth":5},"train":{"accuracy":0.9553072626,"f1":0.9565217391,"recall":0.9832402235,"precision":0.9312169312,"roc_auc":0.9927904872},"test":{"accuracy":0.9428571429,"f1":0.9545454545,"recall":0.9130434783,"precision":1.0,"roc_auc":0.9963768116}}
{"params":{"max_depth":10},"train":{"accuracy":0.9804469274,"f1":0.9800569801,"recall":0.9608938547,"precision":1.0,"roc_auc":0.99987516},"test":{"accuracy":0.9142857143,"f1":0.9302325581,"recall":0.8695652174,"precision":1.0,"roc_auc":1.0}}
{"params":{"max_depth":3},"train":{"accuracy":0.8882681564,"f1":0.8930481283,"recall":0.9329608939,"precision":0.8564102564,"roc_auc":0.9674947723},"test":{"accuracy":0.9142857143,"f1":0.9333333333,"recall":0.9130434783,"precision":0.9545454545,"roc_auc":0.9927536232}}
{"params":{"max_depth":10},"train":{"accuracy":0.9888268156,"f1":0.988700565,"recall":0.9776536313,"precision":1.0,"roc_auc":0.9997503199},"test":{"accuracy":0.9142857143,"f1":0.9302325581,"recall":0.8695652174,"precision":1.0,"roc_auc":1.0}}
{"params":{"max_depth":5},"train":{"accuracy":0.9581005587,"f1":0.9593495935,"recall":0.9888268156,"precision":0.9315789474,"roc_auc":0.9932586374},"test":{"accuracy":0.9428571429,"f1":0.9545454545,"recall":0.9130434783,"precision":1.0,"roc_auc":0.9963768116}}
{"params":{"max_depth":3},"train":{"accuracy":0.8882681564,"f1":0.8930481283,"recall":0.9329608939,"precision":0.8564102564,"roc_auc":0.9679161075},"test":{"accuracy":0.9142857143,"f1":0.9333333333,"recall":0.9130434783,"precision":0.9545454545,"roc_auc":0.9927536232}}
{"params":{"max_depth":10},"train":{"accuracy":0.9916201117,"f1":0.9915492958,"recall":0.9832402235,"precision":1.0,"roc_auc":0.9997815299},"test":{"accuracy":0.9428571429,"f1":0.9545454545,"recall":0.9130434783,"precision":1.0,"roc_auc":1.0}}
{"params":{"max_depth":5},"train":{"accuracy":0.9553072626,"f1":0.9567567568,"recall":0.9888268156,"precision":0.9267015707,"roc_auc":0.9940700977},"test":{"accuracy":0.9428571429,"f1":0.9545454545,"recall":0.9130434783,"precision":1.0,"roc_auc":0.9963768116}}
{"params":{"max_depth":10},"train":{"accuracy":0.9944134078,"f1":0.9943820225,"recall":0.9888268156,"precision":1.0,"roc_auc":0.99990637},"test":{"accuracy":0.9428571429,"f1":0.9545454545,"recall":0.9130434783,"precision":1.0,"roc_auc":1.0}}
