{"params":{"max_depth":3,"n_estimators":25},"train":{"accuracy":0.905027933,"f1":0.9095744681,"recall":0.9553072626,"precision":0.8680203046,"roc_auc":0.9699759683},"test":{"accuracy":0.9428571429,"f1":0.9545454545,"recall":0.9130434783,"precision":1.0,"roc_auc":0.9927536232}}
{"params":{"max_depth":3,"n_estimators":50},"train":{"accuracy":0.9078212291,"f1":0.9110512129,"recall":0.9441340782,"precision":0.8802083333,"roc_auc":0.9708810586},"test":{"accuracy":0.9142857143,"f1":0.9333333333,"recall":0.9130434783,"precision":0.9545454545,"roc_auc":0.9927536232}}
{"params":{"max_depth":5,"n_estimators":100},"train":{"accuracy":0.9525139665,"f1":0.9539295393,"recall":0.9832402235,"precision":0.9263157895,"roc_auc":0.9928216972},"test":{"accuracy":0.9142857143,"f1":0.9302325581,"recall":0.8695652174,"precision":1.0,"roc_auc":1.0}}
{"params":{"max_depth":3,"n_estimators":100},"train":{"accuracy":0.9078212291,"f1":0.9105691057,"recall":0.938547486,"precision":0.8842105263,"roc_auc":0.9706937986},"test":{"accuracy":0.9142857143,"f1":0.9333333333,"recall":0.9130434783,"precision":0.9545454545,"roc_auc":0.9927536232}}
{"params":{"max_depth":5,"n_estimators":50},"train":{"accuracy":0.9553072626,"f1":0.9567567568,"recall":0.9888268156,"precision":0.9267015707,"roc_auc":0.9915420867},"test":{"accuracy":0.9428571429,"f1":0.9545454545,"recall":0.9130434783,"precision":1.0,"roc_auc":1.0}}
{"params":{"max_depth":5,"n_estimators":25},"train":{"accuracy":0.9608938547,"f1":0.9619565217,"recall":0.9888268156,"precision":0.9365079365,"roc_auc":0.9928841172},"test":{"accuracy":0.9428571429,"f1":0.9545454545,"recall":0.9130434783,"precision":1.0,"roc_auc":1.0}}
{"params":{"max_depth":10,"n_estimators":50},"train":{"accuracy":0.9888268156,"f1":0.9887640449,"recall":0.9832402235,"precision":0.9943502825,"roc_auc":0.9993445897},"test":{"accuracy":0.9142857143,"f1":0.9302325581,"recall":0.8695652174,"precision":1.0,"roc_auc":1.0}}
{"params":{"max_depth":10,"n_estimators":25},"train":{"accuracy":0.9888268156,"f1":0.9887640449,"recall":0.9832402235,"precision":0.9943502825,"roc_auc":0.9992197497},"test":{"accuracy":0.8857142857,"f1":0.9047619048,"recall":0.8260869565,"precision":1.0,"roc_auc":1.0}}
{"params":{"max_depth":10,"n_estimators":100},"train":{"accuracy":0.9916201117,"f1":0.9915492958,"recall":0.9832402235,"precision":1.0,"roc_auc":0.9995006398},"test":{"accuracy":0.9142857143,"f1":0.9302325581,"recall":0.8695652174,"precision":1.0,"roc_auc":1.0}}
{"params":{"max_depth":3,"n_estimators":250},"train":{"accuracy":0.905027933,"f1":0.9090909091,"recall":0.9497206704,"precision":0.8717948718,"roc_auc":0.969273743},"test":{"accuracy":0.9142857143,"f1":0.9333333333,"recall":0.9130434783,"precision":0.9545454545,"roc_auc":0.9927536232}}
{"params":{"max_depth":5,"n_estimators":250},"train":{"accuracy":0.9469273743,"f1":0.9485094851,"recall":0.9776536313,"precision":0.9210526316,"roc_auc":0.9916669268},"test":{"accuracy":0.9428571429,"f1":0.9545454545,"recall":0.9130434783,"precision":1.0,"roc_auc":1.0}}
{"params":{"max_depth":10,"n_estimators":250},"train":{"accuracy":0.9888268156,"f1":0.988700565,"recall":0.9776536313,"precision":1.0,"roc_auc":0.9993133797},"test":{"accuracy":0.9714285714,"f1":0.9777777778,"recall":0.9565217391,"precision":1.0,"roc_auc":1.0}}
{"params":{"max_depth":3,"n_estimators":500},"train":{"accuracy":0.905027933,"f1":0.9090909091,"recall":0.9497206704,"precision":0.8717948718,"roc_auc":0.9682906276},"test":{"accuracy":0.9142857143,"f1":0.9333333333,"recall":0.9130434783,"precision":0.9545454545,"roc_auc":0.9927536232}}
{"params":{"max_depth":5,"n_estimators":500},"train":{"accuracy":0.9469273743,"f1":0.9485094851,"recall":0.9776536313,"precision":0.9210526316,"roc_auc":0.992322337},"test":{"accuracy":0.9428571429,"f1":0.9545454545,"recall":0.9130434783,"precision":1.0,"roc_auc":1.0}}
{"params":{"max_depth":10,"n_estimators":500},"train":{"accuracy":0.9888268156,"f1":0.988700565,"recall":0.9776536313,"precision":1.0,"roc_auc":0.9994070098},"test":{"accuracy":0.9428571429,"f1":0.9545454545,"recall":0.9130434783,"precision":1.0,"roc_auc":1.0}}
