{"params":{"max_depth":3},"train":{"accuracy":0.9428571429,"f1":0.955801105,"recall":0.9664804469,"precision":0.9453551913,"roc_auc":0.985784612},"test":{"accuracy":0.9142857143,"f1":0.9333333333,"recall":0.9130434783,"precision":0.9545454545,"roc_auc":0.9927536232}}
{"params":{"max_depth":5},"train":{"accuracy":0.9678571429,"f1":0.9753424658,"recall":0.9944134078,"precision":0.9569892473,"roc_auc":0.9970684219},"test":{"accuracy":0.9714285714,"f1":0.9777777778,"recall":0.9565217391,"precision":1.0,"roc_auc":0.9927536232}}
{"params":{"max_depth":3},"train":{"accuracy":0.9464285714,"f1":0.958677686,"recall":0.9720670391,"precision":0.9456521739,"roc_auc":0.9871950882},"test":{"accuracy":0.9142857143,"f1":0.9333333333,"recall":0.9130434783,"precision":0.9545454545,"roc_auc":0.9927536232}}
{"params":{"max_depth":5},"train":{"accuracy":0.9714285714,"f1":0.9777777778,"recall":0.9832402235,"precision":0.9723756906,"roc_auc":0.9970131091},"test":{"accuracy":0.9714285714,"f1":0.9777777778,"recall":0.9565217391,"precision":1.0,"roc_auc":0.9963768116}}
{"params":{"max_depth":10},"train":{"accuracy":0.9964285714,"f1":0.9971988796,"recall":0.9944134078,"precision":1.0,"roc_auc":0.9996681232},"test":{"accuracy":0.9714285714,"f1":0.9777777778,"recall":0.9565217391,"precision":1.0,"roc_auc":0.9963768116}}
{"params":{"max_depth":5},"train":{"accuracy":0.9714285714,"f1":0.9777777778,"recall":0.9832402235,"precision":0.9723756906,"roc_auc":0.9966812324},"test":{"accuracy":0.9714285714,"f1":0.9777777778,"recall":0.9565217391,"precision":1.0,"roc_auc":1.0}}
{"params":{"max_depth":3},"train":{"accuracy":0.9428571429,"f1":0.955801105,"recall":0.9664804469,"precision":0.9453551913,"roc_auc":0.9868908679},"test":{"accuracy":0.9142857143,"f1":0.9333333333,"recall":0.9130434783,"precision":0.9545454545,"roc_auc":0.9927536232}}
{"params":{"max_depth":10},"train":{"accuracy":0.9892857143,"f1":0.9915492958,"recall":0.9832402235,"precision":1.0,"roc_auc":0.9997787488},"test":{"accuracy":0.9714285714,"f1":0.9777777778,"recall":0.9565217391,"precision":1.0,"roc_auc":0.9963768116}}
{"params":{"max_depth":10},"train":{"accuracy":0.9892857143,"f1":0.9915492958,"recall":0.9832402235,"precision":1.0,"roc_auc":0.9995574976},"test":{"accuracy":0.9714285714,"f1":0.9777777778,"recall":0.9565217391,"precision":1.0,"roc_auc":1.0}}
{"params":{"max_depth":3},"train":{"accuracy":0.9428571429,"f1":0.955801105,"recall":0.9664804469,"precision":0.9453551913,"roc_auc":0.9870568062},"test":{"accuracy":0.9142857143,"f1":0.9333333333,"recall":0.9130434783,"precision":0.9545454545,"roc_auc":0.9927536232}}
{"params":{"max_depth":5},"train":{"accuracy":0.9642857143,"f1":0.9723756906,"recall":0.9832402235,"precision":0.9617486339,"roc_auc":0.9971237347},"test":{"accuracy":0.9714285714,"f1":0.9777777778,"recall":0.9565217391,"precision":1.0,"roc_auc":0.9963768116}}
{"params":{"max_depth":10},"train":{"accuracy":0.9857142857,"f1":0.9887640449,"recall":0.9832402235,"precision":0.9943502825,"roc_auc":0.9998340616},"test":{"accuracy":0.9714285714,"f1":0.9777777778,"recall":0.9565217391,"precision":1.0,"roc_auc":1.0}}
{"params":{"max_depth":3},"train":{"accuracy":0.9464285714,"f1":0.958677686,"recall":0.9720670391,"precision":0.9456521739,"roc_auc":0.9874439958},"test":{"accuracy":0.9142857143,"f1":0.9333333333,"recall":0.9130434783,"precision":0.9545454545,"roc_auc":0.9927536232}}
{"params":{"max_depth":5},"train":{"accuracy":0.9642857143,"f1":0.9723756906,"recall":0.9832402235,"precision":0.9617486339,"roc_auc":0.9975662371},"test":{"accuracy":0.9714285714,"f1":0.9777777778,"recall":0.9565217391,"precision":1.0,"roc_auc":0.9963768116}}
{"params":{"max_depth":10},"train":{"accuracy":0.9928571429,"f1":0.9943820225,"recall":0.9888268156,"precision":1.0,"roc_auc":0.9998893744},"test":{"accuracy":0.9714285714,"f1":0.9777777778,"recall":0.9565217391,"precision":1.0,"roc_auc":1.0}}
