{"params":{"max_depth":3},"train":{"accuracy":0.8659217877,"f1":0.873015873,"recall":0.9217877095,"precision":0.8291457286,"roc_auc":0.9598171093},"test":{"accuracy":0.9142857143,"f1":0.9333333333,"recall":0.9130434783,"precision":0.9545454545,"roc_auc":0.9891304348}}
{"params":{"max_depth":5},"train":{"accuracy":0.9441340782,"f1":0.9462365591,"recall":0.9832402235,"precision":0.9119170984,"roc_auc":0.9926968572},"test":{"accuracy":0.9142857143,"f1":0.9333333333,"recall":0.9130434783,"precision":0.9545454545,"roc_auc":0.9927536232}}
{"params":{"max_depth":3},"train":{"accuracy":0.8798882682,"f1":0.8847184987,"recall":0.9217877095,"precision":0.8505154639,"roc_auc":0.9595050092},"test":{"accuracy":0.9142857143,"f1":0.9333333333,"recall":0.9130434783,"precision":0.9545454545,"roc_auc":0.9927536232}}
{"params":{"max_depth":5},"train":{"accuracy":0.9441340782,"f1":0.9459459459,"recall":0.9776536313,"precision":0.9162303665,"roc_auc":0.9926656471},"test":{"accuracy":0.9428571429,"f1":0.9545454545,"recall":0.9130434783,"precision":1.0,"roc_auc":0.9963768116}}
{"params":{"max_depth":10},"train":{"accuracy":0.9832402235,"f1":0.9831460674,"recall":0.9776536313,"precision":0.988700565,"roc_auc":0.9997191099},"test":{"accuracy":0.9428571429,"f1":0.9545454545,"recall":0.9130434783,"precision":1.0,"roc_auc":0.9927536232}}
{"params":{"max_depth":3},"train":{"accuracy":0.8994413408,"f1":0.9032258065,"recall":0.938547486,"precision":0.8704663212,"roc_auc":0.9672450922},"test":{"accuracy":0.9142857143,"f1":0.9333333333,"recall":0.9130434783,"precision":0.9545454545,"roc_auc":0.9927536232}}
{"params":{"max_depth":5},"train":{"accuracy":0.9581005587,"f1":0.9595687332,"recall":0.9944134078,"precision":0.9270833333,"roc_auc":0.9941013077},"test":{"accuracy":0.9428571429,"f1":0.9545454545,"recall":0.9130434783,"precision":1.0,"roc_auc":0.9963768116}}
{"params":{"max_depth":10},"train":{"accuracy":0.9832402235,"f1":0.9829545455,"recall":0.9664804469,"precision":1.0,"roc_auc":0.9997503199},"test":{"accuracy":0.9428571429,"f1":0.9545454545,"recall":0.9130434783,"precision":1.0,"roc_auc":1.0}}
{"params":{"max_depth":10},"train":{"accuracy":0.9944134078,"f1":0.9943820225,"recall":0.9888268156,"precision":1.0,"roc_auc":0.99987516},"test":{"accuracy":0.9428571429,"f1":0.9545454545,"recall":0.9130434783,"precision":1.0,"roc_auc":1.0}}
{"params":{"max_depth":3},"train":{"accuracy":0.8938547486,"f1":0.8983957219,"recall":0.938547486,"precision":0.8615384615,"roc_auc":0.9704129085},"test":{"accuracy":0.9142857143,"f1":0.9333333333,"recall":0.9130434783,"precision":0.9545454545,"roc_auc":0.9927536232}}
{"params":{"max_depth":5},"train":{"accuracy":0.9553072626,"f1":0.9567567568,"recall":0.9888268156,"precision":0.9267015707,"roc_auc":0.9941325177},"test":{"accuracy":0.9714285714,"f1":0.9777777778,"recall":0.9565217391,"precision":1.0,"roc_auc":1.0}}
{"params":{"max_depth":10},"train":{"accuracy":0.9944134078,"f1":0.9943820225,"recall":0.9888268156,"precision":1.0,"roc_auc":0.9997815299},"test":{"accuracy":0.9428571429,"f1":0.9545454545,"recall":0.9130434783,"precision":1.0,"roc_auc":1.0}}
{"params":{"max_depth":3},"train":{"accuracy":0.8966480447,"f1":0.9008042895,"recall":0.938547486,"precision":0.8659793814,"roc_auc":0.9698199182},"test":{"accuracy":0.9142857143,"f1":0.9333333333,"recall":0.9130434783,"precision":0.9545454545,"roc_auc":0.9927536232}}
{"params":{"max_depth":5},"train":{"accuracy":0.9553072626,"f1":0.9567567568,"recall":0.9888268156,"precision":0.9267015707,"roc_auc":0.9941013077},"test":{"accuracy":0.9714285714,"f1":0.9777777778,"recall":0.9565217391,"precision":1.0,"roc_auc":0.9963768116}}
{"params":{"max_depth":10},"train":{"accuracy":0.9944134078,"f1":0.9943820225,"recall":0.9888268156,"precision":1.0,"roc_auc":0.9997815299},"test":{"accuracy":0.9428571429,"f1":0.9545454545,"recall":0.9130434783,"precision":1.0,"roc_auc":1.0}}
