{"params":{"max_depth":3,"n_estimators":50},"train":{"accuracy":0.8994413408,"f1":0.9037433155,"recall":0.9441340782,"precision":0.8666666667,"roc_auc":0.9678848975},"test":{"accuracy":0.9142857143,"f1":0.9333333333,"recall":0.9130434783,"precision":0.9545454545,"roc_auc":0.9891304348}}
{"params":{"max_depth":3,"n_estimators":25},"train":{"accuracy":0.905027933,"f1":0.9081081081,"recall":0.938547486,"precision":0.8795811518,"roc_auc":0.9674011423},"test":{"accuracy":0.9142857143,"f1":0.9333333333,"recall":0.9130434783,"precision":0.9545454545,"roc_auc":0.9891304348}}
{"params":{"max_depth":5,"n_estimators":25},"train":{"accuracy":0.9497206704,"f1":0.9502762431,"recall":0.9608938547,"precision":0.9398907104,"roc_auc":0.992384757},"test":{"accuracy":0.9428571429,"f1":0.9545454545,"recall":0.9130434783,"precision":1.0,"roc_auc":1.0}}
{"params":{"max_depth":5,"n_estimators":50},"train":{"accuracy":0.9525139665,"f1":0.9536784741,"recall":0.9776536313,"precision":0.9308510638,"roc_auc":0.9921350769},"test":{"accuracy":0.9142857143,"f1":0.9302325581,"recall":0.8695652174,"precision":1.0,"roc_auc":1.0}}
{"params":{"max_depth":3,"n_estimators":100},"train":{"accuracy":0.9022346369,"f1":0.9066666667,"recall":0.9497206704,"precision":0.8673469388,"roc_auc":0.9689148279},"test":{"accuracy":0.9142857143,"f1":0.9333333333,"recall":0.9130434783,"precision":0.9545454545,"roc_auc":0.9927536232}}
{"params":{"max_depth":10,"n_estimators":25},"train":{"accuracy":0.9636871508,"f1":0.9631728045,"recall":0.9497206704,"precision":0.9770114943,"roc_auc":0.9978777192},"test":{"accuracy":0.9714285714,"f1":0.9777777778,"recall":0.9565217391,"precision":1.0,"roc_auc":1.0}}
{"params":{"max_depth":10,"n_estimators":50},"train":{"accuracy":0.9748603352,"f1":0.974789916,"recall":0.9720670391,"precision":0.9775280899,"roc_auc":0.9983458694},"test":{"accuracy":0.9142857143,"f1":0.9302325581,"recall":0.8695652174,"precision":1.0,"roc_auc":1.0}}
{"params":{"max_depth":10,"n_estimators":100},"train":{"accuracy":0.9832402235,"f1":0.9831460674,"recall":0.9776536313,"precision":0.988700565,"roc_auc":0.9990324896},"test":{"accuracy":0.9428571429,"f1":0.9545454545,"recall":0.9130434783,"precision":1.0,"roc_auc":1.0}}
{"params":{"max_depth":5,"n_estimators":100},"train":{"accuracy":0.9525139665,"f1":0.9536784741,"recall":0.9776536313,"precision":0.9308510638,"roc_auc":0.9913236166},"test":{"accuracy":0.9428571429,"f1":0.9545454545,"recall":0.9130434783,"precision":1.0,"roc_auc":1.0}}
{"params":{"max_depth":5,"n_estimators":250},"train":{"accuracy":0.9441340782,"f1":0.9456521739,"recall":0.9720670391,"precision":0.9206349206,"roc_auc":0.9917605568},"test":{"accuracy":0.9428571429,"f1":0.9545454545,"recall":0.9130434783,"precision":1.0,"roc_auc":0.9963768116}}
{"params":{"max_depth":3,"n_estimators":250},"train":{"accuracy":0.8994413408,"f1":0.9037433155,"recall":0.9441340782,"precision":0.8666666667,"roc_auc":0.9679161075},"test":{"accuracy":0.9142857143,"f1":0.9333333333,"recall":0.9130434783,"precision":0.9545454545,"roc_auc":0.9927536232}}
{"params":{"max_depth":10,"n_estimators":250},"train":{"accuracy":0.9860335196,"f1":0.9858356941,"recall":0.9720670391,"precision":1.0,"roc_auc":0.9990012796},"test":{"accuracy":0.9428571429,"f1":0.9545454545,"recall":0.9130434783,"precision":1.0,"roc_auc":1.0}}
{"params":{"max_depth":3,"n_estimators":500},"train":{"accuracy":0.9078212291,"f1":0.9115281501,"recall":0.9497206704,"precision":0.8762886598,"roc_auc":0.9677912674},"test":{"accuracy":0.9142857143,"f1":0.9333333333,"recall":0.9130434783,"precision":0.9545454545,"roc_auc":0.9927536232}}
{"params":{"max_depth":5,"n_estimators":500},"train":{"accuracy":0.9469273743,"f1":0.9485094851,"recall":0.9776536313,"precision":0.9210526316,"roc_auc":0.9924471771},"test":{"accuracy":0.9428571429,"f1":0.9545454545,"recall":0.9130434783,"precision":1.0,"roc_auc":1.0}}
{"params":{"max_depth":10,"n_estimators":500},"train":{"accuracy":0.9888268156,"f1":0.988700565,"recall":0.9776536313,"precision":1.0,"roc_auc":0.9992821697},"test":{"accuracy":0.9714285714,"f1":0.9777777778,"recall":0.9565217391,"precision":1.0,"roc_auc":1.0}}
