{"params":{"max_depth":3},"train":{"accuracy":0.9571428571,"f1":0.9672131148,"recall":0.9888268156,"precision":0.9465240642,"roc_auc":0.9900990099},"test":{"accuracy":0.9428571429,"f1":0.9565217391,"recall":0.9565217391,"precision":0.9565217391,"roc_auc":0.9927536232}}
{"params":{"max_depth":5},"train":{"accuracy":0.975,"f1":0.9806094183,"recall":0.9888268156,"precision":0.9725274725,"roc_auc":0.9985618674},"test":{"accuracy":0.9714285714,"f1":0.9777777778,"recall":0.9565217391,"precision":1.0,"roc_auc":1.0}}
{"params":{"max_depth":3},"train":{"accuracy":0.95,"f1":0.9613259669,"recall":0.9720670391,"precision":0.9508196721,"roc_auc":0.9887715028},"test":{"accuracy":0.9142857143,"f1":0.9333333333,"recall":0.9130434783,"precision":0.9545454545,"roc_auc":0.9963768116}}
{"params":{"max_depth":5},"train":{"accuracy":0.9714285714,"f1":0.9777777778,"recall":0.9832402235,"precision":0.9723756906,"roc_auc":0.9976215499},"test":{"accuracy":0.9714285714,"f1":0.9777777778,"recall":0.9565217391,"precision":1.0,"roc_auc":1.0}}
{"params":{"max_depth":10},"train":{"accuracy":0.9928571429,"f1":0.9944134078,"recall":0.9944134078,"precision":0.9944134078,"roc_auc":0.9997787488},"test":{"accuracy":0.9714285714,"f1":0.9777777778,"recall":0.9565217391,"precision":1.0,"roc_auc":1.0}}
{"params":{"max_depth":3},"train":{"accuracy":0.9428571429,"f1":0.955801105,"recall":0.9664804469,"precision":0.9453551913,"roc_auc":0.9881077493},"test":{"accuracy":0.9142857143,"f1":0.9333333333,"recall":0.9130434783,"precision":0.9545454545,"roc_auc":0.9927536232}}
{"params":{"max_depth":5},"train":{"accuracy":0.9821428571,"f1":0.9861495845,"recall":0.9944134078,"precision":0.978021978,"roc_auc":0.9982299906},"test":{"accuracy":0.9714285714,"f1":0.9777777778,"recall":0.9565217391,"precision":1.0,"roc_auc":1.0}}
{"params":{"max_depth":10},"train":{"accuracy":0.9821428571,"f1":0.9859943978,"recall":0.9832402235,"precision":0.9887640449,"roc_auc":0.9996681232},"test":{"accuracy":0.9714285714,"f1":0.9777777778,"recall":0.9565217391,"precision":1.0,"roc_auc":1.0}}
{"params":{"max_depth":10},"train":{"accuracy":0.9928571429,"f1":0.9944134078,"recall":0.9944134078,"precision":0.9944134078,"roc_auc":0.9997787488},"test":{"accuracy":0.9714285714,"f1":0.9777777778,"recall":0.9565217391,"precision":1.0,"roc_auc":1.0}}
{"params":{"max_depth":3},"train":{"accuracy":0.95,"f1":0.9615384615,"recall":0.9776536313,"precision":0.9459459459,"roc_auc":0.9877758726},"test":{"accuracy":0.9142857143,"f1":0.9333333333,"recall":0.9130434783,"precision":0.9545454545,"roc_auc":0.9927536232}}
{"params":{"max_depth":5},"train":{"accuracy":0.9785714286,"f1":0.9834254144,"recall":0.9944134078,"precision":0.9726775956,"roc_auc":0.9982853034},"test":{"accuracy":0.9714285714,"f1":0.9777777778,"recall":0.9565217391,"precision":1.0,"roc_auc":1.0}}
{"params":{"max_depth":10},"train":{"accuracy":0.9964285714,"f1":0.9971988796,"recall":0.9944134078,"precision":1.0,"roc_auc":0.9998893744},"test":{"accuracy":0.9714285714,"f1":0.9777777778,"recall":0.9565217391,"precision":1.0,"roc_auc":1.0}}
{"params":{"max_depth":3},"train":{"accuracy":0.9464285714,"f1":0.958677686,"recall":0.9720670391,"precision":0.9456521739,"roc_auc":0.9877758726},"test":{"accuracy":0.9142857143,"f1":0.9333333333,"recall":0.9130434783,"precision":0.9545454545,"roc_auc":0.9927536232}}
{"params":{"max_depth":5},"train":{"accuracy":0.9821428571,"f1":0.9861495845,"recall":0.9944134078,"precision":0.978021978,"roc_auc":0.998119365},"test":{"accuracy":0.9714285714,"f1":0.9777777778,"recall":0.9565217391,"precision":1.0,"roc_auc":1.0}}
{"params":{"max_depth":10},"train":{"accuracy":0.9964285714,"f1":0.9971988796,"recall":0.9944134078,"precision":1.0,"roc_auc":0.9998893744},"test":{"accuracy":0.9714285714,"f1":0.9777777778,"recall":0.9565217391,"precision":1.0,"roc_auc":1.0}}
