{"params":{"max_depth":3},"train":{"accuracy":0.8966480447,"f1":0.9013333333,"recall":0.9441340782,"precision":0.862244898,"roc_auc":0.9625635904},"test":{"accuracy":0.9714285714,"f1":0.9787234043,"recall":1.0,"precision":0.9583333333,"roc_auc":0.9891304348}}
{"params":{"max_depth":3},"train":{"accuracy":0.8882681564,"f1":0.8930481283,"recall":0.9329608939,"precision":0.8564102564,"roc_auc":0.9683218376},"test":{"accuracy":0.9142857143,"f1":0.9333333333,"recall":0.9130434783,"precision":0.9545454545,"roc_auc":0.9927536232}}
{"params":{"max_depth":5},"train":{"accuracy":0.9525139665,"f1":0.9536784741,"recall":0.9776536313,"precision":0.9308510638,"roc_auc":0.9925408071},"test":{"accuracy":0.9714285714,"f1":0.9777777778,"recall":0.9565217391,"precision":1.0,"roc_auc":1.0}}
{"params":{"max_depth":5},"train":{"accuracy":0.9441340782,"f1":0.9462365591,"recall":0.9832402235,"precision":0.9119170984,"roc_auc":0.9903092912},"test":{"accuracy":0.9428571429,"f1":0.9545454545,"recall":0.9130434783,"precision":1.0,"roc_auc":1.0}}
{"params":{"max_depth":10},"train":{"accuracy":0.9860335196,"f1":0.9859943978,"recall":0.9832402235,"precision":0.9887640449,"roc_auc":0.9995318498},"test":{"accuracy":0.9428571429,"f1":0.9545454545,"recall":0.9130434783,"precision":1.0,"roc_auc":1.0}}
{"params":{"max_depth":3},"train":{"accuracy":0.9022346369,"f1":0.9061662198,"recall":0.9441340782,"precision":0.8711340206,"roc_auc":0.969195718},"test":{"accuracy":0.9428571429,"f1":0.9565217391,"recall":0.9565217391,"precision":0.9565217391,"roc_auc":0.9927536232}}
{"params":{"max_depth":5},"train":{"accuracy":0.9553072626,"f1":0.9567567568,"recall":0.9888268156,"precision":0.9267015707,"roc_auc":0.9936019475},"test":{"accuracy":0.9714285714,"f1":0.9777777778,"recall":0.9565217391,"precision":1.0,"roc_auc":1.0}}
{"params":{"max_depth":10},"train":{"accuracy":0.9860335196,"f1":0.985915493,"recall":0.9776536313,"precision":0.9943181818,"roc_auc":0.9996878999},"test":{"accuracy":0.9714285714,"f1":0.9777777778,"recall":0.9565217391,"precision":1.0,"roc_auc":1.0}}
{"params":{"max_depth":3},"train":{"accuracy":0.8994413408,"f1":0.9027027027,"recall":0.9329608939,"precision":0.8743455497,"roc_auc":0.9701320184},"test":{"accuracy":0.9428571429,"f1":0.9565217391,"recall":0.9565217391,"precision":0.9565217391,"roc_auc":0.9927536232}}
{"params":{"max_depth":10},"train":{"accuracy":0.9888268156,"f1":0.988700565,"recall":0.9776536313,"precision":1.0,"roc_auc":0.9998439499},"test":{"accuracy":0.9714285714,"f1":0.9777777778,"recall":0.9565217391,"precision":1.0,"roc_auc":1.0}}
{"params":{"max_depth":5},"train":{"accuracy":0.9553072626,"f1":0.9567567568,"recall":0.9888268156,"precision":0.9267015707,"roc_auc":0.9932898474},"test":{"accuracy":0.9714285714,"f1":0.9777777778,"recall":0.9565217391,"precision":1.0,"roc_auc":1.0}}
{"params":{"max_depth":3},"train":{"accuracy":0.8966480447,"f1":0.9008042895,"recall":0.938547486,"precision":0.8659793814,"roc_auc":0.9694141881},"test":{"accuracy":0.9142857143,"f1":0.9333333333,"recall":0.9130434783,"precision":0.9545454545,"roc_auc":0.9927536232}}
{"params":{"max_depth":10},"train":{"accuracy":0.9944134078,"f1":0.9943820225,"recall":0.9888268156,"precision":1.0,"roc_auc":0.99987516},"test":{"accuracy":0.9714285714,"f1":0.9777777778,"recall":0.9565217391,"precision":1.0,"roc_auc":1.0}}
{"params":{"max_depth":5},"train":{"accuracy":0.9525139665,"f1":0.9539295393,"recall":0.9832402235,"precision":0.9263157895,"roc_auc":0.9930089573},"test":{"accuracy":0.9428571429,"f1":0.9545454545,"recall":0.9130434783,"precision":1.0,"roc_auc":1.0}}
{"params":{"max_depth":10},"train":{"accuracy":0.9916201117,"f1":0.9915492958,"recall":0.9832402235,"precision":1.0,"roc_auc":0.9997815299},"test":{"accuracy":0.9428571429,"f1":0.9545454545,"recall":0.9130434783,"precision":1.0,"roc_auc":1.0}}
