{"params":{"max_depth":3,"n_estimators":25},"train":{"accuracy":0.8994413408,"f1":0.9052631579,"recall":0.9608938547,"precision":0.855721393,"roc_auc":0.9673699323},"test":{"accuracy":0.9428571429,"f1":0.9565217391,"recall":0.9565217391,"precision":0.9565217391,"roc_auc":0.9963768116}}
{"params":{"max_depth":3,"n_estimators":50},"train":{"accuracy":0.9022346369,"f1":0.9071618037,"recall":0.9553072626,"precision":0.8636363636,"roc_auc":0.9713179988},"test":{"accuracy":0.9428571429,"f1":0.9565217391,"recall":0.9565217391,"precision":0.9565217391,"roc_auc":0.9927536232}}
{"params":{"max_depth":3,"n_estimators":100},"train":{"accuracy":0.8938547486,"f1":0.8983957219,"recall":0.938547486,"precision":0.8615384615,"roc_auc":0.9687431728},"test":{"accuracy":0.9142857143,"f1":0.9333333333,"recall":0.9130434783,"precision":0.9545454545,"roc_auc":0.9927536232}}
{"params":{"max_depth":10,"n_estimators":25},"train":{"accuracy":0.9804469274,"f1":0.9802816901,"recall":0.9720670391,"precision":0.9886363636,"roc_auc":0.9992509597},"test":{"accuracy":1.0,"f1":1.0,"recall":1.0,"precision":1.0,"roc_auc":1.0}}
{"params":{"max_depth":5,"n_estimators":100},"train":{"accuracy":0.9497206704,"f1":0.9513513514,"recall":0.9832402235,"precision":0.9214659686,"roc_auc":0.9937267876},"test":{"accuracy":0.9714285714,"f1":0.9777777778,"recall":0.9565217391,"precision":1.0,"roc_auc":0.9963768116}}
{"params":{"max_depth":5,"n_estimators":50},"train":{"accuracy":0.9553072626,"f1":0.956284153,"recall":0.9776536313,"precision":0.935828877,"roc_auc":0.9934146874},"test":{"accuracy":0.9714285714,"f1":0.9777777778,"recall":0.9565217391,"precision":1.0,"roc_auc":1.0}}
{"params":{"max_depth":10,"n_estimators":50},"train":{"accuracy":0.9860335196,"f1":0.985915493,"recall":0.9776536313,"precision":0.9943181818,"roc_auc":0.9995318498},"test":{"accuracy":1.0,"f1":1.0,"recall":1.0,"precision":1.0,"roc_auc":1.0}}
{"params":{"max_depth":5,"n_estimators":25},"train":{"accuracy":0.9608938547,"f1":0.9621621622,"recall":0.9944134078,"precision":0.9319371728,"roc_auc":0.994943978},"test":{"accuracy":1.0,"f1":1.0,"recall":1.0,"precision":1.0,"roc_auc":1.0}}
{"params":{"max_depth":10,"n_estimators":100},"train":{"accuracy":0.9832402235,"f1":0.9830508475,"recall":0.9720670391,"precision":0.9942857143,"roc_auc":0.9992509597},"test":{"accuracy":0.9714285714,"f1":0.9777777778,"recall":0.9565217391,"precision":1.0,"roc_auc":1.0}}
{"params":{"max_depth":5,"n_estimators":250},"train":{"accuracy":0.9497206704,"f1":0.9510869565,"recall":0.9776536313,"precision":0.9259259259,"roc_auc":0.9936019475},"test":{"accuracy":0.9428571429,"f1":0.9545454545,"recall":0.9130434783,"precision":1.0,"roc_auc":1.0}}
{"params":{"max_depth":3,"n_estimators":250},"train":{"accuracy":0.8910614525,"f1":0.896,"recall":0.938547486,"precision":0.8571428571,"roc_auc":0.9696014481},"test":{"accuracy":0.9142857143,"f1":0.9333333333,"recall":0.9130434783,"precision":0.9545454545,"roc_auc":0.9927536232}}
{"params":{"max_depth":10,"n_estimators":250},"train":{"accuracy":0.9804469274,"f1":0.9802816901,"recall":0.9720670391,"precision":0.9886363636,"roc_auc":0.9992197497},"test":{"accuracy":0.9428571429,"f1":0.9545454545,"recall":0.9130434783,"precision":1.0,"roc_auc":1.0}}
{"params":{"max_depth":3,"n_estimators":500},"train":{"accuracy":0.8994413408,"f1":0.9042553191,"recall":0.9497206704,"precision":0.8629441624,"roc_auc":0.9705689585},"test":{"accuracy":0.9142857143,"f1":0.9333333333,"recall":0.9130434783,"precision":0.9545454545,"roc_auc":0.9927536232}}
{"params":{"max_depth":5,"n_estimators":500},"train":{"accuracy":0.9525139665,"f1":0.9539295393,"recall":0.9832402235,"precision":0.9263157895,"roc_auc":0.9936019475},"test":{"accuracy":0.9714285714,"f1":0.9777777778,"recall":0.9565217391,"precision":1.0,"roc_auc":1.0}}
{"params":{"max_depth":10,"n_estimators":500},"train":{"accuracy":0.9888268156,"f1":0.9887640449,"recall":0.9832402235,"precision":0.9943502825,"roc_auc":0.9994382198},"test":{"accuracy":0.9428571429,"f1":0.9545454545,"recall":0.9130434783,"precision":1.0,"roc_auc":1.0}}
