{"params":{"max_depth":3},"train":{"accuracy":0.8882681564,"f1":0.8936170213,"recall":0.938547486,"precision":0.8527918782,"roc_auc":0.9661683468},"test":{"accuracy":0.9142857143,"f1":0.9333333333,"recall":0.9130434783,"precision":0.9545454545,"roc_auc":0.9927536232}}
{"params":{"max_depth":5},"train":{"accuracy":0.9553072626,"f1":0.9567567568,"recall":0.9888268156,"precision":0.9267015707,"roc_auc":0.9925720171},"test":{"accuracy":0.9428571429,"f1":0.9545454545,"recall":0.9130434783,"precision":1.0,"roc_auc":0.9963768116}}
{"params":{"max_depth":3},"train":{"accuracy":0.8798882682,"f1":0.8883116883,"recall":0.9553072626,"precision":0.8300970874,"roc_auc":0.9631721856},"test":{"accuracy":0.9428571429,"f1":0.9545454545,"recall":0.9130434783,"precision":1.0,"roc_auc":0.9927536232}}
{"params":{"max_depth":5},"train":{"accuracy":0.9553072626,"f1":0.9567567568,"recall":0.9888268156,"precision":0.9267015707,"roc_auc":0.9916357167},"test":{"accuracy":0.9428571429,"f1":0.9545454545,"recall":0.9130434783,"precision":1.0,"roc_auc":0.9963768116}}
{"params":{"max_depth":10},"train":{"accuracy":0.9944134078,"f1":0.9943820225,"recall":0.9888268156,"precision":1.0,"roc_auc":0.9998439499},"test":{"accuracy":0.9428571429,"f1":0.9545454545,"recall":0.9130434783,"precision":1.0,"roc_auc":0.9963768116}}
{"params":{"max_depth":3},"train":{"accuracy":0.8826815642,"f1":0.8882978723,"recall":0.9329608939,"precision":0.847715736,"roc_auc":0.9664180269},"test":{"accuracy":0.9142857143,"f1":0.9333333333,"recall":0.9130434783,"precision":0.9545454545,"roc_auc":0.9927536232}}
{"params":{"max_depth":10},"train":{"accuracy":0.9916201117,"f1":0.9915966387,"recall":0.9888268156,"precision":0.9943820225,"roc_auc":0.9998127399},"test":{"accuracy":0.9142857143,"f1":0.9302325581,"recall":0.8695652174,"precision":1.0,"roc_auc":1.0}}
{"params":{"max_depth":5},"train":{"accuracy":0.9497206704,"f1":0.9513513514,"recall":0.9832402235,"precision":0.9214659686,"roc_auc":0.9936643675},"test":{"accuracy":0.9428571429,"f1":0.9545454545,"recall":0.9130434783,"precision":1.0,"roc_auc":0.9963768116}}
{"params":{"max_depth":3},"train":{"accuracy":0.8882681564,"f1":0.8936170213,"recall":0.938547486,"precision":0.8527918782,"roc_auc":0.9690708779},"test":{"accuracy":0.9142857143,"f1":0.9333333333,"recall":0.9130434783,"precision":0.9545454545,"roc_auc":0.9927536232}}
{"params":{"max_depth":10},"train":{"accuracy":0.9916201117,"f1":0.9915492958,"recall":0.9832402235,"precision":1.0,"roc_auc":0.9998439499},"test":{"accuracy":0.9428571429,"f1":0.9545454545,"recall":0.9130434783,"precision":1.0,"roc_auc":1.0}}
{"params":{"max_depth":5},"train":{"accuracy":0.9553072626,"f1":0.9569892473,"recall":0.9944134078,"precision":0.9222797927,"roc_auc":0.9940388877},"test":{"accuracy":0.9714285714,"f1":0.9777777778,"recall":0.9565217391,"precision":1.0,"roc_auc":1.0}}
{"params":{"max_depth":3},"train":{"accuracy":0.8826815642,"f1":0.8888888889,"recall":0.938547486,"precision":0.8442211055,"roc_auc":0.969320558},"test":{"accuracy":0.9142857143,"f1":0.9333333333,"recall":0.9130434783,"precision":0.9545454545,"roc_auc":0.9927536232}}
{"params":{"max_depth":10},"train":{"accuracy":0.9972067039,"f1":0.9971988796,"recall":0.9944134078,"precision":1.0,"roc_auc":0.99987516},"test":{"accuracy":0.9428571429,"f1":0.9545454545,"recall":0.9130434783,"precision":1.0,"roc_auc":1.0}}
{"params":{"max_depth":5},"train":{"accuracy":0.9553072626,"f1":0.9569892473,"recall":0.9944134078,"precision":0.9222797927,"roc_auc":0.9940700977},"test":{"accuracy":0.9714285714,"f1":0.9777777778,"recall":0.9565217391,"precision":1.0,"roc_auc":1.0}}
{"params":{"max_depth":10},"train":{"accuracy":0.9972067039,"f1":0.9971988796,"recall":0.9944134078,"precision":1.0,"roc_auc":0.9998127399},"test":{"accuracy":0.9714285714,"f1":0.9777777778,"recall":0.9565217391,"precision":1.0,"roc_auc":1.0}}
