{"params":{"max_depth":3},"train":{"accuracy":0.9535714286,"f1":0.9643835616,"recall":0.9832402235,"precision":0.9462365591,"roc_auc":0.9878311854},"test":{"accuracy":0.9142857143,"f1":0.9333333333,"recall":0.9130434783,"precision":0.9545454545,"roc_auc":0.9927536232}}
{"params":{"max_depth":5},"train":{"accuracy":0.9857142857,"f1":0.9888888889,"recall":0.9944134078,"precision":0.9834254144,"roc_auc":0.997842801},"test":{"accuracy":0.9142857143,"f1":0.9333333333,"recall":0.9130434783,"precision":0.9545454545,"roc_auc":0.9927536232}}
{"params":{"max_depth":5},"train":{"accuracy":0.9857142857,"f1":0.9888268156,"recall":0.9888268156,"precision":0.9888268156,"roc_auc":0.9980640522},"test":{"accuracy":0.9428571429,"f1":0.9545454545,"recall":0.9130434783,"precision":1.0,"roc_auc":0.9963768116}}
{"params":{"max_depth":3},"train":{"accuracy":0.9357142857,"f1":0.95,"recall":0.9553072626,"precision":0.9447513812,"roc_auc":0.9872780574},"test":{"accuracy":0.9142857143,"f1":0.9333333333,"recall":0.9130434783,"precision":0.9545454545,"roc_auc":0.9927536232}}
{"params":{"max_depth":10},"train":{"accuracy":0.9928571429,"f1":0.9944134078,"recall":0.9944134078,"precision":0.9944134078,"roc_auc":0.9997787488},"test":{"accuracy":0.9428571429,"f1":0.9545454545,"recall":0.9130434783,"precision":1.0,"roc_auc":0.9963768116}}
{"params":{"max_depth":5},"train":{"accuracy":0.9821428571,"f1":0.9861495845,"recall":0.9944134078,"precision":0.978021978,"roc_auc":0.9982299906},"test":{"accuracy":0.9428571429,"f1":0.9545454545,"recall":0.9130434783,"precision":1.0,"roc_auc":0.9963768116}}
{"params":{"max_depth":3},"train":{"accuracy":0.95,"f1":0.9615384615,"recall":0.9776536313,"precision":0.9459459459,"roc_auc":0.9877205598},"test":{"accuracy":0.9142857143,"f1":0.9333333333,"recall":0.9130434783,"precision":0.9545454545,"roc_auc":0.9927536232}}
{"params":{"max_depth":10},"train":{"accuracy":0.9892857143,"f1":0.9915966387,"recall":0.9888268156,"precision":0.9943820225,"roc_auc":0.9999446872},"test":{"accuracy":0.9428571429,"f1":0.9545454545,"recall":0.9130434783,"precision":1.0,"roc_auc":0.9963768116}}
{"params":{"max_depth":10},"train":{"accuracy":0.9928571429,"f1":0.9944134078,"recall":0.9944134078,"precision":0.9944134078,"roc_auc":0.9998893744},"test":{"accuracy":0.9428571429,"f1":0.9545454545,"recall":0.9130434783,"precision":1.0,"roc_auc":0.9963768116}}
{"params":{"max_depth":3},"train":{"accuracy":0.9535714286,"f1":0.9643835616,"recall":0.9832402235,"precision":0.9462365591,"roc_auc":0.9882183749},"test":{"accuracy":0.9142857143,"f1":0.9333333333,"recall":0.9130434783,"precision":0.9545454545,"roc_auc":0.9927536232}}
{"params":{"max_depth":5},"train":{"accuracy":0.975,"f1":0.9807162534,"recall":0.9944134078,"precision":0.9673913043,"roc_auc":0.9981746778},"test":{"accuracy":0.9714285714,"f1":0.9777777778,"recall":0.9565217391,"precision":1.0,"roc_auc":0.9963768116}}
{"params":{"max_depth":10},"train":{"accuracy":0.9928571429,"f1":0.9944134078,"recall":0.9944134078,"precision":0.9944134078,"roc_auc":0.9998893744},"test":{"accuracy":0.9714285714,"f1":0.9777777778,"recall":0.9565217391,"precision":1.0,"roc_auc":1.0}}
{"params":{"max_depth":3},"train":{"accuracy":0.9392857143,"f1":0.9529085873,"recall":0.9608938547,"precision":0.9450549451,"roc_auc":0.9872780574},"test":{"accuracy":0.9142857143,"f1":0.9333333333,"recall":0.9130434783,"precision":0.9545454545,"roc_auc":0.9927536232}}
{"params":{"max_depth":5},"train":{"accuracy":0.9785714286,"f1":0.9834254144,"recall":0.9944134078,"precision":0.9726775956,"roc_auc":0.9978981138},"test":{"accuracy":0.9714285714,"f1":0.9777777778,"recall":0.9565217391,"precision":1.0,"roc_auc":0.9963768116}}
{"params":{"max_depth":10},"train":{"accuracy":0.9964285714,"f1":0.9971988796,"recall":0.9944134078,"precision":1.0,"roc_auc":0.9999446872},"test":{"accuracy":0.9714285714,"f1":0.9777777778,"recall":0.9565217391,"precision":1.0,"roc_auc":0.9963768116}}
