{"params":{"max_depth":5,"n_estimators":25},"train":{"accuracy":0.9413407821,"f1":0.9430894309,"recall":0.9720670391,"precision":0.9157894737,"roc_auc":0.992322337},"test":{"accuracy":0.9142857143,"f1":0.9302325581,"recall":0.8695652174,"precision":1.0,"roc_auc":0.9963768116}}
{"params":{"max_depth":3,"n_estimators":100},"train":{"accuracy":0.9022346369,"f1":0.9061662198,"recall":0.9441340782,"precision":0.8711340206,"roc_auc":0.9648575263},"test":{"accuracy":0.9142857143,"f1":0.9333333333,"recall":0.9130434783,"precision":0.9545454545,"roc_auc":0.9927536232}}
{"params":{"max_depth":5,"n_estimators":50},"train":{"accuracy":0.9469273743,"f1":0.948787062,"recall":0.9832402235,"precision":0.9166666667,"roc_auc":0.9920726569},"test":{"accuracy":0.9428571429,"f1":0.9545454545,"recall":0.9130434783,"precision":1.0,"roc_auc":0.9963768116}}
{"params":{"max_depth":3,"n_estimators":25},"train":{"accuracy":0.8770949721,"f1":0.8835978836,"recall":0.9329608939,"precision":0.8391959799,"roc_auc":0.9598483193},"test":{"accuracy":0.9142857143,"f1":0.9333333333,"recall":0.9130434783,"precision":0.9545454545,"roc_auc":0.9927536232}}
{"params":{"max_depth":10,"n_estimators":25},"train":{"accuracy":0.9776536313,"f1":0.9775280899,"recall":0.9720670391,"precision":0.9830508475,"roc_auc":0.9986267595},"test":{"accuracy":0.9142857143,"f1":0.9302325581,"recall":0.8695652174,"precision":1.0,"roc_auc":1.0}}
{"params":{"max_depth":5,"n_estimators":100},"train":{"accuracy":0.9497206704,"f1":0.9513513514,"recall":0.9832402235,"precision":0.9214659686,"roc_auc":0.9914172467},"test":{"accuracy":0.9714285714,"f1":0.9777777778,"recall":0.9565217391,"precision":1.0,"roc_auc":1.0}}
{"params":{"max_depth":3,"n_estimators":50},"train":{"accuracy":0.8798882682,"f1":0.8847184987,"recall":0.9217877095,"precision":0.8505154639,"roc_auc":0.9631253706},"test":{"accuracy":0.9428571429,"f1":0.9545454545,"recall":0.9130434783,"precision":1.0,"roc_auc":0.9927536232}}
{"params":{"max_depth":10,"n_estimators":50},"train":{"accuracy":0.9776536313,"f1":0.9776536313,"recall":0.9776536313,"precision":0.9776536313,"roc_auc":0.9985643394},"test":{"accuracy":0.9428571429,"f1":0.9545454545,"recall":0.9130434783,"precision":1.0,"roc_auc":1.0}}
{"params":{"max_depth":10,"n_estimators":100},"train":{"accuracy":0.9804469274,"f1":0.9803921569,"recall":0.9776536313,"precision":0.9831460674,"roc_auc":0.9987203895},"test":{"accuracy":0.9714285714,"f1":0.9777777778,"recall":0.9565217391,"precision":1.0,"roc_auc":1.0}}
{"params":{"max_depth":3,"n_estimators":250},"train":{"accuracy":0.905027933,"f1":0.9086021505,"recall":0.9441340782,"precision":0.8756476684,"roc_auc":0.9661683468},"test":{"accuracy":0.9142857143,"f1":0.9333333333,"recall":0.9130434783,"precision":0.9545454545,"roc_auc":0.9927536232}}
{"params":{"max_depth":5,"n_estimators":250},"train":{"accuracy":0.9497206704,"f1":0.9510869565,"recall":0.9776536313,"precision":0.9259259259,"roc_auc":0.9915108767},"test":{"accuracy":0.9714285714,"f1":0.9777777778,"recall":0.9565217391,"precision":1.0,"roc_auc":1.0}}
{"params":{"max_depth":10,"n_estimators":250},"train":{"accuracy":0.9832402235,"f1":0.9831460674,"recall":0.9776536313,"precision":0.988700565,"roc_auc":0.9989388596},"test":{"accuracy":0.9714285714,"f1":0.9777777778,"recall":0.9565217391,"precision":1.0,"roc_auc":1.0}}
{"params":{"max_depth":3,"n_estimators":500},"train":{"accuracy":0.905027933,"f1":0.9086021505,"recall":0.9441340782,"precision":0.8756476684,"roc_auc":0.9676976374},"test":{"accuracy":0.9142857143,"f1":0.9333333333,"recall":0.9130434783,"precision":0.9545454545,"roc_auc":0.9927536232}}
{"params":{"max_depth":5,"n_estimators":500},"train":{"accuracy":0.9497206704,"f1":0.9510869565,"recall":0.9776536313,"precision":0.9259259259,"roc_auc":0.9916981368},"test":{"accuracy":0.9428571429,"f1":0.9545454545,"recall":0.9130434783,"precision":1.0,"roc_auc":1.0}}
{"params":{"max_depth":10,"n_estimators":500},"train":{"accuracy":0.9832402235,"f1":0.9831460674,"recall":0.9776536313,"precision":0.988700565,"roc_auc":0.9991573297},"test":{"accuracy":0.9428571429,"f1":0.9545454545,"recall":0.9130434783,"precision":1.0,"roc_auc":1.0}}
