{"params":{"max_depth":3,"n_estimators":50},"train":{"accuracy":0.8994413408,"f1":0.9042553191,"recall":0.9497206704,"precision":0.8629441624,"roc_auc":0.9712711838},"test":{"accuracy":0.9428571429,"f1":0.9565217391,"recall":0.9565217391,"precision":0.9565217391,"roc_auc":0.9927536232}}
{"params":{"max_depth":3,"n_estimators":25},"train":{"accuracy":0.9022346369,"f1":0.907651715,"recall":0.9608938547,"precision":0.86,"roc_auc":0.9683374427},"test":{"accuracy":0.9428571429,"f1":0.9565217391,"recall":0.9565217391,"precision":0.9565217391,"roc_auc":0.9891304348}}
{"params":{"max_depth":5,"n_estimators":50},"train":{"accuracy":0.9469273743,"f1":0.9485094851,"recall":0.9776536313,"precision":0.9210526316,"roc_auc":0.9925408071},"test":{"accuracy":0.9714285714,"f1":0.9777777778,"recall":0.9565217391,"precision":1.0,"roc_auc":0.9963768116}}
{"params":{"max_depth":5,"n_estimators":100},"train":{"accuracy":0.9497206704,"f1":0.9510869565,"recall":0.9776536313,"precision":0.9259259259,"roc_auc":0.992259917},"test":{"accuracy":0.9714285714,"f1":0.9777777778,"recall":0.9565217391,"precision":1.0,"roc_auc":0.9963768116}}
{"params":{"max_depth":3,"n_estimators":100},"train":{"accuracy":0.905027933,"f1":0.9090909091,"recall":0.9497206704,"precision":0.8717948718,"roc_auc":0.9715988889},"test":{"accuracy":0.9142857143,"f1":0.9333333333,"recall":0.9130434783,"precision":0.9545454545,"roc_auc":0.9927536232}}
{"params":{"max_depth":5,"n_estimators":25},"train":{"accuracy":0.938547486,"f1":0.9405405405,"recall":0.9720670391,"precision":0.9109947644,"roc_auc":0.9899503761},"test":{"accuracy":0.9714285714,"f1":0.9777777778,"recall":0.9565217391,"precision":1.0,"roc_auc":0.9963768116}}
{"params":{"max_depth":10,"n_estimators":25},"train":{"accuracy":0.9804469274,"f1":0.9800569801,"recall":0.9608938547,"precision":1.0,"roc_auc":0.9985019194},"test":{"accuracy":0.9714285714,"f1":0.9777777778,"recall":0.9565217391,"precision":1.0,"roc_auc":1.0}}
{"params":{"max_depth":10,"n_estimators":50},"train":{"accuracy":0.9804469274,"f1":0.9801699717,"recall":0.9664804469,"precision":0.9942528736,"roc_auc":0.9990324896},"test":{"accuracy":0.9714285714,"f1":0.9777777778,"recall":0.9565217391,"precision":1.0,"roc_auc":1.0}}
{"params":{"max_depth":10,"n_estimators":100},"train":{"accuracy":0.9832402235,"f1":0.9831460674,"recall":0.9776536313,"precision":0.988700565,"roc_auc":0.9990949096},"test":{"accuracy":0.9714285714,"f1":0.9777777778,"recall":0.9565217391,"precision":1.0,"roc_auc":1.0}}
{"params":{"max_depth":3,"n_estimators":250},"train":{"accuracy":0.905027933,"f1":0.9090909091,"recall":0.9497206704,"precision":0.8717948718,"roc_auc":0.9694141881},"test":{"accuracy":0.9428571429,"f1":0.9565217391,"recall":0.9565217391,"precision":0.9565217391,"roc_auc":0.9927536232}}
{"params":{"max_depth":5,"n_estimators":250},"train":{"accuracy":0.9497206704,"f1":0.9510869565,"recall":0.9776536313,"precision":0.9259259259,"roc_auc":0.992353547},"test":{"accuracy":0.9714285714,"f1":0.9777777778,"recall":0.9565217391,"precision":1.0,"roc_auc":1.0}}
{"params":{"max_depth":10,"n_estimators":250},"train":{"accuracy":0.9888268156,"f1":0.988700565,"recall":0.9776536313,"precision":1.0,"roc_auc":0.9992509597},"test":{"accuracy":0.9714285714,"f1":0.9777777778,"recall":0.9565217391,"precision":1.0,"roc_auc":1.0}}
{"params":{"max_depth":3,"n_estimators":500},"train":{"accuracy":0.9078212291,"f1":0.9115281501,"recall":0.9497206704,"precision":0.8762886598,"roc_auc":0.9687275678},"test":{"accuracy":0.9142857143,"f1":0.9333333333,"recall":0.9130434783,"precision":0.9545454545,"roc_auc":0.9927536232}}
{"params":{"max_depth":5,"n_estimators":500},"train":{"accuracy":0.9497206704,"f1":0.9510869565,"recall":0.9776536313,"precision":0.9259259259,"roc_auc":0.9924783871},"test":{"accuracy":0.9428571429,"f1":0.9545454545,"recall":0.9130434783,"precision":1.0,"roc_auc":0.9963768116}}
{"params":{"max_depth":10,"n_estimators":500},"train":{"accuracy":0.9888268156,"f1":0.988700565,"recall":0.9776536313,"precision":1.0,"roc_auc":0.9991885397},"test":{"accuracy":0.9714285714,"f1":0.9777777778,"recall":0.9565217391,"precision":1.0,"roc_auc":1.0}}
