{"params":{"max_depth":3},"train":{"accuracy":0.9002084419,"f1":0.9007171866,"recall":0.9053326385,"precision":0.8961485557,"roc_auc":0.9671837072},"test":{"accuracy":0.8769230769,"f1":0.4725274725,"recall":0.7166666667,"precision":0.3524590164,"roc_auc":0.9030671296}}
{"params":{"max_depth":5},"train":{"accuracy":0.9580510683,"f1":0.9593331649,"recall":0.9895779052,"precision":0.9308823529,"roc_auc":0.9862957388},"test":{"accuracy":0.9141025641,"f1":0.6035502959,"recall":0.85,"precision":0.4678899083,"roc_auc":0.9415625}}
{"params":{"max_depth":3},"train":{"accuracy":0.8957790516,"f1":0.8956158664,"recall":0.8942157374,"precision":0.8970203868,"roc_auc":0.9665488833},"test":{"accuracy":0.8782051282,"f1":0.469273743,"recall":0.7,"precision":0.3529411765,"roc_auc":0.9068634259}}
{"params":{"max_depth":5},"train":{"accuracy":0.9601354872,"f1":0.9612952188,"recall":0.9900990099,"precision":0.9341199607,"roc_auc":0.985771466},"test":{"accuracy":0.9179487179,"f1":0.6144578313,"recall":0.85,"precision":0.4811320755,"roc_auc":0.9395023148}}
{"params":{"max_depth":3},"train":{"accuracy":0.8954316484,"f1":0.8952861367,"recall":0.8940420358,"precision":0.8965337049,"roc_auc":0.9687744933},"test":{"accuracy":0.8782051282,"f1":0.469273743,"recall":0.7,"precision":0.3529411765,"roc_auc":0.9126041667}}
{"params":{"max_depth":10},"train":{"accuracy":0.9848011117,"f1":0.984982408,"recall":0.9968733715,"precision":0.9733717775,"roc_auc":0.9984273475},"test":{"accuracy":0.9487179487,"f1":0.696969697,"recall":0.7666666667,"precision":0.6388888889,"roc_auc":0.9575}}
{"params":{"max_depth":5},"train":{"accuracy":0.9590932777,"f1":0.9602766298,"recall":0.9888830988,"precision":0.9332786885,"roc_auc":0.9866166357},"test":{"accuracy":0.9179487179,"f1":0.6144578313,"recall":0.85,"precision":0.4811320755,"roc_auc":0.9437384259}}
{"params":{"max_depth":10},"train":{"accuracy":0.9853222164,"f1":0.9854848407,"recall":0.9965259684,"precision":0.9746856949,"roc_auc":0.9986498376},"test":{"accuracy":0.9538461538,"f1":0.71875,"recall":0.7666666667,"precision":0.6764705882,"roc_auc":0.9596064815}}
{"params":{"max_depth":3},"train":{"accuracy":0.8958659024,"f1":0.8957481958,"recall":0.8947368421,"precision":0.8967618384,"roc_auc":0.9703398743},"test":{"accuracy":0.8820512821,"f1":0.4772727273,"recall":0.7,"precision":0.3620689655,"roc_auc":0.914525463}}
{"params":{"max_depth":10},"train":{"accuracy":0.9863644259,"f1":0.9865131862,"recall":0.9973944763,"precision":0.9758667573,"roc_auc":0.9990916647},"test":{"accuracy":0.9525641026,"f1":0.7131782946,"recall":0.7666666667,"precision":0.6666666667,"roc_auc":0.9610648148}}
{"params":{"max_depth":5},"train":{"accuracy":0.9613513983,"f1":0.9623933069,"recall":0.9890568004,"precision":0.9371296906,"roc_auc":0.9886986559},"test":{"accuracy":0.9205128205,"f1":0.6172839506,"recall":0.8333333333,"precision":0.4901960784,"roc_auc":0.9456712963}}
{"params":{"max_depth":3},"train":{"accuracy":0.8973423658,"f1":0.8974136435,"recall":0.8980371721,"precision":0.8967909801,"roc_auc":0.9706173382},"test":{"accuracy":0.8807692308,"f1":0.4745762712,"recall":0.7,"precision":0.358974359,"roc_auc":0.9152199074}}
{"params":{"max_depth":10},"train":{"accuracy":0.9869723814,"f1":0.9871111875,"recall":0.9977418795,"precision":0.9767046421,"roc_auc":0.9991948085},"test":{"accuracy":0.9525641026,"f1":0.7131782946,"recall":0.7666666667,"precision":0.6666666667,"roc_auc":0.9691666667}}
{"params":{"max_depth":5},"train":{"accuracy":0.9616119507,"f1":0.9626247252,"recall":0.9887093973,"precision":0.9378810348,"roc_auc":0.9891438322},"test":{"accuracy":0.9205128205,"f1":0.6125,"recall":0.8166666667,"precision":0.49,"roc_auc":0.949375}}
{"params":{"max_depth":10},"train":{"accuracy":0.9868855307,"f1":0.9870286058,"recall":0.997915581,"precision":0.9763766145,"roc_auc":0.9991730393},"test":{"accuracy":0.9525641026,"f1":0.7131782946,"recall":0.7666666667,"precision":0.6666666667,"roc_auc":0.9690277778}}
