{"params":{"max_depth":3},"train":{"accuracy":0.9062011464,"f1":0.9072483683,"recall":0.9174917492,"precision":0.8972311874,"roc_auc":0.9676330775},"test":{"accuracy":0.8820512821,"f1":0.4888888889,"recall":0.7333333333,"precision":0.3666666667,"roc_auc":0.9105324074}}
{"params":{"max_depth":5},"train":{"accuracy":0.9629147125,"f1":0.963871732,"recall":0.9894042036,"precision":0.9396238865,"roc_auc":0.9843699806},"test":{"accuracy":0.9230769231,"f1":0.625,"recall":0.8333333333,"precision":0.5,"roc_auc":0.9447916667}}
{"params":{"max_depth":3},"train":{"accuracy":0.8983845753,"f1":0.8987012987,"recall":0.9015112038,"precision":0.8959088555,"roc_auc":0.9670110013},"test":{"accuracy":0.8846153846,"f1":0.4886363636,"recall":0.7166666667,"precision":0.3706896552,"roc_auc":0.9136805556}}
{"params":{"max_depth":5},"train":{"accuracy":0.9630884141,"f1":0.9640591966,"recall":0.9900990099,"precision":0.9393539881,"roc_auc":0.9839915603},"test":{"accuracy":0.9205128205,"f1":0.6125,"recall":0.8166666667,"precision":0.49,"roc_auc":0.9459143519}}
{"params":{"max_depth":3},"train":{"accuracy":0.8968212611,"f1":0.8968033356,"recall":0.8966475595,"precision":0.8969591659,"roc_auc":0.9680679952},"test":{"accuracy":0.8807692308,"f1":0.4745762712,"recall":0.7,"precision":0.358974359,"roc_auc":0.9135069444}}
{"params":{"max_depth":10},"train":{"accuracy":0.9869723814,"f1":0.9871134021,"recall":0.997915581,"precision":0.9765425803,"roc_auc":0.9983248976},"test":{"accuracy":0.9512820513,"f1":0.7121212121,"recall":0.7833333333,"precision":0.6527777778,"roc_auc":0.9629861111}}
{"params":{"max_depth":5},"train":{"accuracy":0.9623936078,"f1":0.9634136037,"recall":0.9902727115,"precision":0.9379730174,"roc_auc":0.9856071178},"test":{"accuracy":0.9192307692,"f1":0.5987261146,"recall":0.7833333333,"precision":0.4845360825,"roc_auc":0.9491087963}}
{"params":{"max_depth":10},"train":{"accuracy":0.9869723814,"f1":0.9871134021,"recall":0.997915581,"precision":0.9765425803,"roc_auc":0.9987003308},"test":{"accuracy":0.9512820513,"f1":0.7076923077,"recall":0.7666666667,"precision":0.6571428571,"roc_auc":0.9631597222}}
{"params":{"max_depth":3},"train":{"accuracy":0.8966475595,"f1":0.8966475595,"recall":0.8966475595,"precision":0.8966475595,"roc_auc":0.9694575324},"test":{"accuracy":0.8807692308,"f1":0.4745762712,"recall":0.7,"precision":0.358974359,"roc_auc":0.914837963}}
{"params":{"max_depth":10},"train":{"accuracy":0.9864512767,"f1":0.9866071429,"recall":0.9980892826,"precision":0.9753861823,"roc_auc":0.9988314744},"test":{"accuracy":0.9538461538,"f1":0.7230769231,"recall":0.7833333333,"precision":0.6714285714,"roc_auc":0.970462963}}
{"params":{"max_depth":5},"train":{"accuracy":0.9615250999,"f1":0.9625433331,"recall":0.9887093973,"precision":0.9377265239,"roc_auc":0.9881418122},"test":{"accuracy":0.9205128205,"f1":0.6125,"recall":0.8166666667,"precision":0.49,"roc_auc":0.9503935185}}
{"params":{"max_depth":3},"train":{"accuracy":0.8961264548,"f1":0.8961625282,"recall":0.8964738579,"precision":0.8958514147,"roc_auc":0.970691758},"test":{"accuracy":0.8807692308,"f1":0.4745762712,"recall":0.7,"precision":0.358974359,"roc_auc":0.9163888889}}
{"params":{"max_depth":10},"train":{"accuracy":0.9873197846,"f1":0.9874484182,"recall":0.9975681779,"precision":0.9775319149,"roc_auc":0.9992489526},"test":{"accuracy":0.9538461538,"f1":0.7230769231,"recall":0.7833333333,"precision":0.6714285714,"roc_auc":0.9691782407}}
{"params":{"max_depth":5},"train":{"accuracy":0.9624804586,"f1":0.9634641407,"recall":0.9894042036,"precision":0.9388495138,"roc_auc":0.989152024},"test":{"accuracy":0.9205128205,"f1":0.6075949367,"recall":0.8,"precision":0.4897959184,"roc_auc":0.9504166667}}
{"params":{"max_depth":10},"train":{"accuracy":0.9877540386,"f1":0.9878834751,"recall":0.9984366858,"precision":0.9775510204,"roc_auc":0.9992671767},"test":{"accuracy":0.9525641026,"f1":0.7131782946,"recall":0.7666666667,"precision":0.6666666667,"roc_auc":0.9683564815}}
