{"params":{"max_depth":3},"train":{"accuracy":0.8984714261,"f1":0.8987265009,"recall":0.900990099,"precision":0.8964742482,"roc_auc":0.9598481419},"test":{"accuracy":0.8794871795,"f1":0.4777777778,"recall":0.7166666667,"precision":0.3583333333,"roc_auc":0.8997106481}}
{"params":{"max_depth":5},"train":{"accuracy":0.9628278617,"f1":0.9637901861,"recall":0.9894042036,"precision":0.9394689098,"roc_auc":0.9835894247},"test":{"accuracy":0.9217948718,"f1":0.6114649682,"recall":0.8,"precision":0.4948453608,"roc_auc":0.9467708333}}
{"params":{"max_depth":3},"train":{"accuracy":0.8955184992,"f1":0.8952729172,"recall":0.8931735279,"precision":0.897382199,"roc_auc":0.9667805156},"test":{"accuracy":0.8807692308,"f1":0.4745762712,"recall":0.7,"precision":0.358974359,"roc_auc":0.9113541667}}
{"params":{"max_depth":5},"train":{"accuracy":0.9636095188,"f1":0.9645245957,"recall":0.9894042036,"precision":0.9408655434,"roc_auc":0.9867847705},"test":{"accuracy":0.9217948718,"f1":0.6114649682,"recall":0.8,"precision":0.4948453608,"roc_auc":0.9509722222}}
{"params":{"max_depth":3},"train":{"accuracy":0.8957790516,"f1":0.8954885908,"recall":0.8929998263,"precision":0.8979912664,"roc_auc":0.9675164617},"test":{"accuracy":0.8807692308,"f1":0.4745762712,"recall":0.7,"precision":0.358974359,"roc_auc":0.912037037}}
{"params":{"max_depth":10},"train":{"accuracy":0.9865381275,"f1":0.9866735448,"recall":0.99669967,"precision":0.9768471229,"roc_auc":0.9983320032},"test":{"accuracy":0.9538461538,"f1":0.71875,"recall":0.7666666667,"precision":0.6764705882,"roc_auc":0.965150463}}
{"params":{"max_depth":5},"train":{"accuracy":0.9636095188,"f1":0.964536606,"recall":0.9897516067,"precision":0.940574447,"roc_auc":0.9872268994},"test":{"accuracy":0.9205128205,"f1":0.6075949367,"recall":0.8,"precision":0.4897959184,"roc_auc":0.9513310185}}
{"params":{"max_depth":10},"train":{"accuracy":0.9866249783,"f1":0.9867652114,"recall":0.9972207747,"precision":0.9765266202,"roc_auc":0.9985151034},"test":{"accuracy":0.9512820513,"f1":0.703125,"recall":0.75,"precision":0.6617647059,"roc_auc":0.967662037}}
{"params":{"max_depth":3},"train":{"accuracy":0.8965607087,"f1":0.896497784,"recall":0.8959527532,"precision":0.8970434783,"roc_auc":0.9699801458},"test":{"accuracy":0.8807692308,"f1":0.4745762712,"recall":0.7,"precision":0.358974359,"roc_auc":0.9152430556}}
{"params":{"max_depth":10},"train":{"accuracy":0.9874934862,"f1":0.9876246133,"recall":0.9980892826,"precision":0.9773771049,"roc_auc":0.9990777553},"test":{"accuracy":0.9512820513,"f1":0.703125,"recall":0.75,"precision":0.6617647059,"roc_auc":0.9685648148}}
{"params":{"max_depth":5},"train":{"accuracy":0.9619593538,"f1":0.9629692256,"recall":0.989230502,"precision":0.9380662164,"roc_auc":0.9887410178},"test":{"accuracy":0.9205128205,"f1":0.6025641026,"recall":0.7833333333,"precision":0.4895833333,"roc_auc":0.9514699074}}
{"params":{"max_depth":3},"train":{"accuracy":0.8963001563,"f1":0.896173913,"recall":0.8950842453,"precision":0.8972662372,"roc_auc":0.9700962033},"test":{"accuracy":0.8807692308,"f1":0.4745762712,"recall":0.7,"precision":0.358974359,"roc_auc":0.9144097222}}
{"params":{"max_depth":10},"train":{"accuracy":0.9872329338,"f1":0.987370049,"recall":0.9980892826,"precision":0.9768786127,"roc_auc":0.9992054593},"test":{"accuracy":0.9525641026,"f1":0.7131782946,"recall":0.7666666667,"precision":0.6666666667,"roc_auc":0.9690972222}}
{"params":{"max_depth":5},"train":{"accuracy":0.9610908459,"f1":0.9621493748,"recall":0.9890568004,"precision":0.936667215,"roc_auc":0.9891766446},"test":{"accuracy":0.9205128205,"f1":0.6125,"recall":0.8166666667,"precision":0.49,"roc_auc":0.9504050926}}
{"params":{"max_depth":10},"train":{"accuracy":0.9866249783,"f1":0.9867765756,"recall":0.9980892826,"precision":0.9757174393,"roc_auc":0.9991804164},"test":{"accuracy":0.95,"f1":0.6976744186,"recall":0.75,"precision":0.652173913,"roc_auc":0.968912037}}
