{"params":{"max_depth":3},"train":{"accuracy":0.8988188293,"f1":0.8990730313,"recall":0.9013375022,"precision":0.8968199101,"roc_auc":0.9669517129},"test":{"accuracy":0.8769230769,"f1":0.4666666667,"recall":0.7,"precision":0.35,"roc_auc":0.9140046296}}
{"params":{"max_depth":5},"train":{"accuracy":0.9615250999,"f1":0.9625812991,"recall":0.9897516067,"precision":0.9368628741,"roc_auc":0.984443631},"test":{"accuracy":0.9205128205,"f1":0.6172839506,"recall":0.8333333333,"precision":0.4901960784,"roc_auc":0.9455787037}}
{"params":{"max_depth":3},"train":{"accuracy":0.9058537433,"f1":0.9070485337,"recall":0.9187076602,"precision":0.8956816257,"roc_auc":0.9690496188},"test":{"accuracy":0.8820512821,"f1":0.4831460674,"recall":0.7166666667,"precision":0.3644067797,"roc_auc":0.9168865741}}
{"params":{"max_depth":5},"train":{"accuracy":0.962306757,"f1":0.9633012007,"recall":0.9894042036,"precision":0.9385401219,"roc_auc":0.9846614746},"test":{"accuracy":0.9256410256,"f1":0.6419753086,"recall":0.8666666667,"precision":0.5098039216,"roc_auc":0.9465162037}}
{"params":{"max_depth":3},"train":{"accuracy":0.9035956227,"f1":0.9043927649,"recall":0.9119332986,"precision":0.8969759098,"roc_auc":0.970049557},"test":{"accuracy":0.8794871795,"f1":0.4719101124,"recall":0.7,"precision":0.3559322034,"roc_auc":0.9169097222}}
{"params":{"max_depth":10},"train":{"accuracy":0.9861038735,"f1":0.9862542955,"recall":0.9970470731,"precision":0.9756926738,"roc_auc":0.9982411697},"test":{"accuracy":0.9551282051,"f1":0.7286821705,"recall":0.7833333333,"precision":0.6811594203,"roc_auc":0.9640393519}}
{"params":{"max_depth":5},"train":{"accuracy":0.9608302936,"f1":0.9618798073,"recall":0.9883619941,"precision":0.9367797168,"roc_auc":0.9859955401},"test":{"accuracy":0.9243589744,"f1":0.6335403727,"recall":0.85,"precision":0.504950495,"roc_auc":0.9456365741}}
{"params":{"max_depth":10},"train":{"accuracy":0.987146083,"f1":0.9872808525,"recall":0.9977418795,"precision":0.977036911,"roc_auc":0.9987376539},"test":{"accuracy":0.9602564103,"f1":0.7559055118,"recall":0.8,"precision":0.7164179104,"roc_auc":0.9652314815}}
{"params":{"max_depth":3},"train":{"accuracy":0.8982108737,"f1":0.8983697537,"recall":0.8997741879,"precision":0.896969697,"roc_auc":0.9706955899},"test":{"accuracy":0.8794871795,"f1":0.4719101124,"recall":0.7,"precision":0.3559322034,"roc_auc":0.9170023148}}
{"params":{"max_depth":10},"train":{"accuracy":0.9864512767,"f1":0.986593331,"recall":0.9970470731,"precision":0.9763565232,"roc_auc":0.9988327568},"test":{"accuracy":0.9576923077,"f1":0.7401574803,"recall":0.7833333333,"precision":0.7014925373,"roc_auc":0.9641435185}}
{"params":{"max_depth":5},"train":{"accuracy":0.9623936078,"f1":0.963388856,"recall":0.9895779052,"precision":0.9385502471,"roc_auc":0.9871570356},"test":{"accuracy":0.9217948718,"f1":0.6257668712,"recall":0.85,"precision":0.4951456311,"roc_auc":0.9466898148}}
{"params":{"max_depth":3},"train":{"accuracy":0.897255515,"f1":0.8972644377,"recall":0.8973423658,"precision":0.8971865231,"roc_auc":0.970918608},"test":{"accuracy":0.8807692308,"f1":0.4745762712,"recall":0.7,"precision":0.358974359,"roc_auc":0.916875}}
{"params":{"max_depth":10},"train":{"accuracy":0.9867986799,"f1":0.9869393367,"recall":0.9975681779,"precision":0.976534603,"roc_auc":0.9990902466},"test":{"accuracy":0.9538461538,"f1":0.7230769231,"recall":0.7833333333,"precision":0.6714285714,"roc_auc":0.9692824074}}
{"params":{"max_depth":5},"train":{"accuracy":0.9621330554,"f1":0.9631320819,"recall":0.989230502,"precision":0.9383753501,"roc_auc":0.9890039839},"test":{"accuracy":0.9217948718,"f1":0.6163522013,"recall":0.8166666667,"precision":0.4949494949,"roc_auc":0.9506712963}}
{"params":{"max_depth":10},"train":{"accuracy":0.9867118291,"f1":0.9868590569,"recall":0.997915581,"precision":0.9760448522,"roc_auc":0.9991896793},"test":{"accuracy":0.9512820513,"f1":0.703125,"recall":0.75,"precision":0.6617647059,"roc_auc":0.9693287037}}
