{"params":{"max_depth":3},"train":{"accuracy":0.8983845753,"f1":0.8986310865,"recall":0.9008163974,"precision":0.8964563526,"roc_auc":0.9620821699},"test":{"accuracy":0.8782051282,"f1":0.469273743,"recall":0.7,"precision":0.3529411765,"roc_auc":0.8999884259}}
{"params":{"max_depth":5},"train":{"accuracy":0.9598749349,"f1":0.9609797297,"recall":0.9881882925,"precision":0.9352293276,"roc_auc":0.9845066306},"test":{"accuracy":0.9217948718,"f1":0.6163522013,"recall":0.8166666667,"precision":0.4949494949,"roc_auc":0.9438425926}}
{"params":{"max_depth":3},"train":{"accuracy":0.9038561751,"f1":0.9047741935,"recall":0.9134966128,"precision":0.8962167689,"roc_auc":0.9680449587},"test":{"accuracy":0.8756410256,"f1":0.4640883978,"recall":0.7,"precision":0.347107438,"roc_auc":0.9084953704}}
{"params":{"max_depth":5},"train":{"accuracy":0.960656592,"f1":0.9617301681,"recall":0.9887093973,"precision":0.9361842105,"roc_auc":0.9846468863},"test":{"accuracy":0.9205128205,"f1":0.6125,"recall":0.8166666667,"precision":0.49,"roc_auc":0.9388310185}}
{"params":{"max_depth":3},"train":{"accuracy":0.8985582769,"f1":0.8987692841,"recall":0.9006426958,"precision":0.8969036499,"roc_auc":0.9688041978},"test":{"accuracy":0.8807692308,"f1":0.4745762712,"recall":0.7,"precision":0.358974359,"roc_auc":0.9110185185}}
{"params":{"max_depth":10},"train":{"accuracy":0.9863644259,"f1":0.9865085503,"recall":0.9970470731,"precision":0.9761904762,"roc_auc":0.997955514},"test":{"accuracy":0.9538461538,"f1":0.7096774194,"recall":0.7333333333,"precision":0.6875,"roc_auc":0.9607407407}}
{"params":{"max_depth":5},"train":{"accuracy":0.9616988015,"f1":0.9627250444,"recall":0.989230502,"precision":0.9376028976,"roc_auc":0.9849992377},"test":{"accuracy":0.9205128205,"f1":0.6125,"recall":0.8166666667,"precision":0.49,"roc_auc":0.9463194444}}
{"params":{"max_depth":10},"train":{"accuracy":0.9863644259,"f1":0.9865039113,"recall":0.99669967,"precision":0.9765146358,"roc_auc":0.9984895777},"test":{"accuracy":0.9551282051,"f1":0.7244094488,"recall":0.7666666667,"precision":0.6865671642,"roc_auc":0.9596643519}}
{"params":{"max_depth":3},"train":{"accuracy":0.8969081119,"f1":0.8969349657,"recall":0.8971686642,"precision":0.8967013889,"roc_auc":0.9699869798},"test":{"accuracy":0.8820512821,"f1":0.4772727273,"recall":0.7,"precision":0.3620689655,"roc_auc":0.9148148148}}
{"params":{"max_depth":10},"train":{"accuracy":0.9868855307,"f1":0.9870219166,"recall":0.9973944763,"precision":0.9768628785,"roc_auc":0.9989249782},"test":{"accuracy":0.95,"f1":0.6976744186,"recall":0.75,"precision":0.652173913,"roc_auc":0.9688657407}}
{"params":{"max_depth":5},"train":{"accuracy":0.9616119507,"f1":0.9626563028,"recall":0.9895779052,"precision":0.9371607172,"roc_auc":0.9883742893},"test":{"accuracy":0.9217948718,"f1":0.6114649682,"recall":0.8,"precision":0.4948453608,"roc_auc":0.9500462963}}
{"params":{"max_depth":3},"train":{"accuracy":0.8968212611,"f1":0.8968033356,"recall":0.8966475595,"precision":0.8969591659,"roc_auc":0.9704397142},"test":{"accuracy":0.8807692308,"f1":0.4745762712,"recall":0.7,"precision":0.358974359,"roc_auc":0.9149305556}}
{"params":{"max_depth":10},"train":{"accuracy":0.9870592322,"f1":0.9872004123,"recall":0.9980892826,"precision":0.976546567,"roc_auc":0.9991630372},"test":{"accuracy":0.9525641026,"f1":0.7131782946,"recall":0.7666666667,"precision":0.6666666667,"roc_auc":0.9689814815}}
{"params":{"max_depth":5},"train":{"accuracy":0.961872503,"f1":0.9628689842,"recall":0.9887093973,"precision":0.9383448731,"roc_auc":0.9887459057},"test":{"accuracy":0.9217948718,"f1":0.6163522013,"recall":0.8166666667,"precision":0.4949494949,"roc_auc":0.9506018519}}
{"params":{"max_depth":10},"train":{"accuracy":0.987146083,"f1":0.9872830383,"recall":0.997915581,"precision":0.9768746812,"roc_auc":0.9991977051},"test":{"accuracy":0.9512820513,"f1":0.7076923077,"recall":0.7666666667,"precision":0.6571428571,"roc_auc":0.9696527778}}
