{"params":{"max_depth":3},"train":{"accuracy":0.9154934146,"f1":0.9220643231,"recall":0.9998053591,"precision":0.8555407506,"roc_auc":0.9155632621},"test":{"accuracy":0.833,"f1":0.3012552301,"recall":0.972972973,"precision":0.1782178218,"roc_auc":0.9058369117}}
{"params":{"max_depth":5},"train":{"accuracy":0.9412508921,"f1":0.9444870184,"recall":0.9995458379,"precision":0.8951772225,"roc_auc":0.9807555205},"test":{"accuracy":0.887,"f1":0.3858695652,"recall":0.9594594595,"precision":0.2414965986,"roc_auc":0.9528605709}}
{"params":{"max_depth":3},"train":{"accuracy":0.9154934146,"f1":0.9220643231,"recall":0.9998053591,"precision":0.8555407506,"roc_auc":0.915563281},"test":{"accuracy":0.833,"f1":0.3012552301,"recall":0.972972973,"precision":0.1782178218,"roc_auc":0.9058334035}}
{"params":{"max_depth":5},"train":{"accuracy":0.9353467852,"f1":0.939247066,"recall":0.9995458379,"precision":0.8858095676,"roc_auc":0.9806764396},"test":{"accuracy":0.8765,"f1":0.3650385604,"recall":0.9594594595,"precision":0.2253968254,"roc_auc":0.9528219809}}
{"params":{"max_depth":3},"train":{"accuracy":0.9154934146,"f1":0.9220643231,"recall":0.9998053591,"precision":0.8555407506,"roc_auc":0.9155632979},"test":{"accuracy":0.833,"f1":0.3012552301,"recall":0.972972973,"precision":0.1782178218,"roc_auc":0.9058263871}}
{"params":{"max_depth":10},"train":{"accuracy":0.9894245118,"f1":0.9895230749,"recall":0.9988321547,"precision":0.9803859135,"roc_auc":0.9980023684},"test":{"accuracy":0.9725,"f1":0.7120418848,"recall":0.9189189189,"precision":0.5811965812,"roc_auc":0.9843043979}}
{"params":{"max_depth":5},"train":{"accuracy":0.9396288847,"f1":0.9430416552,"recall":0.9995458379,"precision":0.8925840093,"roc_auc":0.9809423592},"test":{"accuracy":0.883,"f1":0.3776595745,"recall":0.9594594595,"precision":0.2350993377,"roc_auc":0.9535937807}}
{"params":{"max_depth":10},"train":{"accuracy":0.9901057549,"f1":0.9901900872,"recall":0.9987023941,"precision":0.9818216609,"roc_auc":0.9981553988},"test":{"accuracy":0.975,"f1":0.7311827957,"recall":0.9189189189,"precision":0.6071428571,"roc_auc":0.9844973478}}
{"params":{"max_depth":3},"train":{"accuracy":0.9154934146,"f1":0.9220643231,"recall":0.9998053591,"precision":0.8555407506,"roc_auc":0.915563281},"test":{"accuracy":0.833,"f1":0.3012552301,"recall":0.972972973,"precision":0.1782178218,"roc_auc":0.905822879}}
{"params":{"max_depth":10},"train":{"accuracy":0.9893596315,"f1":0.9894601542,"recall":0.998897035,"precision":0.9801999109,"roc_auc":0.9981976954},"test":{"accuracy":0.9735,"f1":0.7195767196,"recall":0.9189189189,"precision":0.5913043478,"roc_auc":0.9841570543}}
{"params":{"max_depth":5},"train":{"accuracy":0.9397910854,"f1":0.9431859924,"recall":0.9995458379,"precision":0.8928426543,"roc_auc":0.9813784627},"test":{"accuracy":0.883,"f1":0.3776595745,"recall":0.9594594595,"precision":0.2350993377,"roc_auc":0.955575903}}
{"params":{"max_depth":3},"train":{"accuracy":0.9154934146,"f1":0.9220643231,"recall":0.9998053591,"precision":0.8555407506,"roc_auc":0.9155632937},"test":{"accuracy":0.833,"f1":0.3012552301,"recall":0.972972973,"precision":0.1782178218,"roc_auc":0.9058263871}}
{"params":{"max_depth":10},"train":{"accuracy":0.9877051839,"f1":0.9878436027,"recall":0.9990916759,"precision":0.9768459782,"roc_auc":0.9981843578},"test":{"accuracy":0.9705,"f1":0.6974358974,"recall":0.9189189189,"precision":0.5619834711,"roc_auc":0.9837957116}}
{"params":{"max_depth":5},"train":{"accuracy":0.9415104133,"f1":0.9447186877,"recall":0.9995458379,"precision":0.8955935356,"roc_auc":0.9815553418},"test":{"accuracy":0.887,"f1":0.3858695652,"recall":0.9594594595,"precision":0.2414965986,"roc_auc":0.9552215767}}
{"params":{"max_depth":10},"train":{"accuracy":0.9881917862,"f1":0.9883191066,"recall":0.9990916759,"precision":0.9777763668,"roc_auc":0.9983321222},"test":{"accuracy":0.9715,"f1":0.7046632124,"recall":0.9189189189,"precision":0.5714285714,"roc_auc":0.9839921697}}
