{"params":{"max_depth":3},"train":{"accuracy":0.9154934146,"f1":0.9220643231,"recall":0.9998053591,"precision":0.8555407506,"roc_auc":0.9155632979},"test":{"accuracy":0.833,"f1":0.3012552301,"recall":0.972972973,"precision":0.1782178218,"roc_auc":0.9058369117}}
{"params":{"max_depth":5},"train":{"accuracy":0.936839032,"f1":0.9405659513,"recall":0.9995458379,"precision":0.8881586533,"roc_auc":0.9806774941},"test":{"accuracy":0.877,"f1":0.3626943005,"recall":0.9459459459,"precision":0.2243589744,"roc_auc":0.9544357442}}
{"params":{"max_depth":3},"train":{"accuracy":0.9154934146,"f1":0.9220643231,"recall":0.9998053591,"precision":0.8555407506,"roc_auc":0.9155632916},"test":{"accuracy":0.833,"f1":0.3012552301,"recall":0.972972973,"precision":0.1782178218,"roc_auc":0.9058369117}}
{"params":{"max_depth":5},"train":{"accuracy":0.9403750081,"f1":0.9437059724,"recall":0.9995458379,"precision":0.8937750189,"roc_auc":0.9810148944},"test":{"accuracy":0.883,"f1":0.3743315508,"recall":0.9459459459,"precision":0.2333333333,"roc_auc":0.9546953496}}
{"params":{"max_depth":3},"train":{"accuracy":0.9154934146,"f1":0.9220643231,"recall":0.9998053591,"precision":0.8555407506,"roc_auc":0.9155632831},"test":{"accuracy":0.833,"f1":0.3012552301,"recall":0.972972973,"precision":0.1782178218,"roc_auc":0.9058263871}}
{"params":{"max_depth":10},"train":{"accuracy":0.9889054694,"f1":0.9890131072,"recall":0.9987023941,"precision":0.9795100223,"roc_auc":0.9982112962},"test":{"accuracy":0.9735,"f1":0.7165775401,"recall":0.9054054054,"precision":0.592920354,"roc_auc":0.9833887626}}
{"params":{"max_depth":5},"train":{"accuracy":0.9359307078,"f1":0.9397627108,"recall":0.9995458379,"precision":0.8867272937,"roc_auc":0.9817576039},"test":{"accuracy":0.877,"f1":0.3659793814,"recall":0.9594594595,"precision":0.2261146497,"roc_auc":0.9557197384}}
{"params":{"max_depth":10},"train":{"accuracy":0.9893596315,"f1":0.989462186,"recall":0.9990916759,"precision":0.9800165468,"roc_auc":0.9982042348},"test":{"accuracy":0.975,"f1":0.7311827957,"recall":0.9189189189,"precision":0.6071428571,"roc_auc":0.9835290898}}
{"params":{"max_depth":3},"train":{"accuracy":0.9154934146,"f1":0.9220643231,"recall":0.9998053591,"precision":0.8555407506,"roc_auc":0.9155632916},"test":{"accuracy":0.833,"f1":0.3012552301,"recall":0.972972973,"precision":0.1782178218,"roc_auc":0.9058298953}}
{"params":{"max_depth":10},"train":{"accuracy":0.9877700642,"f1":0.9879062009,"recall":0.9990267956,"precision":0.9770304569,"roc_auc":0.9982463672},"test":{"accuracy":0.97,"f1":0.693877551,"recall":0.9189189189,"precision":0.5573770492,"roc_auc":0.9832168617}}
{"params":{"max_depth":5},"train":{"accuracy":0.9362875495,"f1":0.9400781059,"recall":0.9995458379,"precision":0.8872890629,"roc_auc":0.9816722993},"test":{"accuracy":0.877,"f1":0.3659793814,"recall":0.9594594595,"precision":0.2261146497,"roc_auc":0.9557969184}}
{"params":{"max_depth":3},"train":{"accuracy":0.9154934146,"f1":0.9220643231,"recall":0.9998053591,"precision":0.8555407506,"roc_auc":0.9155523344},"test":{"accuracy":0.833,"f1":0.3012552301,"recall":0.972972973,"precision":0.1782178218,"roc_auc":0.9058298953}}
{"params":{"max_depth":10},"train":{"accuracy":0.9879647051,"f1":0.988096384,"recall":0.9990267956,"precision":0.9774025644,"roc_auc":0.9982329307},"test":{"accuracy":0.971,"f1":0.7010309278,"recall":0.9189189189,"precision":0.5666666667,"roc_auc":0.9839220061}}
{"params":{"max_depth":5},"train":{"accuracy":0.9397262052,"f1":0.9431282522,"recall":0.9995458379,"precision":0.8927391783,"roc_auc":0.9815499347},"test":{"accuracy":0.883,"f1":0.3776595745,"recall":0.9594594595,"precision":0.2350993377,"roc_auc":0.955460133}}
{"params":{"max_depth":10},"train":{"accuracy":0.9887432687,"f1":0.9888578493,"recall":0.9990267956,"precision":0.9788938334,"roc_auc":0.9983751807},"test":{"accuracy":0.973,"f1":0.7157894737,"recall":0.9189189189,"precision":0.5862068966,"roc_auc":0.9840588252}}
