{"params":{"max_depth":3},"train":{"accuracy":0.9154934146,"f1":0.9220643231,"recall":0.9998053591,"precision":0.8555407506,"roc_auc":0.9155632495},"test":{"accuracy":0.833,"f1":0.3012552301,"recall":0.972972973,"precision":0.1782178218,"roc_auc":0.9058263871}}
{"params":{"max_depth":5},"train":{"accuracy":0.9412833323,"f1":0.9445159708,"recall":0.9995458379,"precision":0.8952292405,"roc_auc":0.9824549945},"test":{"accuracy":0.887,"f1":0.3858695652,"recall":0.9594594595,"precision":0.2414965986,"roc_auc":0.9557934102}}
{"params":{"max_depth":3},"train":{"accuracy":0.9154934146,"f1":0.9220643231,"recall":0.9998053591,"precision":0.8555407506,"roc_auc":0.9155632663},"test":{"accuracy":0.833,"f1":0.3012552301,"recall":0.972972973,"precision":0.1782178218,"roc_auc":0.9058263871}}
{"params":{"max_depth":5},"train":{"accuracy":0.9440083047,"f1":0.9467283951,"recall":0.9950690975,"precision":0.9028668982,"roc_auc":0.9809745636},"test":{"accuracy":0.8935,"f1":0.3753665689,"recall":0.8648648649,"precision":0.2397003745,"roc_auc":0.9552110522}}
{"params":{"max_depth":3},"train":{"accuracy":0.9154934146,"f1":0.9220643231,"recall":0.9998053591,"precision":0.8555407506,"roc_auc":0.9155632705},"test":{"accuracy":0.833,"f1":0.3012552301,"recall":0.972972973,"precision":0.1782178218,"roc_auc":0.9058263871}}
{"params":{"max_depth":10},"train":{"accuracy":0.9875754233,"f1":0.9877153029,"recall":0.9989619153,"precision":0.9767191068,"roc_auc":0.9986855289},"test":{"accuracy":0.97,"f1":0.7,"recall":0.9459459459,"precision":0.5555555556,"roc_auc":0.9843324633}}
{"params":{"max_depth":5},"train":{"accuracy":0.9440083047,"f1":0.9467283951,"recall":0.9950690975,"precision":0.9028668982,"roc_auc":0.9810268513},"test":{"accuracy":0.8935,"f1":0.3753665689,"recall":0.8648648649,"precision":0.2397003745,"roc_auc":0.9553443631}}
{"params":{"max_depth":10},"train":{"accuracy":0.9868617401,"f1":0.9870204788,"recall":0.9990916759,"precision":0.9752374921,"roc_auc":0.9983761552},"test":{"accuracy":0.97,"f1":0.696969697,"recall":0.9324324324,"precision":0.5564516129,"roc_auc":0.9837676462}}
{"params":{"max_depth":3},"train":{"accuracy":0.9154934146,"f1":0.9220643231,"recall":0.9998053591,"precision":0.8555407506,"roc_auc":0.9155632747},"test":{"accuracy":0.833,"f1":0.3012552301,"recall":0.972972973,"precision":0.1782178218,"roc_auc":0.905822879}}
{"params":{"max_depth":10},"train":{"accuracy":0.986407578,"f1":0.9865761061,"recall":0.9989619153,"precision":0.9744936709,"roc_auc":0.9983278012},"test":{"accuracy":0.967,"f1":0.6732673267,"recall":0.9189189189,"precision":0.53125,"roc_auc":0.9834273526}}
{"params":{"max_depth":5},"train":{"accuracy":0.9442678259,"f1":0.9469622129,"recall":0.9950690975,"precision":0.9032923023,"roc_auc":0.9812565085},"test":{"accuracy":0.8935,"f1":0.3753665689,"recall":0.8648648649,"precision":0.2397003745,"roc_auc":0.9558881311}}
{"params":{"max_depth":3},"train":{"accuracy":0.9154934146,"f1":0.9220643231,"recall":0.9998053591,"precision":0.8555407506,"roc_auc":0.9155632663},"test":{"accuracy":0.833,"f1":0.3012552301,"recall":0.972972973,"precision":0.1782178218,"roc_auc":0.9058193708}}
{"params":{"max_depth":10},"train":{"accuracy":0.9877376241,"f1":0.9878745108,"recall":0.9990267956,"precision":0.9769684665,"roc_auc":0.9982657139},"test":{"accuracy":0.97,"f1":0.693877551,"recall":0.9189189189,"precision":0.5573770492,"roc_auc":0.983395779}}
{"params":{"max_depth":5},"train":{"accuracy":0.9442678259,"f1":0.9469622129,"recall":0.9950690975,"precision":0.9032923023,"roc_auc":0.9812005796},"test":{"accuracy":0.8935,"f1":0.3753665689,"recall":0.8648648649,"precision":0.2397003745,"roc_auc":0.9555934439}}
{"params":{"max_depth":10},"train":{"accuracy":0.9878349445,"f1":0.9879695871,"recall":0.9990267956,"precision":0.9771544612,"roc_auc":0.998276509},"test":{"accuracy":0.97,"f1":0.693877551,"recall":0.9189189189,"precision":0.5573770492,"roc_auc":0.9837465971}}
