{"params":{"max_depth":3},"train":{"accuracy":0.9154934146,"f1":0.9220643231,"recall":0.9998053591,"precision":0.8555407506,"roc_auc":0.9155632495},"test":{"accuracy":0.833,"f1":0.3012552301,"recall":0.972972973,"precision":0.1782178218,"roc_auc":0.9058369117}}
{"params":{"max_depth":5},"train":{"accuracy":0.9351521443,"f1":0.9390753101,"recall":0.9995458379,"precision":0.8855040809,"roc_auc":0.9818025924},"test":{"accuracy":0.876,"f1":0.3608247423,"recall":0.9459459459,"precision":0.2229299363,"roc_auc":0.9558495411}}
{"params":{"max_depth":3},"train":{"accuracy":0.9154934146,"f1":0.9220643231,"recall":0.9998053591,"precision":0.8555407506,"roc_auc":0.9155632495},"test":{"accuracy":0.833,"f1":0.3012552301,"recall":0.972972973,"precision":0.1782178218,"roc_auc":0.9058369117}}
{"params":{"max_depth":5},"train":{"accuracy":0.9388503212,"f1":0.942349451,"recall":0.9995458379,"precision":0.8913445962,"roc_auc":0.9816949904},"test":{"accuracy":0.8845,"f1":0.3806970509,"recall":0.9594594595,"precision":0.237458194,"roc_auc":0.9562284247}}
{"params":{"max_depth":3},"train":{"accuracy":0.9154934146,"f1":0.9220643231,"recall":0.9998053591,"precision":0.8555407506,"roc_auc":0.9155632747},"test":{"accuracy":0.833,"f1":0.3012552301,"recall":0.972972973,"precision":0.1782178218,"roc_auc":0.9058334035}}
{"params":{"max_depth":10},"train":{"accuracy":0.985304613,"f1":0.9855026083,"recall":0.9989619153,"precision":0.9724011621,"roc_auc":0.9981505285},"test":{"accuracy":0.9685,"f1":0.6896551724,"recall":0.9459459459,"precision":0.5426356589,"roc_auc":0.9833642053}}
{"params":{"max_depth":5},"train":{"accuracy":0.9415752936,"f1":0.9447766228,"recall":0.9995458379,"precision":0.8956976744,"roc_auc":0.9812557887},"test":{"accuracy":0.887,"f1":0.3858695652,"recall":0.9594594595,"precision":0.2414965986,"roc_auc":0.9555653785}}
{"params":{"max_depth":10},"train":{"accuracy":0.9868941802,"f1":0.9870512821,"recall":0.9990267956,"precision":0.975359473,"roc_auc":0.9981438839},"test":{"accuracy":0.969,"f1":0.6868686869,"recall":0.9189189189,"precision":0.5483870968,"roc_auc":0.9830695181}}
{"params":{"max_depth":3},"train":{"accuracy":0.9154934146,"f1":0.9220643231,"recall":0.9998053591,"precision":0.8555407506,"roc_auc":0.9155632853},"test":{"accuracy":0.833,"f1":0.3012552301,"recall":0.972972973,"precision":0.1782178218,"roc_auc":0.9058263871}}
{"params":{"max_depth":10},"train":{"accuracy":0.987510543,"f1":0.9876535292,"recall":0.9990916759,"precision":0.9764743183,"roc_auc":0.9982230405},"test":{"accuracy":0.9715,"f1":0.7046632124,"recall":0.9189189189,"precision":0.5714285714,"roc_auc":0.9835255817}}
{"params":{"max_depth":5},"train":{"accuracy":0.9415104133,"f1":0.9447186877,"recall":0.9995458379,"precision":0.8955935356,"roc_auc":0.9814313334},"test":{"accuracy":0.887,"f1":0.3858695652,"recall":0.9594594595,"precision":0.2414965986,"roc_auc":0.9551233476}}
{"params":{"max_depth":3},"train":{"accuracy":0.9154934146,"f1":0.9220643231,"recall":0.9998053591,"precision":0.8555407506,"roc_auc":0.9155632895},"test":{"accuracy":0.833,"f1":0.3012552301,"recall":0.972972973,"precision":0.1782178218,"roc_auc":0.9058263871}}
{"params":{"max_depth":10},"train":{"accuracy":0.988159346,"f1":0.9882866404,"recall":0.9990267956,"precision":0.9777749555,"roc_auc":0.9982337683},"test":{"accuracy":0.971,"f1":0.7010309278,"recall":0.9189189189,"precision":0.5666666667,"roc_auc":0.9838448261}}
{"params":{"max_depth":5},"train":{"accuracy":0.9398559657,"f1":0.9432437397,"recall":0.9995458379,"precision":0.8929461543,"roc_auc":0.9816820884},"test":{"accuracy":0.883,"f1":0.3776595745,"recall":0.9594594595,"precision":0.2350993377,"roc_auc":0.9554390839}}
{"params":{"max_depth":10},"train":{"accuracy":0.9878673847,"f1":0.9880020531,"recall":0.9990916759,"precision":0.9771559109,"roc_auc":0.9983890298},"test":{"accuracy":0.9705,"f1":0.6974358974,"recall":0.9189189189,"precision":0.5619834711,"roc_auc":0.9839851534}}
