{"params":{"max_depth":3},"train":{"accuracy":0.9154934146,"f1":0.9220643231,"recall":0.9998053591,"precision":0.8555407506,"roc_auc":0.9155632831},"test":{"accuracy":0.833,"f1":0.3012552301,"recall":0.972972973,"precision":0.1782178218,"roc_auc":0.9058263871}}
{"params":{"max_depth":5},"train":{"accuracy":0.9323947317,"f1":0.9366488327,"recall":0.9995458379,"precision":0.8811988789,"roc_auc":0.9788958432},"test":{"accuracy":0.87,"f1":0.3532338308,"recall":0.9594594595,"precision":0.2164634146,"roc_auc":0.9483736073}}
{"params":{"max_depth":3},"train":{"accuracy":0.9154934146,"f1":0.9220643231,"recall":0.9998053591,"precision":0.8555407506,"roc_auc":0.9155632831},"test":{"accuracy":0.833,"f1":0.3012552301,"recall":0.972972973,"precision":0.1782178218,"roc_auc":0.9058298953}}
{"params":{"max_depth":5},"train":{"accuracy":0.9358982677,"f1":0.939734049,"recall":0.9995458379,"precision":0.886676259,"roc_auc":0.9805960285},"test":{"accuracy":0.877,"f1":0.3659793814,"recall":0.9594594595,"precision":0.2261146497,"roc_auc":0.9531271926}}
{"params":{"max_depth":3},"train":{"accuracy":0.9154934146,"f1":0.9220643231,"recall":0.9998053591,"precision":0.8555407506,"roc_auc":0.915563281},"test":{"accuracy":0.833,"f1":0.3012552301,"recall":0.972972973,"precision":0.1782178218,"roc_auc":0.905822879}}
{"params":{"max_depth":10},"train":{"accuracy":0.9897813534,"f1":0.9898710569,"recall":0.9986375138,"precision":0.981257172,"roc_auc":0.9981468979},"test":{"accuracy":0.976,"f1":0.7391304348,"recall":0.9189189189,"precision":0.6181818182,"roc_auc":0.9844096433}}
{"params":{"max_depth":5},"train":{"accuracy":0.9377797963,"f1":0.9413993278,"recall":0.9995458379,"precision":0.8896460126,"roc_auc":0.9807839133},"test":{"accuracy":0.881,"f1":0.3736842105,"recall":0.9594594595,"precision":0.2320261438,"roc_auc":0.9534815189}}
{"params":{"max_depth":10},"train":{"accuracy":0.9886135081,"f1":0.9887286857,"recall":0.9988321547,"precision":0.9788275687,"roc_auc":0.9982660443},"test":{"accuracy":0.9725,"f1":0.7120418848,"recall":0.9189189189,"precision":0.5811965812,"roc_auc":0.9845429542}}
{"params":{"max_depth":3},"train":{"accuracy":0.9154934146,"f1":0.9220643231,"recall":0.9998053591,"precision":0.8555407506,"roc_auc":0.9155632937},"test":{"accuracy":0.833,"f1":0.3012552301,"recall":0.972972973,"precision":0.1782178218,"roc_auc":0.9058298953}}
{"params":{"max_depth":10},"train":{"accuracy":0.9893596315,"f1":0.9894608316,"recall":0.9989619153,"precision":0.980138774,"roc_auc":0.9983215459},"test":{"accuracy":0.975,"f1":0.7311827957,"recall":0.9189189189,"precision":0.6071428571,"roc_auc":0.9843570206}}
{"params":{"max_depth":5},"train":{"accuracy":0.9415104133,"f1":0.9447186877,"recall":0.9995458379,"precision":0.8955935356,"roc_auc":0.9812460964},"test":{"accuracy":0.887,"f1":0.3858695652,"recall":0.9594594595,"precision":0.2414965986,"roc_auc":0.9555197721}}
{"params":{"max_depth":3},"train":{"accuracy":0.9154934146,"f1":0.9220643231,"recall":0.9998053591,"precision":0.8555407506,"roc_auc":0.9155632895},"test":{"accuracy":0.833,"f1":0.3012552301,"recall":0.972972973,"precision":0.1782178218,"roc_auc":0.9058193708}}
{"params":{"max_depth":10},"train":{"accuracy":0.9887432687,"f1":0.9888585648,"recall":0.9990916759,"precision":0.9788329519,"roc_auc":0.9982854646},"test":{"accuracy":0.9725,"f1":0.7120418848,"recall":0.9189189189,"precision":0.5811965812,"roc_auc":0.9841430215}}
{"params":{"max_depth":5},"train":{"accuracy":0.9397910854,"f1":0.9431859924,"recall":0.9995458379,"precision":0.8928426543,"roc_auc":0.9812369746},"test":{"accuracy":0.883,"f1":0.3776595745,"recall":0.9594594595,"precision":0.2350993377,"roc_auc":0.9556741321}}
{"params":{"max_depth":10},"train":{"accuracy":0.987932265,"f1":0.9880639158,"recall":0.9989619153,"precision":0.9774011299,"roc_auc":0.9982907496},"test":{"accuracy":0.971,"f1":0.7010309278,"recall":0.9189189189,"precision":0.5666666667,"roc_auc":0.9841781033}}
