{"params":{"max_depth":3},"train":{"accuracy":0.9869888476,"f1":0.9868173258,"recall":0.9739776952,"precision":1.0,"roc_auc":0.9996821492},"test":{"accuracy":0.9722222222,"f1":0.8,"recall":0.6666666667,"precision":1.0,"roc_auc":0.6818181818}}
{"params":{"max_depth":3},"train":{"accuracy":0.9869888476,"f1":0.9868173258,"recall":0.9739776952,"precision":1.0,"roc_auc":0.9998203452},"test":{"accuracy":0.9722222222,"f1":0.8,"recall":0.6666666667,"precision":1.0,"roc_auc":0.9090909091}}
{"params":{"max_depth":5},"train":{"accuracy":0.9981412639,"f1":0.9981378026,"recall":0.9962825279,"precision":1.0,"roc_auc":0.999861804},"test":{"accuracy":0.9722222222,"f1":0.8,"recall":0.6666666667,"precision":1.0,"roc_auc":0.7676767677}}
{"params":{"max_depth":5},"train":{"accuracy":0.9981412639,"f1":0.9981378026,"recall":0.9962825279,"precision":1.0,"roc_auc":0.9999447216},"test":{"accuracy":0.9722222222,"f1":0.8,"recall":0.6666666667,"precision":1.0,"roc_auc":0.8888888889}}
{"params":{"max_depth":10},"train":{"accuracy":0.9981412639,"f1":0.9981378026,"recall":0.9962825279,"precision":1.0,"roc_auc":0.999861804},"test":{"accuracy":0.9722222222,"f1":0.8,"recall":0.6666666667,"precision":1.0,"roc_auc":0.7676767677}}
{"params":{"max_depth":10},"train":{"accuracy":0.9981412639,"f1":0.9981378026,"recall":0.9962825279,"precision":1.0,"roc_auc":0.9999447216},"test":{"accuracy":0.9722222222,"f1":0.8,"recall":0.6666666667,"precision":1.0,"roc_auc":0.8888888889}}
{"params":{"max_depth":3},"train":{"accuracy":0.9869888476,"f1":0.9868173258,"recall":0.9739776952,"precision":1.0,"roc_auc":0.9998341648},"test":{"accuracy":0.9722222222,"f1":0.8,"recall":0.6666666667,"precision":1.0,"roc_auc":0.9191919192}}
{"params":{"max_depth":5},"train":{"accuracy":0.9981412639,"f1":0.9981378026,"recall":0.9962825279,"precision":1.0,"roc_auc":0.9999447216},"test":{"accuracy":0.9722222222,"f1":0.8,"recall":0.6666666667,"precision":1.0,"roc_auc":0.9191919192}}
{"params":{"max_depth":10},"train":{"accuracy":0.9981412639,"f1":0.9981378026,"recall":0.9962825279,"precision":1.0,"roc_auc":0.9999447216},"test":{"accuracy":0.9722222222,"f1":0.8,"recall":0.6666666667,"precision":1.0,"roc_auc":0.9191919192}}
{"params":{"max_depth":3},"train":{"accuracy":0.9869888476,"f1":0.9868173258,"recall":0.9739776952,"precision":1.0,"roc_auc":0.9997512472},"test":{"accuracy":0.9722222222,"f1":0.8,"recall":0.6666666667,"precision":1.0,"roc_auc":0.9191919192}}
{"params":{"max_depth":5},"train":{"accuracy":0.9981412639,"f1":0.9981378026,"recall":0.9962825279,"precision":1.0,"roc_auc":0.9999447216},"test":{"accuracy":0.9722222222,"f1":0.8,"recall":0.6666666667,"precision":1.0,"roc_auc":0.9191919192}}
{"params":{"max_depth":10},"train":{"accuracy":0.9981412639,"f1":0.9981378026,"recall":0.9962825279,"precision":1.0,"roc_auc":0.9999447216},"test":{"accuracy":0.9722222222,"f1":0.8,"recall":0.6666666667,"precision":1.0,"roc_auc":0.9191919192}}
{"params":{"max_depth":3},"train":{"accuracy":0.9869888476,"f1":0.9868173258,"recall":0.9739776952,"precision":1.0,"roc_auc":0.999723608},"test":{"accuracy":0.9722222222,"f1":0.8,"recall":0.6666666667,"precision":1.0,"roc_auc":0.9090909091}}
{"params":{"max_depth":5},"train":{"accuracy":0.9981412639,"f1":0.9981378026,"recall":0.9962825279,"precision":1.0,"roc_auc":0.9999447216},"test":{"accuracy":0.9722222222,"f1":0.8,"recall":0.6666666667,"precision":1.0,"roc_auc":0.898989899}}
{"params":{"max_depth":10},"train":{"accuracy":0.9981412639,"f1":0.9981378026,"recall":0.9962825279,"precision":1.0,"roc_auc":0.9999447216},"test":{"accuracy":0.9722222222,"f1":0.8,"recall":0.6666666667,"precision":1.0,"roc_auc":0.898989899}}
