{"params":{"max_depth":3},"train":{"accuracy":0.9944237918,"f1":0.9944134078,"recall":0.9925650558,"precision":0.9962686567,"roc_auc":0.9996821492},"test":{"accuracy":0.9722222222,"f1":0.8,"recall":0.6666666667,"precision":1.0,"roc_auc":0.6868686869}}
{"params":{"max_depth":3},"train":{"accuracy":0.9888475836,"f1":0.9887218045,"recall":0.9776951673,"precision":1.0,"roc_auc":0.9996268708},"test":{"accuracy":0.9722222222,"f1":0.8,"recall":0.6666666667,"precision":1.0,"roc_auc":0.9191919192}}
{"params":{"max_depth":5},"train":{"accuracy":0.9981412639,"f1":0.9981378026,"recall":0.9962825279,"precision":1.0,"roc_auc":0.9998479844},"test":{"accuracy":0.9722222222,"f1":0.8,"recall":0.6666666667,"precision":1.0,"roc_auc":0.7929292929}}
{"params":{"max_depth":10},"train":{"accuracy":0.9981412639,"f1":0.9981378026,"recall":0.9962825279,"precision":1.0,"roc_auc":0.9998479844},"test":{"accuracy":0.9722222222,"f1":0.8,"recall":0.6666666667,"precision":1.0,"roc_auc":0.7929292929}}
{"params":{"max_depth":5},"train":{"accuracy":0.9981412639,"f1":0.9981378026,"recall":0.9962825279,"precision":1.0,"roc_auc":0.999861804},"test":{"accuracy":0.9722222222,"f1":0.8,"recall":0.6666666667,"precision":1.0,"roc_auc":0.9242424242}}
{"params":{"max_depth":3},"train":{"accuracy":0.9888475836,"f1":0.9887218045,"recall":0.9776951673,"precision":1.0,"roc_auc":0.9995439532},"test":{"accuracy":0.9722222222,"f1":0.8,"recall":0.6666666667,"precision":1.0,"roc_auc":0.8787878788}}
{"params":{"max_depth":10},"train":{"accuracy":0.9981412639,"f1":0.9981378026,"recall":0.9962825279,"precision":1.0,"roc_auc":0.999861804},"test":{"accuracy":0.9722222222,"f1":0.8,"recall":0.6666666667,"precision":1.0,"roc_auc":0.9242424242}}
{"params":{"max_depth":5},"train":{"accuracy":0.9981412639,"f1":0.9981378026,"recall":0.9962825279,"precision":1.0,"roc_auc":0.9998894432},"test":{"accuracy":0.9722222222,"f1":0.8,"recall":0.6666666667,"precision":1.0,"roc_auc":0.8939393939}}
{"params":{"max_depth":10},"train":{"accuracy":0.9981412639,"f1":0.9981378026,"recall":0.9962825279,"precision":1.0,"roc_auc":0.9998894432},"test":{"accuracy":0.9722222222,"f1":0.8,"recall":0.6666666667,"precision":1.0,"roc_auc":0.8939393939}}
{"params":{"max_depth":3},"train":{"accuracy":0.9888475836,"f1":0.9887218045,"recall":0.9776951673,"precision":1.0,"roc_auc":0.9996130512},"test":{"accuracy":0.9722222222,"f1":0.8,"recall":0.6666666667,"precision":1.0,"roc_auc":0.9090909091}}
{"params":{"max_depth":5},"train":{"accuracy":0.9981412639,"f1":0.9981378026,"recall":0.9962825279,"precision":1.0,"roc_auc":0.999861804},"test":{"accuracy":0.9722222222,"f1":0.8,"recall":0.6666666667,"precision":1.0,"roc_auc":0.9191919192}}
{"params":{"max_depth":10},"train":{"accuracy":0.9981412639,"f1":0.9981378026,"recall":0.9962825279,"precision":1.0,"roc_auc":0.9998756236},"test":{"accuracy":0.9722222222,"f1":0.8,"recall":0.6666666667,"precision":1.0,"roc_auc":0.9191919192}}
{"params":{"max_depth":3},"train":{"accuracy":0.9888475836,"f1":0.9887218045,"recall":0.9776951673,"precision":1.0,"roc_auc":0.9996821492},"test":{"accuracy":0.9722222222,"f1":0.8,"recall":0.6666666667,"precision":1.0,"roc_auc":0.9191919192}}
{"params":{"max_depth":5},"train":{"accuracy":0.9981412639,"f1":0.9981378026,"recall":0.9962825279,"precision":1.0,"roc_auc":0.9998756236},"test":{"accuracy":0.9722222222,"f1":0.8,"recall":0.6666666667,"precision":1.0,"roc_auc":0.9292929293}}
{"params":{"max_depth":10},"train":{"accuracy":0.9981412639,"f1":0.9981378026,"recall":0.9962825279,"precision":1.0,"roc_auc":0.9998756236},"test":{"accuracy":0.9722222222,"f1":0.8,"recall":0.6666666667,"precision":1.0,"roc_auc":0.9292929293}}
