{"params":{"max_depth":3},"train":{"accuracy":0.9851301115,"f1":0.9849056604,"recall":0.970260223,"precision":1.0,"roc_auc":0.9996130512},"test":{"accuracy":0.9722222222,"f1":0.8,"recall":0.6666666667,"precision":1.0,"roc_auc":0.9292929293}}
{"params":{"max_depth":5},"train":{"accuracy":0.9981412639,"f1":0.9981378026,"recall":0.9962825279,"precision":1.0,"roc_auc":0.9999032628},"test":{"accuracy":0.9722222222,"f1":0.8,"recall":0.6666666667,"precision":1.0,"roc_auc":0.9090909091}}
{"params":{"max_depth":5},"train":{"accuracy":0.9981412639,"f1":0.9981378026,"recall":0.9962825279,"precision":1.0,"roc_auc":0.9999032628},"test":{"accuracy":0.9722222222,"f1":0.8,"recall":0.6666666667,"precision":1.0,"roc_auc":0.9292929293}}
{"params":{"max_depth":3},"train":{"accuracy":0.9851301115,"f1":0.9849056604,"recall":0.970260223,"precision":1.0,"roc_auc":0.99965451},"test":{"accuracy":0.9722222222,"f1":0.8,"recall":0.6666666667,"precision":1.0,"roc_auc":0.9090909091}}
{"params":{"max_depth":10},"train":{"accuracy":0.9981412639,"f1":0.9981378026,"recall":0.9962825279,"precision":1.0,"roc_auc":0.9999032628},"test":{"accuracy":0.9722222222,"f1":0.8,"recall":0.6666666667,"precision":1.0,"roc_auc":0.9292929293}}
{"params":{"max_depth":5},"train":{"accuracy":0.9981412639,"f1":0.9981378026,"recall":0.9962825279,"precision":1.0,"roc_auc":0.9999447216},"test":{"accuracy":0.9722222222,"f1":0.8,"recall":0.6666666667,"precision":1.0,"roc_auc":0.9292929293}}
{"params":{"max_depth":3},"train":{"accuracy":0.9851301115,"f1":0.9849056604,"recall":0.970260223,"precision":1.0,"roc_auc":0.9997374276},"test":{"accuracy":0.9722222222,"f1":0.8,"recall":0.6666666667,"precision":1.0,"roc_auc":0.9191919192}}
{"params":{"max_depth":10},"train":{"accuracy":0.9981412639,"f1":0.9981378026,"recall":0.9962825279,"precision":1.0,"roc_auc":0.9999032628},"test":{"accuracy":0.9722222222,"f1":0.8,"recall":0.6666666667,"precision":1.0,"roc_auc":0.9090909091}}
{"params":{"max_depth":10},"train":{"accuracy":0.9981412639,"f1":0.9981378026,"recall":0.9962825279,"precision":1.0,"roc_auc":0.9999447216},"test":{"accuracy":0.9722222222,"f1":0.8,"recall":0.6666666667,"precision":1.0,"roc_auc":0.9292929293}}
{"params":{"max_depth":3},"train":{"accuracy":0.9851301115,"f1":0.9849056604,"recall":0.970260223,"precision":1.0,"roc_auc":0.9997097884},"test":{"accuracy":0.9722222222,"f1":0.8,"recall":0.6666666667,"precision":1.0,"roc_auc":0.9191919192}}
{"params":{"max_depth":5},"train":{"accuracy":0.9981412639,"f1":0.9981378026,"recall":0.9962825279,"precision":1.0,"roc_auc":0.999930902},"test":{"accuracy":0.9722222222,"f1":0.8,"recall":0.6666666667,"precision":1.0,"roc_auc":0.9191919192}}
{"params":{"max_depth":10},"train":{"accuracy":0.9981412639,"f1":0.9981378026,"recall":0.9962825279,"precision":1.0,"roc_auc":0.999930902},"test":{"accuracy":0.9722222222,"f1":0.8,"recall":0.6666666667,"precision":1.0,"roc_auc":0.9191919192}}
{"params":{"max_depth":3},"train":{"accuracy":0.9869888476,"f1":0.9868173258,"recall":0.9739776952,"precision":1.0,"roc_auc":0.9996821492},"test":{"accuracy":0.9722222222,"f1":0.8,"recall":0.6666666667,"precision":1.0,"roc_auc":0.9191919192}}
{"params":{"max_depth":5},"train":{"accuracy":0.9981412639,"f1":0.9981378026,"recall":0.9962825279,"precision":1.0,"roc_auc":0.9998894432},"test":{"accuracy":0.9722222222,"f1":0.8,"recall":0.6666666667,"precision":1.0,"roc_auc":0.9090909091}}
{"params":{"max_depth":10},"train":{"accuracy":0.9981412639,"f1":0.9981378026,"recall":0.9962825279,"precision":1.0,"roc_auc":0.9998894432},"test":{"accuracy":0.9722222222,"f1":0.8,"recall":0.6666666667,"precision":1.0,"roc_auc":0.9090909091}}
