{"params":{"max_depth":5},"train":{"accuracy":0.9981412639,"f1":0.9981378026,"recall":0.9962825279,"precision":1.0,"roc_auc":0.9998756236},"test":{"accuracy":0.9722222222,"f1":0.8,"recall":0.6666666667,"precision":1.0,"roc_auc":0.9191919192}}
{"params":{"max_depth":3},"train":{"accuracy":0.9888475836,"f1":0.9887218045,"recall":0.9776951673,"precision":1.0,"roc_auc":0.9998065256},"test":{"accuracy":0.9722222222,"f1":0.8,"recall":0.6666666667,"precision":1.0,"roc_auc":0.8787878788}}
{"params":{"max_depth":3},"train":{"accuracy":0.9888475836,"f1":0.9887218045,"recall":0.9776951673,"precision":1.0,"roc_auc":0.9997512472},"test":{"accuracy":0.9722222222,"f1":0.8,"recall":0.6666666667,"precision":1.0,"roc_auc":0.8787878788}}
{"params":{"max_depth":5},"train":{"accuracy":0.9981412639,"f1":0.9981378026,"recall":0.9962825279,"precision":1.0,"roc_auc":0.9999032628},"test":{"accuracy":0.9722222222,"f1":0.8,"recall":0.6666666667,"precision":1.0,"roc_auc":0.898989899}}
{"params":{"max_depth":10},"train":{"accuracy":0.9981412639,"f1":0.9981378026,"recall":0.9962825279,"precision":1.0,"roc_auc":0.9998756236},"test":{"accuracy":0.9722222222,"f1":0.8,"recall":0.6666666667,"precision":1.0,"roc_auc":0.9191919192}}
{"params":{"max_depth":3},"train":{"accuracy":0.9888475836,"f1":0.9887218045,"recall":0.9776951673,"precision":1.0,"roc_auc":0.9997788864},"test":{"accuracy":0.9722222222,"f1":0.8,"recall":0.6666666667,"precision":1.0,"roc_auc":0.8585858586}}
{"params":{"max_depth":10},"train":{"accuracy":0.9981412639,"f1":0.9981378026,"recall":0.9962825279,"precision":1.0,"roc_auc":0.9999032628},"test":{"accuracy":0.9722222222,"f1":0.8,"recall":0.6666666667,"precision":1.0,"roc_auc":0.898989899}}
{"params":{"max_depth":5},"train":{"accuracy":0.9981412639,"f1":0.9981378026,"recall":0.9962825279,"precision":1.0,"roc_auc":0.9999170824},"test":{"accuracy":0.9722222222,"f1":0.8,"recall":0.6666666667,"precision":1.0,"roc_auc":0.8787878788}}
{"params":{"max_depth":10},"train":{"accuracy":0.9981412639,"f1":0.9981378026,"recall":0.9962825279,"precision":1.0,"roc_auc":0.9999170824},"test":{"accuracy":0.9722222222,"f1":0.8,"recall":0.6666666667,"precision":1.0,"roc_auc":0.8787878788}}
{"params":{"max_depth":3},"train":{"accuracy":0.9869888476,"f1":0.9868173258,"recall":0.9739776952,"precision":1.0,"roc_auc":0.9997512472},"test":{"accuracy":0.9722222222,"f1":0.8,"recall":0.6666666667,"precision":1.0,"roc_auc":0.8787878788}}
{"params":{"max_depth":5},"train":{"accuracy":0.9981412639,"f1":0.9981378026,"recall":0.9962825279,"precision":1.0,"roc_auc":0.9999170824},"test":{"accuracy":0.9722222222,"f1":0.8,"recall":0.6666666667,"precision":1.0,"roc_auc":0.8787878788}}
{"params":{"max_depth":10},"train":{"accuracy":0.9981412639,"f1":0.9981378026,"recall":0.9962825279,"precision":1.0,"roc_auc":0.9999170824},"test":{"accuracy":0.9722222222,"f1":0.8,"recall":0.6666666667,"precision":1.0,"roc_auc":0.8787878788}}
{"params":{"max_depth":3},"train":{"accuracy":0.9888475836,"f1":0.9887218045,"recall":0.9776951673,"precision":1.0,"roc_auc":0.9997512472},"test":{"accuracy":0.9722222222,"f1":0.8,"recall":0.6666666667,"precision":1.0,"roc_auc":0.8787878788}}
{"params":{"max_depth":5},"train":{"accuracy":0.9981412639,"f1":0.9981378026,"recall":0.9962825279,"precision":1.0,"roc_auc":0.9999170824},"test":{"accuracy":0.9722222222,"f1":0.8,"recall":0.6666666667,"precision":1.0,"roc_auc":0.898989899}}
{"params":{"max_depth":10},"train":{"accuracy":0.9981412639,"f1":0.9981378026,"recall":0.9962825279,"precision":1.0,"roc_auc":0.9999170824},"test":{"accuracy":0.9722222222,"f1":0.8,"recall":0.6666666667,"precision":1.0,"roc_auc":0.898989899}}
