{"params":{"max_depth":5},"train":{"accuracy":0.9727626459,"f1":0.9731830986,"recall":0.9884412909,"precision":0.9583888149,"roc_auc":0.9904172146},"test":{"accuracy":0.9534883721,"f1":0.4468085106,"recall":0.8076923077,"precision":0.3088235294,"roc_auc":0.8975591716}}
{"params":{"max_depth":3},"train":{"accuracy":0.9333371481,"f1":0.9356815547,"recall":0.9697871366,"precision":0.9038933333,"roc_auc":0.9720628142},"test":{"accuracy":0.8899821109,"f1":0.2545454545,"recall":0.8076923077,"precision":0.1510791367,"roc_auc":0.8836644125}}
{"params":{"max_depth":3},"train":{"accuracy":0.9331082628,"f1":0.9354535917,"recall":0.9694438087,"precision":0.9037661368,"roc_auc":0.9713844487},"test":{"accuracy":0.8899821109,"f1":0.2545454545,"recall":0.8076923077,"precision":0.1510791367,"roc_auc":0.8833122006}}
{"params":{"max_depth":5},"train":{"accuracy":0.9724193179,"f1":0.9728389496,"recall":0.9878690776,"precision":0.958259325,"roc_auc":0.9903981518},"test":{"accuracy":0.9534883721,"f1":0.4468085106,"recall":0.8076923077,"precision":0.3088235294,"roc_auc":0.894935193}}
{"params":{"max_depth":3},"train":{"accuracy":0.9332227054,"f1":0.9355782501,"recall":0.9697871366,"precision":0.9037005439,"roc_auc":0.9717359559},"test":{"accuracy":0.8899821109,"f1":0.2545454545,"recall":0.8076923077,"precision":0.1510791367,"roc_auc":0.8933854607}}
{"params":{"max_depth":10},"train":{"accuracy":0.9905584802,"f1":0.9906105958,"recall":0.9961089494,"precision":0.9851726089,"roc_auc":0.9989677961},"test":{"accuracy":0.9740608229,"f1":0.5915492958,"recall":0.8076923077,"precision":0.4666666667,"roc_auc":0.8873450268}}
{"params":{"max_depth":5},"train":{"accuracy":0.9723620966,"f1":0.9727810651,"recall":0.9877546349,"precision":0.9582546908,"roc_auc":0.9907236153},"test":{"accuracy":0.9534883721,"f1":0.4468085106,"recall":0.8076923077,"precision":0.3088235294,"roc_auc":0.8910432516}}
{"params":{"max_depth":10},"train":{"accuracy":0.9910734722,"f1":0.9911192076,"recall":0.9962233921,"precision":0.9860670594,"roc_auc":0.9989922615},"test":{"accuracy":0.9740608229,"f1":0.5915492958,"recall":0.8076923077,"precision":0.4666666667,"roc_auc":0.9030360665}}
{"params":{"max_depth":3},"train":{"accuracy":0.9332799268,"f1":0.9356298995,"recall":0.9697871366,"precision":0.9037969283,"roc_auc":0.975458918},"test":{"accuracy":0.8899821109,"f1":0.2545454545,"recall":0.8076923077,"precision":0.1510791367,"roc_auc":0.8942131586}}
{"params":{"max_depth":10},"train":{"accuracy":0.9909018082,"f1":0.9909520287,"recall":0.9964522774,"precision":0.9855121675,"roc_auc":0.9990723962},"test":{"accuracy":0.9740608229,"f1":0.5915492958,"recall":0.8076923077,"precision":0.4666666667,"roc_auc":0.8979466047}}
{"params":{"max_depth":5},"train":{"accuracy":0.9719615473,"f1":0.9723912554,"recall":0.9875257496,"precision":0.9577136515,"roc_auc":0.9912438592},"test":{"accuracy":0.9534883721,"f1":0.4468085106,"recall":0.8076923077,"precision":0.3088235294,"roc_auc":0.8938609467}}
{"params":{"max_depth":3},"train":{"accuracy":0.9333371481,"f1":0.9356886558,"recall":0.9699015793,"precision":0.9038071878,"roc_auc":0.9764020484},"test":{"accuracy":0.8899821109,"f1":0.2545454545,"recall":0.8076923077,"precision":0.1510791367,"roc_auc":0.8946534235}}
{"params":{"max_depth":10},"train":{"accuracy":0.9909590295,"f1":0.9910084225,"recall":0.9964522774,"precision":0.9856237265,"roc_auc":0.9991391392},"test":{"accuracy":0.9740608229,"f1":0.5915492958,"recall":0.8076923077,"precision":0.4666666667,"roc_auc":0.8851965342}}
{"params":{"max_depth":5},"train":{"accuracy":0.9719615473,"f1":0.9724005858,"recall":0.9878690776,"precision":0.9574090506,"roc_auc":0.9913300972},"test":{"accuracy":0.9516994633,"f1":0.4375,"recall":0.8076923077,"precision":0.3,"roc_auc":0.9076852635}}
{"params":{"max_depth":10},"train":{"accuracy":0.9910734722,"f1":0.9911212294,"recall":0.9964522774,"precision":0.9858469203,"roc_auc":0.9991523214},"test":{"accuracy":0.9740608229,"f1":0.5915492958,"recall":0.8076923077,"precision":0.4666666667,"roc_auc":0.8831008735}}
