{"params":{"max_depth":5},"train":{"accuracy":0.9709887846,"f1":0.9714124612,"recall":0.9858091096,"precision":0.9574302545,"roc_auc":0.990839551},"test":{"accuracy":0.9525939177,"f1":0.4421052632,"recall":0.8076923077,"precision":0.3043478261,"roc_auc":0.8605945337}}
{"params":{"max_depth":3},"train":{"accuracy":0.9332799268,"f1":0.935637006,"recall":0.9699015793,"precision":0.9037108125,"roc_auc":0.9717878074},"test":{"accuracy":0.8899821109,"f1":0.2545454545,"recall":0.8076923077,"precision":0.1510791367,"roc_auc":0.8627430262}}
{"params":{"max_depth":3},"train":{"accuracy":0.9333371481,"f1":0.9356886558,"recall":0.9699015793,"precision":0.9038071878,"roc_auc":0.9748038653},"test":{"accuracy":0.8899821109,"f1":0.2545454545,"recall":0.8076923077,"precision":0.1510791367,"roc_auc":0.8788743308}}
{"params":{"max_depth":5},"train":{"accuracy":0.9723620966,"f1":0.9728025227,"recall":0.9885557336,"precision":0.9575435096,"roc_auc":0.9902970289},"test":{"accuracy":0.9534883721,"f1":0.4468085106,"recall":0.8076923077,"precision":0.3088235294,"roc_auc":0.8984925331}}
{"params":{"max_depth":3},"train":{"accuracy":0.9332799268,"f1":0.9356298995,"recall":0.9697871366,"precision":0.9037969283,"roc_auc":0.9746881195},"test":{"accuracy":0.8899821109,"f1":0.2545454545,"recall":0.8076923077,"precision":0.1510791367,"roc_auc":0.8823788391}}
{"params":{"max_depth":10},"train":{"accuracy":0.9912451362,"f1":0.9912904878,"recall":0.9964522774,"precision":0.9861819006,"roc_auc":0.9990554813},"test":{"accuracy":0.9749552773,"f1":0.6111111111,"recall":0.8461538462,"precision":0.4782608696,"roc_auc":0.8870984784}}
{"params":{"max_depth":5},"train":{"accuracy":0.9721332113,"f1":0.9725772848,"recall":0.9883268482,"precision":0.9573218047,"roc_auc":0.9910158972},"test":{"accuracy":0.9525939177,"f1":0.4421052632,"recall":0.8076923077,"precision":0.3043478261,"roc_auc":0.9063820795}}
{"params":{"max_depth":10},"train":{"accuracy":0.9911879149,"f1":0.9912330639,"recall":0.9963378347,"precision":0.9861803353,"roc_auc":0.9990900184},"test":{"accuracy":0.9740608229,"f1":0.5915492958,"recall":0.8076923077,"precision":0.4666666667,"roc_auc":0.8716715976}}
{"params":{"max_depth":3},"train":{"accuracy":0.9332799268,"f1":0.9356298995,"recall":0.9697871366,"precision":0.9037969283,"roc_auc":0.9752004331},"test":{"accuracy":0.8899821109,"f1":0.2545454545,"recall":0.8076923077,"precision":0.1510791367,"roc_auc":0.8920998873}}
{"params":{"max_depth":10},"train":{"accuracy":0.9911306935,"f1":0.9911776424,"recall":0.9964522774,"precision":0.9859585551,"roc_auc":0.9992323187},"test":{"accuracy":0.9749552773,"f1":0.6,"recall":0.8076923077,"precision":0.4772727273,"roc_auc":0.8769019442}}
{"params":{"max_depth":5},"train":{"accuracy":0.9724193179,"f1":0.9728358882,"recall":0.9877546349,"precision":0.9583610926,"roc_auc":0.9913494417},"test":{"accuracy":0.9534883721,"f1":0.4468085106,"recall":0.8076923077,"precision":0.3088235294,"roc_auc":0.9011517329}}
{"params":{"max_depth":3},"train":{"accuracy":0.9333371481,"f1":0.9356886558,"recall":0.9699015793,"precision":0.9038071878,"roc_auc":0.9755524249},"test":{"accuracy":0.8899821109,"f1":0.2545454545,"recall":0.8076923077,"precision":0.1510791367,"roc_auc":0.8928219217}}
{"params":{"max_depth":10},"train":{"accuracy":0.9911306935,"f1":0.9911786466,"recall":0.9965667201,"precision":0.9858485226,"roc_auc":0.9992849691},"test":{"accuracy":0.9749552773,"f1":0.6,"recall":0.8076923077,"precision":0.4772727273,"roc_auc":0.8762503522}}
{"params":{"max_depth":5},"train":{"accuracy":0.9725337606,"f1":0.9729486023,"recall":0.9878690776,"precision":0.9584721297,"roc_auc":0.9914296616},"test":{"accuracy":0.9534883721,"f1":0.4468085106,"recall":0.8076923077,"precision":0.3088235294,"roc_auc":0.9126338405}}
{"params":{"max_depth":10},"train":{"accuracy":0.9912451362,"f1":0.9912934616,"recall":0.9967956054,"precision":0.9858517261,"roc_auc":0.9992573735},"test":{"accuracy":0.9758497317,"f1":0.6086956522,"recall":0.8076923077,"precision":0.488372093,"roc_auc":0.8756692026}}
