{"params":{"max_depth":3},"train":{"accuracy":0.9332799268,"f1":0.935637006,"recall":0.9699015793,"precision":0.9037108125,"roc_auc":0.9701807641},"test":{"accuracy":0.8899821109,"f1":0.2545454545,"recall":0.8076923077,"precision":0.1510791367,"roc_auc":0.8852669766}}
{"params":{"max_depth":5},"train":{"accuracy":0.9716182193,"f1":0.972081504,"recall":0.9882124056,"precision":0.9564687638,"roc_auc":0.9908612988},"test":{"accuracy":0.9525939177,"f1":0.4421052632,"recall":0.8076923077,"precision":0.3043478261,"roc_auc":0.8658072697}}
{"params":{"max_depth":3},"train":{"accuracy":0.9332799268,"f1":0.935637006,"recall":0.9699015793,"precision":0.9037108125,"roc_auc":0.9709955624},"test":{"accuracy":0.8899821109,"f1":0.2545454545,"recall":0.8076923077,"precision":0.1510791367,"roc_auc":0.8926634263}}
{"params":{"max_depth":5},"train":{"accuracy":0.9717326619,"f1":0.9721407625,"recall":0.986381323,"precision":0.958305537,"roc_auc":0.9907056264},"test":{"accuracy":0.9552772809,"f1":0.4565217391,"recall":0.8076923077,"precision":0.3181818182,"roc_auc":0.8957981121}}
{"params":{"max_depth":10},"train":{"accuracy":0.9907873655,"f1":0.9908382177,"recall":0.9963378347,"precision":0.9853989813,"roc_auc":0.9992520167},"test":{"accuracy":0.9722719141,"f1":0.5753424658,"recall":0.8076923077,"precision":0.4468085106,"roc_auc":0.8794026486}}
{"params":{"max_depth":3},"train":{"accuracy":0.9332799268,"f1":0.935637006,"recall":0.9699015793,"precision":0.9037108125,"roc_auc":0.9737176096},"test":{"accuracy":0.8899821109,"f1":0.2545454545,"recall":0.8076923077,"precision":0.1510791367,"roc_auc":0.8919590025}}
{"params":{"max_depth":5},"train":{"accuracy":0.9724193179,"f1":0.9728328261,"recall":0.9876401923,"precision":0.9584629054,"roc_auc":0.9910699753},"test":{"accuracy":0.9543828265,"f1":0.4516129032,"recall":0.8076923077,"precision":0.3134328358,"roc_auc":0.9221787828}}
{"params":{"max_depth":10},"train":{"accuracy":0.9910162509,"f1":0.9910638056,"recall":0.9963378347,"precision":0.9858453176,"roc_auc":0.9992355013},"test":{"accuracy":0.9749552773,"f1":0.6,"recall":0.8076923077,"precision":0.4772727273,"roc_auc":0.8825373345}}
{"params":{"max_depth":3},"train":{"accuracy":0.9332799268,"f1":0.9356298995,"recall":0.9697871366,"precision":0.9037969283,"roc_auc":0.9743081982},"test":{"accuracy":0.8899821109,"f1":0.2545454545,"recall":0.8076923077,"precision":0.1510791367,"roc_auc":0.8934030713}}
{"params":{"max_depth":10},"train":{"accuracy":0.9911306935,"f1":0.9911786466,"recall":0.9965667201,"precision":0.9858485226,"roc_auc":0.999237086},"test":{"accuracy":0.9758497317,"f1":0.6086956522,"recall":0.8076923077,"precision":0.488372093,"roc_auc":0.8989151874}}
{"params":{"max_depth":5},"train":{"accuracy":0.9720759899,"f1":0.9724915445,"recall":0.9871824216,"precision":0.9582315041,"roc_auc":0.9911758131},"test":{"accuracy":0.9543828265,"f1":0.4516129032,"recall":0.8076923077,"precision":0.3134328358,"roc_auc":0.8956924486}}
{"params":{"max_depth":3},"train":{"accuracy":0.9332799268,"f1":0.9356298995,"recall":0.9697871366,"precision":0.9037969283,"roc_auc":0.9758696896},"test":{"accuracy":0.8899821109,"f1":0.2545454545,"recall":0.8076923077,"precision":0.1510791367,"roc_auc":0.8946358129}}
{"params":{"max_depth":10},"train":{"accuracy":0.9911879149,"f1":0.9912350598,"recall":0.9965667201,"precision":0.9859601449,"roc_auc":0.9992263922},"test":{"accuracy":0.9758497317,"f1":0.6086956522,"recall":0.8076923077,"precision":0.488372093,"roc_auc":0.8958685545}}
{"params":{"max_depth":5},"train":{"accuracy":0.9720759899,"f1":0.9724915445,"recall":0.9871824216,"precision":0.9582315041,"roc_auc":0.9912198718},"test":{"accuracy":0.9543828265,"f1":0.4516129032,"recall":0.8076923077,"precision":0.3134328358,"roc_auc":0.8951465201}}
{"params":{"max_depth":10},"train":{"accuracy":0.9910734722,"f1":0.9911212294,"recall":0.9964522774,"precision":0.9858469203,"roc_auc":0.9992162485},"test":{"accuracy":0.9758497317,"f1":0.6086956522,"recall":0.8076923077,"precision":0.488372093,"roc_auc":0.8824492815}}
