{"params":{"max_depth":3},"train":{"accuracy":0.93556878,"f1":0.9377005643,"recall":0.9697871366,"precision":0.9076692374,"roc_auc":0.9721575981},"test":{"accuracy":0.897137746,"f1":0.2675159236,"recall":0.8076923077,"precision":0.1603053435,"roc_auc":0.885249366}}
{"params":{"max_depth":5},"train":{"accuracy":0.9726482033,"f1":0.9730643525,"recall":0.9880979629,"precision":0.9584813499,"roc_auc":0.9900049892},"test":{"accuracy":0.9534883721,"f1":0.4468085106,"recall":0.8076923077,"precision":0.3088235294,"roc_auc":0.8921527191}}
{"params":{"max_depth":3},"train":{"accuracy":0.9332799268,"f1":0.9356298995,"recall":0.9697871366,"precision":0.9037969283,"roc_auc":0.9742164528},"test":{"accuracy":0.8899821109,"f1":0.2545454545,"recall":0.8076923077,"precision":0.1510791367,"roc_auc":0.8978409411}}
{"params":{"max_depth":5},"train":{"accuracy":0.9724765393,"f1":0.972902935,"recall":0.9882124056,"precision":0.9580605792,"roc_auc":0.9906072604},"test":{"accuracy":0.9525939177,"f1":0.4421052632,"recall":0.8076923077,"precision":0.3043478261,"roc_auc":0.9063996901}}
{"params":{"max_depth":3},"train":{"accuracy":0.9332799268,"f1":0.9356298995,"recall":0.9697871366,"precision":0.9037969283,"roc_auc":0.9746261767},"test":{"accuracy":0.8899821109,"f1":0.2545454545,"recall":0.8076923077,"precision":0.1510791367,"roc_auc":0.8968371372}}
{"params":{"max_depth":10},"train":{"accuracy":0.9910734722,"f1":0.9911202186,"recall":0.9963378347,"precision":0.9859569649,"roc_auc":0.9989837484},"test":{"accuracy":0.9758497317,"f1":0.6086956522,"recall":0.8076923077,"precision":0.488372093,"roc_auc":0.8749647788}}
{"params":{"max_depth":5},"train":{"accuracy":0.9717326619,"f1":0.9721658778,"recall":0.9872968643,"precision":0.9574916759,"roc_auc":0.9909962057},"test":{"accuracy":0.9534883721,"f1":0.4468085106,"recall":0.8076923077,"precision":0.3088235294,"roc_auc":0.9066286278}}
{"params":{"max_depth":10},"train":{"accuracy":0.9913023575,"f1":0.9913439636,"recall":0.9961089494,"precision":0.9866243482,"roc_auc":0.998997998},"test":{"accuracy":0.9758497317,"f1":0.6086956522,"recall":0.8076923077,"precision":0.488372093,"roc_auc":0.8750704424}}
{"params":{"max_depth":3},"train":{"accuracy":0.9332799268,"f1":0.9356298995,"recall":0.9697871366,"precision":0.9037969283,"roc_auc":0.9762858834},"test":{"accuracy":0.8899821109,"f1":0.2545454545,"recall":0.8076923077,"precision":0.1510791367,"roc_auc":0.896978022}}
{"params":{"max_depth":10},"train":{"accuracy":0.9909018082,"f1":0.9909509988,"recall":0.9963378347,"precision":0.9856220989,"roc_auc":0.9990472563},"test":{"accuracy":0.9758497317,"f1":0.6086956522,"recall":0.8076923077,"precision":0.488372093,"roc_auc":0.8784692871}}
{"params":{"max_depth":5},"train":{"accuracy":0.9720187686,"f1":0.9724584624,"recall":0.9879835203,"precision":0.957413774,"roc_auc":0.9911652503},"test":{"accuracy":0.9534883721,"f1":0.4468085106,"recall":0.8076923077,"precision":0.3088235294,"roc_auc":0.9060650888}}
{"params":{"max_depth":3},"train":{"accuracy":0.9333371481,"f1":0.9356886558,"recall":0.9699015793,"precision":0.9038071878,"roc_auc":0.9762529114},"test":{"accuracy":0.8899821109,"f1":0.2545454545,"recall":0.8076923077,"precision":0.1510791367,"roc_auc":0.8941074951}}
{"params":{"max_depth":10},"train":{"accuracy":0.9910162509,"f1":0.9910648227,"recall":0.9964522774,"precision":0.9857353108,"roc_auc":0.9991463557},"test":{"accuracy":0.9758497317,"f1":0.6086956522,"recall":0.8076923077,"precision":0.488372093,"roc_auc":0.8771308819}}
{"params":{"max_depth":5},"train":{"accuracy":0.9716182193,"f1":0.9720594863,"recall":0.9874113069,"precision":0.9571777235,"roc_auc":0.9912750631},"test":{"accuracy":0.9525939177,"f1":0.4421052632,"recall":0.8076923077,"precision":0.3043478261,"roc_auc":0.8946710341}}
{"params":{"max_depth":10},"train":{"accuracy":0.9911306935,"f1":0.9911786466,"recall":0.9965667201,"precision":0.9858485226,"roc_auc":0.9991697733},"test":{"accuracy":0.9740608229,"f1":0.5915492958,"recall":0.8076923077,"precision":0.4666666667,"roc_auc":0.8773950409}}
