{"params":{"max_depth":3},"train":{"accuracy":0.9332799268,"f1":0.9356298995,"recall":0.9697871366,"precision":0.9037969283,"roc_auc":0.9736297606},"test":{"accuracy":0.8899821109,"f1":0.2545454545,"recall":0.8076923077,"precision":0.1510791367,"roc_auc":0.8782051282}}
{"params":{"max_depth":5},"train":{"accuracy":0.9724765393,"f1":0.9729181915,"recall":0.9887846189,"precision":0.9575529203,"roc_auc":0.9912827708},"test":{"accuracy":0.9543828265,"f1":0.4516129032,"recall":0.8076923077,"precision":0.3134328358,"roc_auc":0.9050612849}}
{"params":{"max_depth":3},"train":{"accuracy":0.9333943694,"f1":0.9357403114,"recall":0.9699015793,"precision":0.9039035836,"roc_auc":0.9739541895},"test":{"accuracy":0.8908765653,"f1":0.256097561,"recall":0.8076923077,"precision":0.152173913,"roc_auc":0.8934735137}}
{"params":{"max_depth":5},"train":{"accuracy":0.9718471046,"f1":0.9722785666,"recall":0.9874113069,"precision":0.9576026637,"roc_auc":0.991220304},"test":{"accuracy":0.9534883721,"f1":0.4468085106,"recall":0.8076923077,"precision":0.3088235294,"roc_auc":0.8949880248}}
{"params":{"max_depth":3},"train":{"accuracy":0.9333371481,"f1":0.9356886558,"recall":0.9699015793,"precision":0.9038071878,"roc_auc":0.9755723587},"test":{"accuracy":0.8899821109,"f1":0.2545454545,"recall":0.8076923077,"precision":0.1510791367,"roc_auc":0.8943540434}}
{"params":{"max_depth":10},"train":{"accuracy":0.9907301442,"f1":0.9907797382,"recall":0.9961089494,"precision":0.9855072464,"roc_auc":0.9989856933},"test":{"accuracy":0.9731663685,"f1":0.5833333333,"recall":0.8076923077,"precision":0.4565217391,"roc_auc":0.8831360947}}
{"params":{"max_depth":5},"train":{"accuracy":0.9717326619,"f1":0.9721752844,"recall":0.9876401923,"precision":0.9571872227,"roc_auc":0.9913246881},"test":{"accuracy":0.9516994633,"f1":0.4375,"recall":0.8076923077,"precision":0.3,"roc_auc":0.8936672302}}
{"params":{"max_depth":10},"train":{"accuracy":0.9909590295,"f1":0.9910084225,"recall":0.9964522774,"precision":0.9856237265,"roc_auc":0.9991000443},"test":{"accuracy":0.9740608229,"f1":0.5915492958,"recall":0.8076923077,"precision":0.4666666667,"roc_auc":0.8751056636}}
{"params":{"max_depth":3},"train":{"accuracy":0.9333371481,"f1":0.9356886558,"recall":0.9699015793,"precision":0.9038071878,"roc_auc":0.9756914836},"test":{"accuracy":0.8899821109,"f1":0.2545454545,"recall":0.8076923077,"precision":0.1510791367,"roc_auc":0.8940018315}}
{"params":{"max_depth":10},"train":{"accuracy":0.9909590295,"f1":0.9910094458,"recall":0.9965667201,"precision":0.9855138072,"roc_auc":0.9992206295},"test":{"accuracy":0.9731663685,"f1":0.5833333333,"recall":0.8076923077,"precision":0.4565217391,"roc_auc":0.8716715976}}
{"params":{"max_depth":5},"train":{"accuracy":0.9719043259,"f1":0.9723395865,"recall":0.9876401923,"precision":0.9575058249,"roc_auc":0.9912797781},"test":{"accuracy":0.9516994633,"f1":0.4375,"recall":0.8076923077,"precision":0.3,"roc_auc":0.896801916}}
{"params":{"max_depth":3},"train":{"accuracy":0.9332799268,"f1":0.9356298995,"recall":0.9697871366,"precision":0.9037969283,"roc_auc":0.9757066108},"test":{"accuracy":0.8899821109,"f1":0.2545454545,"recall":0.8076923077,"precision":0.1510791367,"roc_auc":0.8937024514}}
{"params":{"max_depth":10},"train":{"accuracy":0.9913023575,"f1":0.9913498748,"recall":0.9967956054,"precision":0.9859633235,"roc_auc":0.9992160324},"test":{"accuracy":0.9749552773,"f1":0.6,"recall":0.8076923077,"precision":0.4772727273,"roc_auc":0.8707030149}}
{"params":{"max_depth":5},"train":{"accuracy":0.9720187686,"f1":0.9724398354,"recall":0.9872968643,"precision":0.9580233204,"roc_auc":0.9914092562},"test":{"accuracy":0.9525939177,"f1":0.4421052632,"recall":0.8076923077,"precision":0.3043478261,"roc_auc":0.8962735982}}
{"params":{"max_depth":10},"train":{"accuracy":0.9914168002,"f1":0.9914627205,"recall":0.9967956054,"precision":0.9861865942,"roc_auc":0.9992244276},"test":{"accuracy":0.9749552773,"f1":0.6,"recall":0.8076923077,"precision":0.4772727273,"roc_auc":0.872305579}}
