{"params":{"max_depth":3},"train":{"accuracy":0.9511173184,"f1":0.952120383,"recall":0.9720670391,"precision":0.9329758713,"roc_auc":0.9893008177},"test":{"accuracy":0.9468085106,"f1":0.5454545455,"recall":0.75,"precision":0.4285714286,"roc_auc":0.8152777778}}
{"params":{"max_depth":5},"train":{"accuracy":0.9846368715,"f1":0.9847434119,"recall":0.9916201117,"precision":0.9779614325,"roc_auc":0.9978231017},"test":{"accuracy":0.9468085106,"f1":0.5454545455,"recall":0.75,"precision":0.4285714286,"roc_auc":0.9291666667}}
{"params":{"max_depth":3},"train":{"accuracy":0.9518156425,"f1":0.9527073338,"recall":0.9706703911,"precision":0.935397039,"roc_auc":0.989987438},"test":{"accuracy":0.9468085106,"f1":0.5454545455,"recall":0.75,"precision":0.4285714286,"roc_auc":0.8138888889}}
{"params":{"max_depth":5},"train":{"accuracy":0.9860335196,"f1":0.9861303745,"recall":0.9930167598,"precision":0.979338843,"roc_auc":0.9983936597},"test":{"accuracy":0.9574468085,"f1":0.6,"recall":0.75,"precision":0.5,"roc_auc":0.9041666667}}
{"params":{"max_depth":10},"train":{"accuracy":0.9930167598,"f1":0.9930458971,"recall":0.9972067039,"precision":0.9889196676,"roc_auc":0.9997054555},"test":{"accuracy":0.9574468085,"f1":0.6,"recall":0.75,"precision":0.5,"roc_auc":0.9430555556}}
{"params":{"max_depth":3},"train":{"accuracy":0.9532122905,"f1":0.9540781357,"recall":0.9720670391,"precision":0.9367429341,"roc_auc":0.9915099014},"test":{"accuracy":0.9468085106,"f1":0.5454545455,"recall":0.75,"precision":0.4285714286,"roc_auc":0.8027777778}}
{"params":{"max_depth":5},"train":{"accuracy":0.9832402235,"f1":0.9834024896,"recall":0.9930167598,"precision":0.9739726027,"roc_auc":0.9989252052},"test":{"accuracy":0.9574468085,"f1":0.6,"recall":0.75,"precision":0.5,"roc_auc":0.8875}}
{"params":{"max_depth":10},"train":{"accuracy":0.9944134078,"f1":0.9944211994,"recall":0.9958100559,"precision":0.9930362117,"roc_auc":0.9998049374},"test":{"accuracy":0.9574468085,"f1":0.6,"recall":0.75,"precision":0.5,"roc_auc":0.9277777778}}
{"params":{"max_depth":3},"train":{"accuracy":0.9539106145,"f1":0.9548563611,"recall":0.9748603352,"precision":0.9356568365,"roc_auc":0.991462111},"test":{"accuracy":0.9468085106,"f1":0.5454545455,"recall":0.75,"precision":0.4285714286,"roc_auc":0.7972222222}}
{"params":{"max_depth":10},"train":{"accuracy":0.9937150838,"f1":0.993736952,"recall":0.9972067039,"precision":0.9902912621,"roc_auc":0.9998010362},"test":{"accuracy":0.9574468085,"f1":0.6,"recall":0.75,"precision":0.5,"roc_auc":0.9055555556}}
{"params":{"max_depth":5},"train":{"accuracy":0.9846368715,"f1":0.9847645429,"recall":0.9930167598,"precision":0.9766483516,"roc_auc":0.9988744889},"test":{"accuracy":0.9574468085,"f1":0.6,"recall":0.75,"precision":0.5,"roc_auc":0.8861111111}}
{"params":{"max_depth":3},"train":{"accuracy":0.9497206704,"f1":0.9508196721,"recall":0.9720670391,"precision":0.9304812834,"roc_auc":0.9913411722},"test":{"accuracy":0.9361702128,"f1":0.5,"recall":0.75,"precision":0.375,"roc_auc":0.8611111111}}
{"params":{"max_depth":10},"train":{"accuracy":0.9951117318,"f1":0.9951219512,"recall":0.9972067039,"precision":0.9930458971,"roc_auc":0.9998146906},"test":{"accuracy":0.9574468085,"f1":0.6,"recall":0.75,"precision":0.5,"roc_auc":0.8944444444}}
{"params":{"max_depth":5},"train":{"accuracy":0.9846368715,"f1":0.9847856155,"recall":0.9944134078,"precision":0.9753424658,"roc_auc":0.9988413283},"test":{"accuracy":0.9468085106,"f1":0.5454545455,"recall":0.75,"precision":0.4285714286,"roc_auc":0.8888888889}}
{"params":{"max_depth":10},"train":{"accuracy":0.9944134078,"f1":0.9944289694,"recall":0.9972067039,"precision":0.9916666667,"roc_auc":0.9997834805},"test":{"accuracy":0.9574468085,"f1":0.6,"recall":0.75,"precision":0.5,"roc_auc":0.9027777778}}
