{"params":{"max_depth":3},"train":{"accuracy":0.9525139665,"f1":0.9534246575,"recall":0.9720670391,"precision":0.935483871,"roc_auc":0.9900127961},"test":{"accuracy":0.9468085106,"f1":0.5454545455,"recall":0.75,"precision":0.4285714286,"roc_auc":0.8083333333}}
{"params":{"max_depth":5},"train":{"accuracy":0.9825418994,"f1":0.9826509368,"recall":0.9888268156,"precision":0.9765517241,"roc_auc":0.9989008224},"test":{"accuracy":0.9574468085,"f1":0.6,"recall":0.75,"precision":0.5,"roc_auc":0.8625}}
{"params":{"max_depth":3},"train":{"accuracy":0.9539106145,"f1":0.9547325103,"recall":0.9720670391,"precision":0.9380053908,"roc_auc":0.9903219703},"test":{"accuracy":0.9574468085,"f1":0.6,"recall":0.75,"precision":0.5,"roc_auc":0.8027777778}}
{"params":{"max_depth":5},"train":{"accuracy":0.9853351955,"f1":0.9854065323,"recall":0.9902234637,"precision":0.9806362379,"roc_auc":0.9989856746},"test":{"accuracy":0.9574468085,"f1":0.6,"recall":0.75,"precision":0.5,"roc_auc":0.8888888889}}
{"params":{"max_depth":10},"train":{"accuracy":0.9909217877,"f1":0.9909533751,"recall":0.9944134078,"precision":0.987517337,"roc_auc":0.9997581224},"test":{"accuracy":0.9574468085,"f1":0.6,"recall":0.75,"precision":0.5,"roc_auc":0.8166666667}}
{"params":{"max_depth":3},"train":{"accuracy":0.9532122905,"f1":0.95395189,"recall":0.969273743,"precision":0.9391069012,"roc_auc":0.9917586062},"test":{"accuracy":0.9574468085,"f1":0.6,"recall":0.75,"precision":0.5,"roc_auc":0.8}}
{"params":{"max_depth":5},"train":{"accuracy":0.9846368715,"f1":0.9847222222,"recall":0.9902234637,"precision":0.979281768,"roc_auc":0.9989135015},"test":{"accuracy":0.9574468085,"f1":0.6,"recall":0.75,"precision":0.5,"roc_auc":0.9027777778}}
{"params":{"max_depth":10},"train":{"accuracy":0.9916201117,"f1":0.991643454,"recall":0.9944134078,"precision":0.9888888889,"roc_auc":0.9997522705},"test":{"accuracy":0.9574468085,"f1":0.6,"recall":0.75,"precision":0.5,"roc_auc":0.8916666667}}
{"params":{"max_depth":10},"train":{"accuracy":0.9923184358,"f1":0.9923451635,"recall":0.9958100559,"precision":0.9889042996,"roc_auc":0.9997542212},"test":{"accuracy":0.9574468085,"f1":0.6,"recall":0.75,"precision":0.5,"roc_auc":0.9027777778}}
{"params":{"max_depth":3},"train":{"accuracy":0.9518156425,"f1":0.9525773196,"recall":0.967877095,"precision":0.9377537212,"roc_auc":0.9923964608},"test":{"accuracy":0.9468085106,"f1":0.5454545455,"recall":0.75,"precision":0.4285714286,"roc_auc":0.7972222222}}
{"params":{"max_depth":5},"train":{"accuracy":0.9867318436,"f1":0.9868329868,"recall":0.9944134078,"precision":0.9793672627,"roc_auc":0.9988998471},"test":{"accuracy":0.9574468085,"f1":0.6,"recall":0.75,"precision":0.5,"roc_auc":0.9027777778}}
{"params":{"max_depth":3},"train":{"accuracy":0.9532122905,"f1":0.9540150995,"recall":0.9706703911,"precision":0.9379217274,"roc_auc":0.9928216972},"test":{"accuracy":0.9468085106,"f1":0.5454545455,"recall":0.75,"precision":0.4285714286,"roc_auc":0.85}}
{"params":{"max_depth":10},"train":{"accuracy":0.9944134078,"f1":0.9944289694,"recall":0.9972067039,"precision":0.9916666667,"roc_auc":0.9998088387},"test":{"accuracy":0.9574468085,"f1":0.6,"recall":0.75,"precision":0.5,"roc_auc":0.9027777778}}
{"params":{"max_depth":5},"train":{"accuracy":0.9860335196,"f1":0.9861303745,"recall":0.9930167598,"precision":0.979338843,"roc_auc":0.998983724},"test":{"accuracy":0.9574468085,"f1":0.6,"recall":0.75,"precision":0.5,"roc_auc":0.9027777778}}
{"params":{"max_depth":10},"train":{"accuracy":0.9944134078,"f1":0.9944289694,"recall":0.9972067039,"precision":0.9916666667,"roc_auc":0.9997971349},"test":{"accuracy":0.9574468085,"f1":0.6,"recall":0.75,"precision":0.5,"roc_auc":0.9055555556}}
