{"params":{"max_depth":5},"train":{"accuracy":0.9839385475,"f1":0.9840609841,"recall":0.9916201117,"precision":0.9766162311,"roc_auc":0.9978299288},"test":{"accuracy":0.9574468085,"f1":0.6,"recall":0.75,"precision":0.5,"roc_auc":0.8125}}
{"params":{"max_depth":3},"train":{"accuracy":0.9518156425,"f1":0.9526424159,"recall":0.969273743,"precision":0.9365721997,"roc_auc":0.9902205377},"test":{"accuracy":0.9468085106,"f1":0.5454545455,"recall":0.75,"precision":0.4285714286,"roc_auc":0.8125}}
{"params":{"max_depth":3},"train":{"accuracy":0.9518156425,"f1":0.9527073338,"recall":0.9706703911,"precision":0.935397039,"roc_auc":0.9901951796},"test":{"accuracy":0.9574468085,"f1":0.6,"recall":0.75,"precision":0.5,"roc_auc":0.8111111111}}
{"params":{"max_depth":5},"train":{"accuracy":0.9839385475,"f1":0.9840388619,"recall":0.9902234637,"precision":0.9779310345,"roc_auc":0.9987457476},"test":{"accuracy":0.9574468085,"f1":0.6,"recall":0.75,"precision":0.5,"roc_auc":0.8027777778}}
{"params":{"max_depth":10},"train":{"accuracy":0.9895251397,"f1":0.9895324494,"recall":0.9902234637,"precision":0.9888423989,"roc_auc":0.999682048},"test":{"accuracy":0.9574468085,"f1":0.6,"recall":0.75,"precision":0.5,"roc_auc":0.8125}}
{"params":{"max_depth":3},"train":{"accuracy":0.9497206704,"f1":0.9506849315,"recall":0.969273743,"precision":0.9327956989,"roc_auc":0.9901005743},"test":{"accuracy":0.9574468085,"f1":0.6,"recall":0.75,"precision":0.5,"roc_auc":0.8027777778}}
{"params":{"max_depth":5},"train":{"accuracy":0.9853351955,"f1":0.9854469854,"recall":0.9930167598,"precision":0.9779917469,"roc_auc":0.9987555008},"test":{"accuracy":0.9574468085,"f1":0.6,"recall":0.75,"precision":0.5,"roc_auc":0.8}}
{"params":{"max_depth":10},"train":{"accuracy":0.9909217877,"f1":0.9909281228,"recall":0.9916201117,"precision":0.990237099,"roc_auc":0.9997210605},"test":{"accuracy":0.9574468085,"f1":0.6,"recall":0.75,"precision":0.5,"roc_auc":0.8069444444}}
{"params":{"max_depth":3},"train":{"accuracy":0.9504189944,"f1":0.9514031485,"recall":0.9706703911,"precision":0.932885906,"roc_auc":0.9909295902},"test":{"accuracy":0.9574468085,"f1":0.6,"recall":0.75,"precision":0.5,"roc_auc":0.8541666667}}
{"params":{"max_depth":10},"train":{"accuracy":0.9909217877,"f1":0.9909281228,"recall":0.9916201117,"precision":0.990237099,"roc_auc":0.9997054555},"test":{"accuracy":0.9574468085,"f1":0.6,"recall":0.75,"precision":0.5,"roc_auc":0.8097222222}}
{"params":{"max_depth":5},"train":{"accuracy":0.9846368715,"f1":0.9847645429,"recall":0.9930167598,"precision":0.9766483516,"roc_auc":0.9988042664},"test":{"accuracy":0.9574468085,"f1":0.6,"recall":0.75,"precision":0.5,"roc_auc":0.8861111111}}
{"params":{"max_depth":3},"train":{"accuracy":0.9504189944,"f1":0.9514031485,"recall":0.9706703911,"precision":0.932885906,"roc_auc":0.9918892981},"test":{"accuracy":0.9574468085,"f1":0.6,"recall":0.75,"precision":0.5,"roc_auc":0.8569444444}}
{"params":{"max_depth":10},"train":{"accuracy":0.9930167598,"f1":0.9930362117,"recall":0.9958100559,"precision":0.9902777778,"roc_auc":0.9997659249},"test":{"accuracy":0.9574468085,"f1":0.6,"recall":0.75,"precision":0.5,"roc_auc":0.8972222222}}
{"params":{"max_depth":5},"train":{"accuracy":0.9832402235,"f1":0.9833795014,"recall":0.9916201117,"precision":0.9752747253,"roc_auc":0.998775007},"test":{"accuracy":0.9574468085,"f1":0.6,"recall":0.75,"precision":0.5,"roc_auc":0.8861111111}}
{"params":{"max_depth":10},"train":{"accuracy":0.9930167598,"f1":0.9930362117,"recall":0.9958100559,"precision":0.9902777778,"roc_auc":0.9997522705},"test":{"accuracy":0.9574468085,"f1":0.6,"recall":0.75,"precision":0.5,"roc_auc":0.8944444444}}
