{"params":{"max_depth":3},"train":{"accuracy":0.9560055866,"f1":0.956937799,"recall":0.9776536313,"precision":0.93708166,"roc_auc":0.9891857308},"test":{"accuracy":0.9468085106,"f1":0.5454545455,"recall":0.75,"precision":0.4285714286,"roc_auc":0.8194444444}}
{"params":{"max_depth":5},"train":{"accuracy":0.9874301676,"f1":0.987517337,"recall":0.9944134078,"precision":0.9807162534,"roc_auc":0.9982844246},"test":{"accuracy":0.9468085106,"f1":0.5454545455,"recall":0.75,"precision":0.4285714286,"roc_auc":0.8958333333}}
{"params":{"max_depth":3},"train":{"accuracy":0.9546089385,"f1":0.955570745,"recall":0.9762569832,"precision":0.9357429719,"roc_auc":0.9904594894},"test":{"accuracy":0.9468085106,"f1":0.5454545455,"recall":0.75,"precision":0.4285714286,"roc_auc":0.8125}}
{"params":{"max_depth":5},"train":{"accuracy":0.9888268156,"f1":0.9889196676,"recall":0.9972067039,"precision":0.9807692308,"roc_auc":0.9976124341},"test":{"accuracy":0.9468085106,"f1":0.5454545455,"recall":0.75,"precision":0.4285714286,"roc_auc":0.8111111111}}
{"params":{"max_depth":3},"train":{"accuracy":0.9525139665,"f1":0.9533607682,"recall":0.9706703911,"precision":0.9366576819,"roc_auc":0.9911051465},"test":{"accuracy":0.9468085106,"f1":0.5454545455,"recall":0.75,"precision":0.4285714286,"roc_auc":0.8638888889}}
{"params":{"max_depth":10},"train":{"accuracy":0.9923184358,"f1":0.9923558026,"recall":0.9972067039,"precision":0.9875518672,"roc_auc":0.9996449861},"test":{"accuracy":0.9574468085,"f1":0.6,"recall":0.75,"precision":0.5,"roc_auc":0.8166666667}}
{"params":{"max_depth":10},"train":{"accuracy":0.9937150838,"f1":0.993736952,"recall":0.9972067039,"precision":0.9902912621,"roc_auc":0.9997015543},"test":{"accuracy":0.9574468085,"f1":0.6,"recall":0.75,"precision":0.5,"roc_auc":0.9027777778}}
{"params":{"max_depth":5},"train":{"accuracy":0.9853351955,"f1":0.985426787,"recall":0.9916201117,"precision":0.9793103448,"roc_auc":0.9984297463},"test":{"accuracy":0.9574468085,"f1":0.6,"recall":0.75,"precision":0.5,"roc_auc":0.925}}
{"params":{"max_depth":10},"train":{"accuracy":0.9937150838,"f1":0.993736952,"recall":0.9972067039,"precision":0.9902912621,"roc_auc":0.9997581224},"test":{"accuracy":0.9574468085,"f1":0.6,"recall":0.75,"precision":0.5,"roc_auc":0.925}}
{"params":{"max_depth":3},"train":{"accuracy":0.9497206704,"f1":0.950752394,"recall":0.9706703911,"precision":0.9316353887,"roc_auc":0.9913704316},"test":{"accuracy":0.9468085106,"f1":0.5454545455,"recall":0.75,"precision":0.4285714286,"roc_auc":0.8597222222}}
{"params":{"max_depth":5},"train":{"accuracy":0.9846368715,"f1":0.9847645429,"recall":0.9930167598,"precision":0.9766483516,"roc_auc":0.9987613526},"test":{"accuracy":0.9574468085,"f1":0.6,"recall":0.75,"precision":0.5,"roc_auc":0.9194444444}}
{"params":{"max_depth":3},"train":{"accuracy":0.9511173184,"f1":0.952120383,"recall":0.9720670391,"precision":0.9329758713,"roc_auc":0.9924423005},"test":{"accuracy":0.9468085106,"f1":0.5454545455,"recall":0.75,"precision":0.4285714286,"roc_auc":0.8597222222}}
{"params":{"max_depth":10},"train":{"accuracy":0.9930167598,"f1":0.9930458971,"recall":0.9972067039,"precision":0.9889196676,"roc_auc":0.9997815299},"test":{"accuracy":0.9574468085,"f1":0.6,"recall":0.75,"precision":0.5,"roc_auc":0.9222222222}}
{"params":{"max_depth":5},"train":{"accuracy":0.9846368715,"f1":0.9847645429,"recall":0.9930167598,"precision":0.9766483516,"roc_auc":0.9987984145},"test":{"accuracy":0.9574468085,"f1":0.6,"recall":0.75,"precision":0.5,"roc_auc":0.9}}
{"params":{"max_depth":10},"train":{"accuracy":0.9937150838,"f1":0.993736952,"recall":0.9972067039,"precision":0.9902912621,"roc_auc":0.9997795793},"test":{"accuracy":0.9574468085,"f1":0.6,"recall":0.75,"precision":0.5,"roc_auc":0.9083333333}}
