{"params":{"max_depth":5},"train":{"accuracy":0.9818435754,"f1":0.9819944598,"recall":0.9902234637,"precision":0.9739010989,"roc_auc":0.9983965856},"test":{"accuracy":0.9468085106,"f1":0.5454545455,"recall":0.75,"precision":0.4285714286,"roc_auc":0.8638888889}}
{"params":{"max_depth":3},"train":{"accuracy":0.9518156425,"f1":0.9529010239,"recall":0.9748603352,"precision":0.9319092123,"roc_auc":0.988538123},"test":{"accuracy":0.9361702128,"f1":0.5,"recall":0.75,"precision":0.375,"roc_auc":0.8263888889}}
{"params":{"max_depth":3},"train":{"accuracy":0.9504189944,"f1":0.9515358362,"recall":0.9734636872,"precision":0.9305740988,"roc_auc":0.9900469321},"test":{"accuracy":0.9361702128,"f1":0.5,"recall":0.75,"precision":0.375,"roc_auc":0.8152777778}}
{"params":{"max_depth":5},"train":{"accuracy":0.9839385475,"f1":0.984083045,"recall":0.9930167598,"precision":0.975308642,"roc_auc":0.9983683016},"test":{"accuracy":0.9574468085,"f1":0.6,"recall":0.75,"precision":0.5,"roc_auc":0.8611111111}}
{"params":{"max_depth":10},"train":{"accuracy":0.9916201117,"f1":0.9916550765,"recall":0.9958100559,"precision":0.987534626,"roc_auc":0.9997425174},"test":{"accuracy":0.9468085106,"f1":0.5454545455,"recall":0.75,"precision":0.4285714286,"roc_auc":0.8930555556}}
{"params":{"max_depth":3},"train":{"accuracy":0.9532122905,"f1":0.9542662116,"recall":0.9762569832,"precision":0.9332443258,"roc_auc":0.9908271824},"test":{"accuracy":0.9468085106,"f1":0.5454545455,"recall":0.75,"precision":0.4285714286,"roc_auc":0.8041666667}}
{"params":{"max_depth":5},"train":{"accuracy":0.9825418994,"f1":0.9826749827,"recall":0.9902234637,"precision":0.9752407153,"roc_auc":0.9988510814},"test":{"accuracy":0.9468085106,"f1":0.5454545455,"recall":0.75,"precision":0.4285714286,"roc_auc":0.8583333333}}
{"params":{"max_depth":10},"train":{"accuracy":0.9923184358,"f1":0.9923451635,"recall":0.9958100559,"precision":0.9889042996,"roc_auc":0.999760073},"test":{"accuracy":0.9574468085,"f1":0.6,"recall":0.75,"precision":0.5,"roc_auc":0.8888888889}}
{"params":{"max_depth":3},"train":{"accuracy":0.9490223464,"f1":0.9501706485,"recall":0.9720670391,"precision":0.9292389853,"roc_auc":0.9919712244},"test":{"accuracy":0.9468085106,"f1":0.5454545455,"recall":0.75,"precision":0.4285714286,"roc_auc":0.8027777778}}
{"params":{"max_depth":10},"train":{"accuracy":0.9923184358,"f1":0.9923451635,"recall":0.9958100559,"precision":0.9889042996,"roc_auc":0.9997815299},"test":{"accuracy":0.9468085106,"f1":0.5454545455,"recall":0.75,"precision":0.4285714286,"roc_auc":0.8944444444}}
{"params":{"max_depth":5},"train":{"accuracy":0.9832402235,"f1":0.9833795014,"recall":0.9916201117,"precision":0.9752747253,"roc_auc":0.9988666864},"test":{"accuracy":0.9468085106,"f1":0.5454545455,"recall":0.75,"precision":0.4285714286,"roc_auc":0.8722222222}}
{"params":{"max_depth":3},"train":{"accuracy":0.9483240223,"f1":0.9494535519,"recall":0.9706703911,"precision":0.929144385,"roc_auc":0.9923896336},"test":{"accuracy":0.9468085106,"f1":0.5454545455,"recall":0.75,"precision":0.4285714286,"roc_auc":0.8652777778}}
{"params":{"max_depth":10},"train":{"accuracy":0.9930167598,"f1":0.9930362117,"recall":0.9958100559,"precision":0.9902777778,"roc_auc":0.9997815299},"test":{"accuracy":0.9468085106,"f1":0.5454545455,"recall":0.75,"precision":0.4285714286,"roc_auc":0.8944444444}}
{"params":{"max_depth":5},"train":{"accuracy":0.9846368715,"f1":0.9847645429,"recall":0.9930167598,"precision":0.9766483516,"roc_auc":0.9988432789},"test":{"accuracy":0.9468085106,"f1":0.5454545455,"recall":0.75,"precision":0.4285714286,"roc_auc":0.8861111111}}
{"params":{"max_depth":10},"train":{"accuracy":0.9944134078,"f1":0.9944289694,"recall":0.9972067039,"precision":0.9916666667,"roc_auc":0.9997854312},"test":{"accuracy":0.9468085106,"f1":0.5454545455,"recall":0.75,"precision":0.4285714286,"roc_auc":0.8944444444}}
