{"params":{"max_depth":3,"n_estimators":25},"train":{"accuracy":0.9344929682,"f1":0.9359391965,"recall":0.9570688379,"precision":0.9157223796,"roc_auc":0.9562881628},"test":{"accuracy":0.8861209964,"f1":0.5675675676,"recall":0.75,"precision":0.4565217391,"roc_auc":0.9080851214}}
{"params":{"max_depth":5,"n_estimators":25},"train":{"accuracy":0.9657044165,"f1":0.9663601162,"recall":0.985196151,"precision":0.948230824,"roc_auc":0.9957839955},"test":{"accuracy":0.9323843416,"f1":0.7121212121,"recall":0.8392857143,"precision":0.6184210526,"roc_auc":0.9706909938}}
{"params":{"max_depth":3,"n_estimators":50},"train":{"accuracy":0.9344929682,"f1":0.9357220675,"recall":0.9536146065,"precision":0.9184885932,"roc_auc":0.9701951243},"test":{"accuracy":0.8896797153,"f1":0.5753424658,"recall":0.75,"precision":0.4666666667,"roc_auc":0.9276891587}}
{"params":{"max_depth":5,"n_estimators":50},"train":{"accuracy":0.9679249938,"f1":0.968469561,"recall":0.985196151,"precision":0.9523014548,"roc_auc":0.9962056538},"test":{"accuracy":0.9341637011,"f1":0.7131782946,"recall":0.8214285714,"precision":0.6301369863,"roc_auc":0.9697028515}}
{"params":{"max_depth":3,"n_estimators":100},"train":{"accuracy":0.9330125833,"f1":0.9341738393,"recall":0.9506538367,"precision":0.9182554814,"roc_auc":0.9702247101},"test":{"accuracy":0.8896797153,"f1":0.5753424658,"recall":0.75,"precision":0.4666666667,"roc_auc":0.9265422078}}
{"params":{"max_depth":10,"n_estimators":25},"train":{"accuracy":0.9946952874,"f1":0.9946893911,"recall":0.9935849988,"precision":0.9957962413,"roc_auc":0.9998541104},"test":{"accuracy":0.9768683274,"f1":0.8785046729,"recall":0.8392857143,"precision":0.9215686275,"roc_auc":0.97983131}}
{"params":{"max_depth":5,"n_estimators":100},"train":{"accuracy":0.9678016284,"f1":0.9683444512,"recall":0.9849494202,"precision":0.9522900763,"roc_auc":0.9962637905},"test":{"accuracy":0.9377224199,"f1":0.7244094488,"recall":0.8214285714,"precision":0.6478873239,"roc_auc":0.9715379729}}
{"params":{"max_depth":10,"n_estimators":50},"train":{"accuracy":0.9956822107,"f1":0.9956763434,"recall":0.9943251912,"precision":0.9970311727,"roc_auc":0.9998675032},"test":{"accuracy":0.9768683274,"f1":0.8785046729,"recall":0.8392857143,"precision":0.9215686275,"roc_auc":0.9789666855}}
{"params":{"max_depth":3,"n_estimators":250},"train":{"accuracy":0.9274611399,"f1":0.9282226563,"recall":0.938070565,"precision":0.918579367,"roc_auc":0.9712854456},"test":{"accuracy":0.8932384342,"f1":0.5833333333,"recall":0.75,"precision":0.4772727273,"roc_auc":0.9252011575}}
{"params":{"max_depth":10,"n_estimators":100},"train":{"accuracy":0.9960523069,"f1":0.9960474308,"recall":0.9948186528,"precision":0.9972792481,"roc_auc":0.9998733777},"test":{"accuracy":0.9768683274,"f1":0.8785046729,"recall":0.8392857143,"precision":0.9215686275,"roc_auc":0.9802195088}}
{"params":{"max_depth":5,"n_estimators":250},"train":{"accuracy":0.9678016284,"f1":0.9683367706,"recall":0.9847026894,"precision":0.9525059666,"roc_auc":0.9965404115},"test":{"accuracy":0.9341637011,"f1":0.7131782946,"recall":0.8214285714,"precision":0.6301369863,"roc_auc":0.9753317335}}
{"params":{"max_depth":3,"n_estimators":500},"train":{"accuracy":0.9280779669,"f1":0.9288764182,"recall":0.9393042191,"precision":0.9186776062,"roc_auc":0.9712671828},"test":{"accuracy":0.8932384342,"f1":0.5833333333,"recall":0.75,"precision":0.4772727273,"roc_auc":0.9251305759}}
{"params":{"max_depth":10,"n_estimators":250},"train":{"accuracy":0.9956822107,"f1":0.9956752749,"recall":0.9940784604,"precision":0.9972772277,"roc_auc":0.9998725863},"test":{"accuracy":0.9768683274,"f1":0.8761904762,"recall":0.8214285714,"precision":0.9387755102,"roc_auc":0.9874011858}}
{"params":{"max_depth":5,"n_estimators":500},"train":{"accuracy":0.9668147052,"f1":0.9673978912,"recall":0.9847026894,"precision":0.9506908051,"roc_auc":0.9965352979},"test":{"accuracy":0.9341637011,"f1":0.7131782946,"recall":0.8214285714,"precision":0.6301369863,"roc_auc":0.9752611519}}
{"params":{"max_depth":10,"n_estimators":500},"train":{"accuracy":0.9955588453,"f1":0.9955511616,"recall":0.9938317296,"precision":0.9972765536,"roc_auc":0.9998775173},"test":{"accuracy":0.9733096085,"f1":0.8571428571,"recall":0.8035714286,"precision":0.9183673469,"roc_auc":0.9886010728}}
