{"params":{"max_depth":3,"n_estimators":25},"train":{"accuracy":0.9946952874,"f1":0.9946985575,"recall":0.9953121145,"precision":0.9940857565,"roc_auc":0.9999043028},"test":{"accuracy":0.9768683274,"f1":0.8737864078,"recall":0.8035714286,"precision":0.9574468085,"roc_auc":0.9909655562}}
{"params":{"max_depth":5,"n_estimators":25},"train":{"accuracy":0.9998766346,"f1":0.9998766498,"recall":1.0,"precision":0.99975333,"roc_auc":0.9999999391},"test":{"accuracy":0.9911032028,"f1":0.953271028,"recall":0.9107142857,"precision":1.0,"roc_auc":0.9986942405}}
{"params":{"max_depth":3,"n_estimators":100},"train":{"accuracy":1.0,"f1":1.0,"recall":1.0,"precision":1.0,"roc_auc":1.0},"test":{"accuracy":0.9893238434,"f1":0.9433962264,"recall":0.8928571429,"precision":1.0,"roc_auc":0.9982001694}}
{"params":{"max_depth":3,"n_estimators":50},"train":{"accuracy":0.9997532692,"f1":0.9997532692,"recall":0.9997532692,"precision":0.9997532692,"roc_auc":0.9999998174},"test":{"accuracy":0.9822064057,"f1":0.9056603774,"recall":0.8571428571,"precision":0.96,"roc_auc":0.9964356296}}
{"params":{"max_depth":5,"n_estimators":50},"train":{"accuracy":1.0,"f1":1.0,"recall":1.0,"precision":1.0,"roc_auc":1.0},"test":{"accuracy":0.9911032028,"f1":0.953271028,"recall":0.9107142857,"precision":1.0,"roc_auc":0.9992588933}}
{"params":{"max_depth":5,"n_estimators":100},"train":{"accuracy":1.0,"f1":1.0,"recall":1.0,"precision":1.0,"roc_auc":1.0},"test":{"accuracy":0.9928825623,"f1":0.962962963,"recall":0.9285714286,"precision":1.0,"roc_auc":0.9994000565}}
{"params":{"max_depth":10,"n_estimators":25},"train":{"accuracy":1.0,"f1":1.0,"recall":1.0,"precision":1.0,"roc_auc":1.0},"test":{"accuracy":0.987544484,"f1":0.9333333333,"recall":0.875,"precision":1.0,"roc_auc":0.9987295313}}
{"params":{"max_depth":3,"n_estimators":250},"train":{"accuracy":1.0,"f1":1.0,"recall":1.0,"precision":1.0,"roc_auc":1.0},"test":{"accuracy":0.987544484,"f1":0.9333333333,"recall":0.875,"precision":1.0,"roc_auc":0.9985530774}}
{"params":{"max_depth":10,"n_estimators":50},"train":{"accuracy":1.0,"f1":1.0,"recall":1.0,"precision":1.0,"roc_auc":1.0},"test":{"accuracy":0.9893238434,"f1":0.9433962264,"recall":0.8928571429,"precision":1.0,"roc_auc":0.9990118577}}
{"params":{"max_depth":5,"n_estimators":250},"train":{"accuracy":1.0,"f1":1.0,"recall":1.0,"precision":1.0,"roc_auc":1.0},"test":{"accuracy":0.9911032028,"f1":0.953271028,"recall":0.9107142857,"precision":1.0,"roc_auc":0.9994000565}}
{"params":{"max_depth":10,"n_estimators":100},"train":{"accuracy":1.0,"f1":1.0,"recall":1.0,"precision":1.0,"roc_auc":1.0},"test":{"accuracy":0.9911032028,"f1":0.953271028,"recall":0.9107142857,"precision":1.0,"roc_auc":0.9990471485}}
{"params":{"max_depth":3,"n_estimators":500},"train":{"accuracy":1.0,"f1":1.0,"recall":1.0,"precision":1.0,"roc_auc":1.0},"test":{"accuracy":0.9893238434,"f1":0.9433962264,"recall":0.8928571429,"precision":1.0,"roc_auc":0.9985177866}}
{"params":{"max_depth":5,"n_estimators":500},"train":{"accuracy":1.0,"f1":1.0,"recall":1.0,"precision":1.0,"roc_auc":1.0},"test":{"accuracy":0.9911032028,"f1":0.953271028,"recall":0.9107142857,"precision":1.0,"roc_auc":0.9994000565}}
{"params":{"max_depth":10,"n_estimators":250},"train":{"accuracy":1.0,"f1":1.0,"recall":1.0,"precision":1.0,"roc_auc":1.0},"test":{"accuracy":0.9928825623,"f1":0.962962963,"recall":0.9285714286,"precision":1.0,"roc_auc":0.9989412761}}
{"params":{"max_depth":10,"n_estimators":500},"train":{"accuracy":1.0,"f1":1.0,"recall":1.0,"precision":1.0,"roc_auc":1.0},"test":{"accuracy":0.9911032028,"f1":0.953271028,"recall":0.9107142857,"precision":1.0,"roc_auc":0.9988354037}}
