{"params":{"max_depth":3},"train":{"accuracy":0.8995805576,"f1":0.9072681704,"recall":0.982482112,"precision":0.8427513228,"roc_auc":0.9559090265},"test":{"accuracy":0.8113879004,"f1":0.4752475248,"recall":0.8571428571,"precision":0.3287671233,"roc_auc":0.9052265669}}
{"params":{"max_depth":5},"train":{"accuracy":0.961016531,"f1":0.9619001688,"recall":0.9842092277,"precision":0.9405800519,"roc_auc":0.9947649906},"test":{"accuracy":0.9288256228,"f1":0.7014925373,"recall":0.8392857143,"precision":0.6025641026,"roc_auc":0.9708145116}}
{"params":{"max_depth":3},"train":{"accuracy":0.8995805576,"f1":0.9072681704,"recall":0.982482112,"precision":0.8427513228,"roc_auc":0.9564283909},"test":{"accuracy":0.8113879004,"f1":0.4752475248,"recall":0.8571428571,"precision":0.3287671233,"roc_auc":0.9057029927}}
{"params":{"max_depth":5},"train":{"accuracy":0.9606464347,"f1":0.9615523683,"recall":0.9842092277,"precision":0.9399151744,"roc_auc":0.9949064057},"test":{"accuracy":0.9288256228,"f1":0.7014925373,"recall":0.8392857143,"precision":0.6025641026,"roc_auc":0.9717850085}}
{"params":{"max_depth":3},"train":{"accuracy":0.9027880582,"f1":0.9099222679,"recall":0.9819886504,"precision":0.8477103301,"roc_auc":0.9651050913},"test":{"accuracy":0.8149466192,"f1":0.48,"recall":0.8571428571,"precision":0.3333333333,"roc_auc":0.9171019198}}
{"params":{"max_depth":10},"train":{"accuracy":0.9951887491,"f1":0.9951774453,"recall":0.9928448063,"precision":0.9975210709,"roc_auc":0.9998657378},"test":{"accuracy":0.9697508897,"f1":0.8316831683,"recall":0.75,"precision":0.9333333333,"roc_auc":0.9713085827}}
{"params":{"max_depth":5},"train":{"accuracy":0.9617567234,"f1":0.9626596001,"recall":0.9859363434,"precision":0.940456578,"roc_auc":0.9962987638},"test":{"accuracy":0.9288256228,"f1":0.7014925373,"recall":0.8392857143,"precision":0.6025641026,"roc_auc":0.972384952}}
{"params":{"max_depth":10},"train":{"accuracy":0.9954354799,"f1":0.995423624,"recall":0.9928448063,"precision":0.998015873,"roc_auc":0.9998693903},"test":{"accuracy":0.9697508897,"f1":0.8349514563,"recall":0.7678571429,"precision":0.914893617,"roc_auc":0.9809253247}}
{"params":{"max_depth":3},"train":{"accuracy":0.9087095978,"f1":0.9149425287,"recall":0.9819886504,"precision":0.8564665376,"roc_auc":0.9684141941},"test":{"accuracy":0.834519573,"f1":0.5079365079,"recall":0.8571428571,"precision":0.3609022556,"roc_auc":0.9200134105}}
{"params":{"max_depth":10},"train":{"accuracy":0.9956822107,"f1":0.9956720663,"recall":0.9933382679,"precision":0.9980168567,"roc_auc":0.99991106},"test":{"accuracy":0.9733096085,"f1":0.854368932,"recall":0.7857142857,"precision":0.9361702128,"roc_auc":0.9814370412}}
{"params":{"max_depth":5},"train":{"accuracy":0.9620034542,"f1":0.9628915663,"recall":0.9859363434,"precision":0.9408994584,"roc_auc":0.9965892645},"test":{"accuracy":0.9288256228,"f1":0.7014925373,"recall":0.8392857143,"precision":0.6025641026,"roc_auc":0.9738848108}}
{"params":{"max_depth":3},"train":{"accuracy":0.9087095978,"f1":0.9149425287,"recall":0.9819886504,"precision":0.8564665376,"roc_auc":0.9714619863},"test":{"accuracy":0.834519573,"f1":0.5079365079,"recall":0.8571428571,"precision":0.3609022556,"roc_auc":0.9223602484}}
{"params":{"max_depth":10},"train":{"accuracy":0.9960523069,"f1":0.9960444994,"recall":0.9940784604,"precision":0.9980183304,"roc_auc":0.9999220786},"test":{"accuracy":0.975088968,"f1":0.8653846154,"recall":0.8035714286,"precision":0.9375,"roc_auc":0.9814193958}}
{"params":{"max_depth":5},"train":{"accuracy":0.962250185,"f1":0.9631058597,"recall":0.9854428818,"precision":0.9417590191,"roc_auc":0.9965714583},"test":{"accuracy":0.9288256228,"f1":0.7014925373,"recall":0.8392857143,"precision":0.6025641026,"roc_auc":0.9755611237}}
{"params":{"max_depth":10},"train":{"accuracy":0.9960523069,"f1":0.9960444994,"recall":0.9940784604,"precision":0.9980183304,"roc_auc":0.999927801},"test":{"accuracy":0.975088968,"f1":0.8653846154,"recall":0.8035714286,"precision":0.9375,"roc_auc":0.9882128741}}
