{"params":{"max_depth":3},"train":{"accuracy":0.9059955588,"f1":0.9112922002,"recall":0.9657044165,"precision":0.8626845933,"roc_auc":0.9657417335},"test":{"accuracy":0.8451957295,"f1":0.5245901639,"recall":0.8571428571,"precision":0.3779527559,"roc_auc":0.9184253247}}
{"params":{"max_depth":5},"train":{"accuracy":0.9648408586,"f1":0.9655755526,"recall":0.9861830743,"precision":0.9458116422,"roc_auc":0.9948624532},"test":{"accuracy":0.9306049822,"f1":0.7067669173,"recall":0.8392857143,"precision":0.6103896104,"roc_auc":0.9768845285}}
{"params":{"max_depth":3},"train":{"accuracy":0.9027880582,"f1":0.9099222679,"recall":0.9819886504,"precision":0.8477103301,"roc_auc":0.9701827665},"test":{"accuracy":0.8149466192,"f1":0.48,"recall":0.8571428571,"precision":0.3333333333,"roc_auc":0.922342603}}
{"params":{"max_depth":5},"train":{"accuracy":0.9633604737,"f1":0.9641607337,"recall":0.9856896126,"precision":0.9435521965,"roc_auc":0.9958430758},"test":{"accuracy":0.9306049822,"f1":0.7067669173,"recall":0.8392857143,"precision":0.6103896104,"roc_auc":0.9756140599}}
{"params":{"max_depth":3},"train":{"accuracy":0.9032815199,"f1":0.9101535641,"recall":0.979768073,"precision":0.8497753049,"roc_auc":0.970484164},"test":{"accuracy":0.8185053381,"f1":0.4848484848,"recall":0.8571428571,"precision":0.338028169,"roc_auc":0.9231895822}}
{"params":{"max_depth":10},"train":{"accuracy":0.9958055761,"f1":0.9957962413,"recall":0.9935849988,"precision":0.9980173482,"roc_auc":0.9999085641},"test":{"accuracy":0.9733096085,"f1":0.8598130841,"recall":0.8214285714,"precision":0.9019607843,"roc_auc":0.990471485}}
{"params":{"max_depth":5},"train":{"accuracy":0.9634838391,"f1":0.9643029426,"recall":0.9864298051,"precision":0.9431469686,"roc_auc":0.99627557},"test":{"accuracy":0.9306049822,"f1":0.7067669173,"recall":0.8392857143,"precision":0.6103896104,"roc_auc":0.9746082722}}
{"params":{"max_depth":10},"train":{"accuracy":0.9960523069,"f1":0.9960444994,"recall":0.9940784604,"precision":0.9980183304,"roc_auc":0.9999176346},"test":{"accuracy":0.9697508897,"f1":0.8349514563,"recall":0.7678571429,"precision":0.914893617,"roc_auc":0.9909655562}}
{"params":{"max_depth":3},"train":{"accuracy":0.9124105601,"f1":0.9178811011,"recall":0.9790278806,"precision":0.8639233616,"roc_auc":0.9703918454},"test":{"accuracy":0.8416370107,"f1":0.5189189189,"recall":0.8571428571,"precision":0.3720930233,"roc_auc":0.9236130717}}
{"params":{"max_depth":10},"train":{"accuracy":0.996669134,"f1":0.9966646078,"recall":0.9953121145,"precision":0.9980207818,"roc_auc":0.9999236005},"test":{"accuracy":0.9786476868,"f1":0.8846153846,"recall":0.8214285714,"precision":0.9583333333,"roc_auc":0.9895539243}}
{"params":{"max_depth":5},"train":{"accuracy":0.9639773008,"f1":0.9647513279,"recall":0.9859363434,"precision":0.944457575,"roc_auc":0.9965650054},"test":{"accuracy":0.9288256228,"f1":0.696969697,"recall":0.8214285714,"precision":0.6052631579,"roc_auc":0.9757375776}}
{"params":{"max_depth":3},"train":{"accuracy":0.8974833457,"f1":0.9043398181,"recall":0.9691586479,"precision":0.8476478205,"roc_auc":0.9702657102},"test":{"accuracy":0.8185053381,"f1":0.4848484848,"recall":0.8571428571,"precision":0.338028169,"roc_auc":0.9246188594}}
{"params":{"max_depth":10},"train":{"accuracy":0.9962990377,"f1":0.9962926347,"recall":0.994571922,"precision":0.9980193117,"roc_auc":0.9999285315},"test":{"accuracy":0.9786476868,"f1":0.8846153846,"recall":0.8214285714,"precision":0.9583333333,"roc_auc":0.9895892151}}
{"params":{"max_depth":5},"train":{"accuracy":0.9620034542,"f1":0.9629005059,"recall":0.9861830743,"precision":0.9406919275,"roc_auc":0.9964989244},"test":{"accuracy":0.9288256228,"f1":0.7014925373,"recall":0.8392857143,"precision":0.6025641026,"roc_auc":0.9768315923}}
{"params":{"max_depth":10},"train":{"accuracy":0.9961756723,"f1":0.9961685824,"recall":0.9943251912,"precision":0.9980188212,"roc_auc":0.999929749},"test":{"accuracy":0.975088968,"f1":0.8653846154,"recall":0.8035714286,"precision":0.9375,"roc_auc":0.9889539808}}
