{"params":{"max_depth":3},"train":{"accuracy":0.9194423884,"f1":0.9241667634,"recall":0.9817419196,"precision":0.8729706011,"roc_auc":0.9563011903},"test":{"accuracy":0.8558718861,"f1":0.5371428571,"recall":0.8392857143,"precision":0.3949579832,"roc_auc":0.9081380576}}
{"params":{"max_depth":5},"train":{"accuracy":0.9658277819,"f1":0.966509491,"recall":0.9861830743,"precision":0.9476055002,"roc_auc":0.9944176924},"test":{"accuracy":0.9341637011,"f1":0.7131782946,"recall":0.8214285714,"precision":0.6301369863,"roc_auc":0.9721379164}}
{"params":{"max_depth":3},"train":{"accuracy":0.9029114236,"f1":0.9100468625,"recall":0.9822353812,"precision":0.8477427598,"roc_auc":0.9563801162},"test":{"accuracy":0.8149466192,"f1":0.48,"recall":0.8571428571,"precision":0.3333333333,"roc_auc":0.9092497177}}
{"params":{"max_depth":5},"train":{"accuracy":0.9632371083,"f1":0.9640617463,"recall":0.9861830743,"precision":0.9429110639,"roc_auc":0.9963982353},"test":{"accuracy":0.9306049822,"f1":0.7067669173,"recall":0.8392857143,"precision":0.6103896104,"roc_auc":0.9748553077}}
{"params":{"max_depth":3},"train":{"accuracy":0.9209227733,"f1":0.9254043989,"recall":0.9810017271,"precision":0.8757709251,"roc_auc":0.965073801},"test":{"accuracy":0.8558718861,"f1":0.5371428571,"recall":0.8392857143,"precision":0.3949579832,"roc_auc":0.9209839074}}
{"params":{"max_depth":10},"train":{"accuracy":0.9961756723,"f1":0.9961676351,"recall":0.9940784604,"precision":0.9982656095,"roc_auc":0.9997685795},"test":{"accuracy":0.9786476868,"f1":0.8867924528,"recall":0.8392857143,"precision":0.94,"roc_auc":0.9810664879}}
{"params":{"max_depth":5},"train":{"accuracy":0.9645941278,"f1":0.9653507183,"recall":0.9864298051,"precision":0.9451536643,"roc_auc":0.996390078},"test":{"accuracy":0.9306049822,"f1":0.7067669173,"recall":0.8392857143,"precision":0.6103896104,"roc_auc":0.9739553924}}
{"params":{"max_depth":10},"train":{"accuracy":0.9961756723,"f1":0.9961676351,"recall":0.9940784604,"precision":0.9982656095,"roc_auc":0.9999212872},"test":{"accuracy":0.9733096085,"f1":0.8571428571,"recall":0.8035714286,"precision":0.9183673469,"roc_auc":0.9815958498}}
{"params":{"max_depth":3},"train":{"accuracy":0.9189489267,"f1":0.9236845162,"recall":0.9810017271,"precision":0.8726953468,"roc_auc":0.9701069453},"test":{"accuracy":0.8540925267,"f1":0.5340909091,"recall":0.8392857143,"precision":0.3916666667,"roc_auc":0.9247070864}}
{"params":{"max_depth":10},"train":{"accuracy":0.9964224032,"f1":0.9964157706,"recall":0.994571922,"precision":0.9982664685,"roc_auc":0.9999259138},"test":{"accuracy":0.9715302491,"f1":0.8490566038,"recall":0.8035714286,"precision":0.9,"roc_auc":0.9809959063}}
{"params":{"max_depth":5},"train":{"accuracy":0.9642240316,"f1":0.9650012069,"recall":0.9864298051,"precision":0.9444838176,"roc_auc":0.9965839074},"test":{"accuracy":0.9288256228,"f1":0.696969697,"recall":0.8214285714,"precision":0.6052631579,"roc_auc":0.9743612366}}
{"params":{"max_depth":3},"train":{"accuracy":0.9133974833,"f1":0.9189001848,"recall":0.9812484579,"precision":0.864001738,"roc_auc":0.9700990618},"test":{"accuracy":0.8505338078,"f1":0.5333333333,"recall":0.8571428571,"precision":0.3870967742,"roc_auc":0.9253070299}}
{"params":{"max_depth":10},"train":{"accuracy":0.9960523069,"f1":0.9960435213,"recall":0.9938317296,"precision":0.9982651797,"roc_auc":0.9999237831},"test":{"accuracy":0.9733096085,"f1":0.8571428571,"recall":0.8035714286,"precision":0.9183673469,"roc_auc":0.988830463}}
{"params":{"max_depth":5},"train":{"accuracy":0.964347397,"f1":0.9651092599,"recall":0.9861830743,"precision":0.9449172577,"roc_auc":0.9967479685},"test":{"accuracy":0.9288256228,"f1":0.696969697,"recall":0.8214285714,"precision":0.6052631579,"roc_auc":0.9748200169}}
{"params":{"max_depth":10},"train":{"accuracy":0.9961756723,"f1":0.9961676351,"recall":0.9940784604,"precision":0.9982656095,"roc_auc":0.9999230526},"test":{"accuracy":0.975088968,"f1":0.8653846154,"recall":0.8035714286,"precision":0.9375,"roc_auc":0.9878070299}}
