{"params":{"max_depth":3},"train":{"accuracy":0.9328291815,"f1":0.7188081937,"recall":0.8713318284,"precision":0.6117274168,"roc_auc":0.9741698455},"test":{"accuracy":0.9234875445,"f1":0.6766917293,"recall":0.8035714286,"precision":0.5844155844,"roc_auc":0.959397939}}
{"params":{"max_depth":5},"train":{"accuracy":0.9708629893,"f1":0.8592910849,"recall":0.9029345372,"precision":0.8196721311,"roc_auc":0.9945000749},"test":{"accuracy":0.9572953737,"f1":0.7818181818,"recall":0.7678571429,"precision":0.7962962963,"roc_auc":0.9838015246}}
{"params":{"max_depth":3},"train":{"accuracy":0.9410587189,"f1":0.7454370797,"recall":0.8758465011,"precision":0.6488294314,"roc_auc":0.9765071048},"test":{"accuracy":0.9288256228,"f1":0.7014925373,"recall":0.8392857143,"precision":0.6025641026,"roc_auc":0.9605625353}}
{"params":{"max_depth":5},"train":{"accuracy":0.975088968,"f1":0.8777292576,"recall":0.9074492099,"precision":0.8498942918,"roc_auc":0.9956184394},"test":{"accuracy":0.9608540925,"f1":0.8,"recall":0.7857142857,"precision":0.8148148148,"roc_auc":0.9847896669}}
{"params":{"max_depth":3},"train":{"accuracy":0.940613879,"f1":0.7469194313,"recall":0.8893905192,"precision":0.6437908497,"roc_auc":0.9766212804},"test":{"accuracy":0.9359430605,"f1":0.7272727273,"recall":0.8571428571,"precision":0.6315789474,"roc_auc":0.9625211745}}
{"params":{"max_depth":10},"train":{"accuracy":0.9959964413,"f1":0.979498861,"recall":0.9706546275,"precision":0.9885057471,"roc_auc":0.9999593423},"test":{"accuracy":0.9804270463,"f1":0.8932038835,"recall":0.8214285714,"precision":0.9787234043,"roc_auc":0.9976708075}}
{"params":{"max_depth":5},"train":{"accuracy":0.9728647687,"f1":0.8688172043,"recall":0.9119638826,"precision":0.8295687885,"roc_auc":0.9954686187},"test":{"accuracy":0.9572953737,"f1":0.7818181818,"recall":0.7678571429,"precision":0.7962962963,"roc_auc":0.9865542067}}
{"params":{"max_depth":10},"train":{"accuracy":0.9964412811,"f1":0.9816513761,"recall":0.9661399549,"precision":0.9976689977,"roc_auc":0.9999821775},"test":{"accuracy":0.9822064057,"f1":0.9019607843,"recall":0.8214285714,"precision":1.0,"roc_auc":0.998447205}}
{"params":{"max_depth":3},"train":{"accuracy":0.9390569395,"f1":0.7429643527,"recall":0.8939051919,"precision":0.6356340289,"roc_auc":0.9767014819},"test":{"accuracy":0.9377224199,"f1":0.7368421053,"recall":0.875,"precision":0.6363636364,"roc_auc":0.9618153586}}
{"params":{"max_depth":10},"train":{"accuracy":0.9959964413,"f1":0.9792626728,"recall":0.9593679458,"precision":1.0,"roc_auc":0.9999894179},"test":{"accuracy":0.9804270463,"f1":0.8910891089,"recall":0.8035714286,"precision":1.0,"roc_auc":0.998447205}}
{"params":{"max_depth":5},"train":{"accuracy":0.9710854093,"f1":0.8617021277,"recall":0.914221219,"precision":0.814889336,"roc_auc":0.9951778885},"test":{"accuracy":0.9572953737,"f1":0.7857142857,"recall":0.7857142857,"precision":0.7857142857,"roc_auc":0.9869424054}}
{"params":{"max_depth":3},"train":{"accuracy":0.9379448399,"f1":0.7390084191,"recall":0.8916478555,"precision":0.6309904153,"roc_auc":0.9765967745},"test":{"accuracy":0.9341637011,"f1":0.7218045113,"recall":0.8571428571,"precision":0.6233766234,"roc_auc":0.9623800113}}
{"params":{"max_depth":10},"train":{"accuracy":0.9962188612,"f1":0.9804822044,"recall":0.9638826185,"precision":0.9976635514,"roc_auc":0.9999844053},"test":{"accuracy":0.9822064057,"f1":0.9019607843,"recall":0.8214285714,"precision":1.0,"roc_auc":0.9980237154}}
{"params":{"max_depth":5},"train":{"accuracy":0.9699733096,"f1":0.8574445618,"recall":0.9164785553,"precision":0.8055555556,"roc_auc":0.9953210258},"test":{"accuracy":0.9590747331,"f1":0.7927927928,"recall":0.7857142857,"precision":0.8,"roc_auc":0.987365895}}
{"params":{"max_depth":10},"train":{"accuracy":0.9973309609,"f1":0.9862700229,"recall":0.9729119639,"precision":1.0,"roc_auc":0.9999916457},"test":{"accuracy":0.9839857651,"f1":0.9126213592,"recall":0.8392857143,"precision":1.0,"roc_auc":0.9979531338}}
