{"params":{"max_depth":3},"train":{"accuracy":0.9286032028,"f1":0.7131367292,"recall":0.9006772009,"precision":0.5902366864,"roc_auc":0.9749356578},"test":{"accuracy":0.9234875445,"f1":0.695035461,"recall":0.875,"precision":0.5764705882,"roc_auc":0.9618506494}}
{"params":{"max_depth":5},"train":{"accuracy":0.9708629893,"f1":0.8589881593,"recall":0.9006772009,"precision":0.8209876543,"roc_auc":0.9935167718},"test":{"accuracy":0.962633452,"f1":0.8108108108,"recall":0.8035714286,"precision":0.8181818182,"roc_auc":0.9860248447}}
{"params":{"max_depth":3},"train":{"accuracy":0.9339412811,"f1":0.7252543941,"recall":0.8848758465,"precision":0.6144200627,"roc_auc":0.9766505206},"test":{"accuracy":0.9306049822,"f1":0.7067669173,"recall":0.8392857143,"precision":0.6103896104,"roc_auc":0.963297572}}
{"params":{"max_depth":5},"train":{"accuracy":0.9768683274,"f1":0.8864628821,"recall":0.9164785553,"precision":0.8583509514,"roc_auc":0.9957579565},"test":{"accuracy":0.962633452,"f1":0.8073394495,"recall":0.7857142857,"precision":0.8301886792,"roc_auc":0.9871188594}}
{"params":{"max_depth":10},"train":{"accuracy":0.9957740214,"f1":0.9781859931,"recall":0.9616252822,"precision":0.9953271028,"roc_auc":0.9998524071},"test":{"accuracy":0.9804270463,"f1":0.8932038835,"recall":0.8214285714,"precision":0.9787234043,"roc_auc":0.996541502}}
{"params":{"max_depth":3},"train":{"accuracy":0.9310498221,"f1":0.7197106691,"recall":0.8984198646,"precision":0.6003016591,"roc_auc":0.9749409489},"test":{"accuracy":0.9306049822,"f1":0.7153284672,"recall":0.875,"precision":0.6049382716,"roc_auc":0.9615330322}}
{"params":{"max_depth":5},"train":{"accuracy":0.9757562278,"f1":0.882416397,"recall":0.9232505643,"precision":0.8450413223,"roc_auc":0.9957543363},"test":{"accuracy":0.9644128114,"f1":0.8181818182,"recall":0.8035714286,"precision":0.8333333333,"roc_auc":0.9880364201}}
{"params":{"max_depth":10},"train":{"accuracy":0.9955516014,"f1":0.9770114943,"recall":0.9593679458,"precision":0.9953161593,"roc_auc":0.9999621271},"test":{"accuracy":0.9786476868,"f1":0.8823529412,"recall":0.8035714286,"precision":0.9782608696,"roc_auc":0.9972120271}}
{"params":{"max_depth":3},"train":{"accuracy":0.9377224199,"f1":0.739292365,"recall":0.8961625282,"precision":0.6291600634,"roc_auc":0.9762110835},"test":{"accuracy":0.9359430605,"f1":0.7313432836,"recall":0.875,"precision":0.6282051282,"roc_auc":0.9604743083}}
{"params":{"max_depth":10},"train":{"accuracy":0.9966637011,"f1":0.9828571429,"recall":0.9706546275,"precision":0.9953703704,"roc_auc":0.999975494},"test":{"accuracy":0.9804270463,"f1":0.8910891089,"recall":0.8035714286,"precision":1.0,"roc_auc":0.9976355167}}
{"params":{"max_depth":5},"train":{"accuracy":0.9715302491,"f1":0.864118896,"recall":0.9187358916,"precision":0.8156312625,"roc_auc":0.9957030965},"test":{"accuracy":0.9590747331,"f1":0.7927927928,"recall":0.7857142857,"precision":0.8,"roc_auc":0.987189441}}
{"params":{"max_depth":3},"train":{"accuracy":0.9381672598,"f1":0.7425925926,"recall":0.9051918736,"precision":0.6295133438,"roc_auc":0.9764881683},"test":{"accuracy":0.9341637011,"f1":0.7259259259,"recall":0.875,"precision":0.6202531646,"roc_auc":0.9624153021}}
{"params":{"max_depth":10},"train":{"accuracy":0.9973309609,"f1":0.9862700229,"recall":0.9729119639,"precision":1.0,"roc_auc":0.9999866331},"test":{"accuracy":0.9768683274,"f1":0.8686868687,"recall":0.7678571429,"precision":1.0,"roc_auc":0.9978119706}}
{"params":{"max_depth":5},"train":{"accuracy":0.9704181495,"f1":0.8598524763,"recall":0.920993228,"precision":0.8063241107,"roc_auc":0.9954095815},"test":{"accuracy":0.9590747331,"f1":0.796460177,"recall":0.8035714286,"precision":0.7894736842,"roc_auc":0.9872600226}}
{"params":{"max_depth":10},"train":{"accuracy":0.996886121,"f1":0.9839816934,"recall":0.9706546275,"precision":0.9976798144,"roc_auc":0.9999832914},"test":{"accuracy":0.9804270463,"f1":0.8910891089,"recall":0.8035714286,"precision":1.0,"roc_auc":0.9978472614}}
