{"params":{"max_depth":3},"train":{"accuracy":0.9275845053,"f1":0.929994037,"recall":0.9620034542,"precision":0.9000461681,"roc_auc":0.9563701934},"test":{"accuracy":0.8825622776,"f1":0.5657894737,"recall":0.7678571429,"precision":0.4479166667,"roc_auc":0.9055265387}}
{"params":{"max_depth":5},"train":{"accuracy":0.9647174932,"f1":0.9655172414,"recall":0.98791019,"precision":0.9441169535,"roc_auc":0.9964542109},"test":{"accuracy":0.9323843416,"f1":0.7121212121,"recall":0.8392857143,"precision":0.6184210526,"roc_auc":0.9698793055}}
{"params":{"max_depth":3},"train":{"accuracy":0.9222797927,"f1":0.9264705882,"recall":0.9792746114,"precision":0.8790697674,"roc_auc":0.9648587562},"test":{"accuracy":0.859430605,"f1":0.5433526012,"recall":0.8392857143,"precision":0.4017094017,"roc_auc":0.9149491813}}
{"params":{"max_depth":5},"train":{"accuracy":0.9661978781,"f1":0.9669082126,"recall":0.9876634592,"precision":0.9470073338,"roc_auc":0.9966793916},"test":{"accuracy":0.9341637011,"f1":0.7131782946,"recall":0.8214285714,"precision":0.6301369863,"roc_auc":0.9730731225}}
{"params":{"max_depth":3},"train":{"accuracy":0.917221811,"f1":0.9211237804,"recall":0.9666913397,"precision":0.8796587337,"roc_auc":0.9652944464},"test":{"accuracy":0.8629893238,"f1":0.5497076023,"recall":0.8392857143,"precision":0.4086956522,"roc_auc":0.9190076228}}
{"params":{"max_depth":10},"train":{"accuracy":0.9958055761,"f1":0.9957972806,"recall":0.9938317296,"precision":0.9977706217,"roc_auc":0.9999273139},"test":{"accuracy":0.9733096085,"f1":0.8571428571,"recall":0.8035714286,"precision":0.9183673469,"roc_auc":0.9817899492}}
{"params":{"max_depth":5},"train":{"accuracy":0.9661978781,"f1":0.9669082126,"recall":0.9876634592,"precision":0.9470073338,"roc_auc":0.9967583783},"test":{"accuracy":0.9341637011,"f1":0.7131782946,"recall":0.8214285714,"precision":0.6301369863,"roc_auc":0.9743612366}}
{"params":{"max_depth":10},"train":{"accuracy":0.9958055761,"f1":0.9957952016,"recall":0.9933382679,"precision":0.9982643194,"roc_auc":0.9999251833},"test":{"accuracy":0.975088968,"f1":0.8653846154,"recall":0.8035714286,"precision":0.9375,"roc_auc":0.9828663185}}
{"params":{"max_depth":3},"train":{"accuracy":0.9219096965,"f1":0.9262495631,"recall":0.9807549963,"precision":0.8774834437,"roc_auc":0.9650380363},"test":{"accuracy":0.859430605,"f1":0.5433526012,"recall":0.8392857143,"precision":0.4017094017,"roc_auc":0.9186194241}}
{"params":{"max_depth":10},"train":{"accuracy":0.9960523069,"f1":0.9960435213,"recall":0.9938317296,"precision":0.9982651797,"roc_auc":0.9999274966},"test":{"accuracy":0.9768683274,"f1":0.8737864078,"recall":0.8035714286,"precision":0.9574468085,"roc_auc":0.9891657256}}
{"params":{"max_depth":5},"train":{"accuracy":0.9642240316,"f1":0.9650012069,"recall":0.9864298051,"precision":0.9444838176,"roc_auc":0.9966888274},"test":{"accuracy":0.9306049822,"f1":0.7067669173,"recall":0.8392857143,"precision":0.6103896104,"roc_auc":0.9754023151}}
{"params":{"max_depth":3},"train":{"accuracy":0.9196891192,"f1":0.9243287225,"recall":0.9810017271,"precision":0.8738461538,"roc_auc":0.9724028264},"test":{"accuracy":0.8540925267,"f1":0.5340909091,"recall":0.8392857143,"precision":0.3916666667,"roc_auc":0.9235424901}}
{"params":{"max_depth":10},"train":{"accuracy":0.9960523069,"f1":0.9960435213,"recall":0.9938317296,"precision":0.9982651797,"roc_auc":0.9999269487},"test":{"accuracy":0.975088968,"f1":0.8653846154,"recall":0.8035714286,"precision":0.9375,"roc_auc":0.988742236}}
{"params":{"max_depth":5},"train":{"accuracy":0.9652109548,"f1":0.9659502536,"recall":0.9869232667,"precision":0.9458500828,"roc_auc":0.9966480404},"test":{"accuracy":0.9306049822,"f1":0.7067669173,"recall":0.8392857143,"precision":0.6103896104,"roc_auc":0.9754023151}}
{"params":{"max_depth":10},"train":{"accuracy":0.9960523069,"f1":0.9960435213,"recall":0.9938317296,"precision":0.9982651797,"roc_auc":0.9999267052},"test":{"accuracy":0.975088968,"f1":0.8653846154,"recall":0.8035714286,"precision":0.9375,"roc_auc":0.9895539243}}
