{"params":{"max_depth":3,"n_estimators":25},"train":{"accuracy":0.9262274858,"f1":0.9269127353,"recall":0.9356032568,"precision":0.9183821749,"roc_auc":0.9656895323},"test":{"accuracy":0.8932384342,"f1":0.5833333333,"recall":0.75,"precision":0.4772727273,"roc_auc":0.9254305477}}
{"params":{"max_depth":3,"n_estimators":50},"train":{"accuracy":0.9258573896,"f1":0.9265729994,"recall":0.9356032568,"precision":0.9177153921,"roc_auc":0.9703457622},"test":{"accuracy":0.8932384342,"f1":0.5833333333,"recall":0.75,"precision":0.4772727273,"roc_auc":0.927971485}}
{"params":{"max_depth":5,"n_estimators":25},"train":{"accuracy":0.9692820133,"f1":0.969829153,"recall":0.9874167283,"precision":0.9528571429,"roc_auc":0.9964007617},"test":{"accuracy":0.9359430605,"f1":0.71875,"recall":0.8214285714,"precision":0.6388888889,"roc_auc":0.9790196217}}
{"params":{"max_depth":5,"n_estimators":50},"train":{"accuracy":0.9680483592,"f1":0.9686402712,"recall":0.9869232667,"precision":0.951022349,"roc_auc":0.996364023},"test":{"accuracy":0.9341637011,"f1":0.7131782946,"recall":0.8214285714,"precision":0.6301369863,"roc_auc":0.9763375212}}
{"params":{"max_depth":10,"n_estimators":25},"train":{"accuracy":0.994571922,"f1":0.9945598417,"recall":0.9923513447,"precision":0.9967781908,"roc_auc":0.9998849442},"test":{"accuracy":0.975088968,"f1":0.8653846154,"recall":0.8035714286,"precision":0.9375,"roc_auc":0.9919536985}}
{"params":{"max_depth":3,"n_estimators":100},"train":{"accuracy":0.9279546015,"f1":0.928763113,"recall":0.9393042191,"precision":0.918455971,"roc_auc":0.9716474453},"test":{"accuracy":0.8932384342,"f1":0.5833333333,"recall":0.75,"precision":0.4772727273,"roc_auc":0.9274421231}}
{"params":{"max_depth":5,"n_estimators":100},"train":{"accuracy":0.9686651863,"f1":0.9692270414,"recall":0.9869232667,"precision":0.952154249,"roc_auc":0.9963988137},"test":{"accuracy":0.9377224199,"f1":0.7244094488,"recall":0.8214285714,"precision":0.6478873239,"roc_auc":0.9759140316}}
{"params":{"max_depth":10,"n_estimators":50},"train":{"accuracy":0.9955588453,"f1":0.9955489614,"recall":0.9933382679,"precision":0.9977695167,"roc_auc":0.9998917014},"test":{"accuracy":0.9733096085,"f1":0.8571428571,"recall":0.8035714286,"precision":0.9183673469,"roc_auc":0.9901538679}}
{"params":{"max_depth":3,"n_estimators":250},"train":{"accuracy":0.9282013323,"f1":0.9290070749,"recall":0.9395509499,"precision":0.9186972256,"roc_auc":0.9716502761},"test":{"accuracy":0.8932384342,"f1":0.5833333333,"recall":0.75,"precision":0.4772727273,"roc_auc":0.9269656973}}
{"params":{"max_depth":10,"n_estimators":100},"train":{"accuracy":0.9955588453,"f1":0.9955511616,"recall":0.9938317296,"precision":0.9972765536,"roc_auc":0.9998964498},"test":{"accuracy":0.9733096085,"f1":0.854368932,"recall":0.7857142857,"precision":0.9361702128,"roc_auc":0.9888481084}}
{"params":{"max_depth":5,"n_estimators":250},"train":{"accuracy":0.9678016284,"f1":0.9683827983,"recall":0.9861830743,"precision":0.9512137078,"roc_auc":0.9963675234},"test":{"accuracy":0.9359430605,"f1":0.71875,"recall":0.8214285714,"precision":0.6388888889,"roc_auc":0.9752787973}}
{"params":{"max_depth":3,"n_estimators":500},"train":{"accuracy":0.9282013323,"f1":0.9290070749,"recall":0.9395509499,"precision":0.9186972256,"roc_auc":0.971624282},"test":{"accuracy":0.8932384342,"f1":0.5833333333,"recall":0.75,"precision":0.4772727273,"roc_auc":0.9267186618}}
{"params":{"max_depth":10,"n_estimators":250},"train":{"accuracy":0.9959289415,"f1":0.9959224021,"recall":0.9943251912,"precision":0.9975247525,"roc_auc":0.9998888402},"test":{"accuracy":0.975088968,"f1":0.862745098,"recall":0.7857142857,"precision":0.9565217391,"roc_auc":0.9872953134}}
{"params":{"max_depth":5,"n_estimators":500},"train":{"accuracy":0.9666913397,"f1":0.9673281704,"recall":0.9861830743,"precision":0.9491807172,"roc_auc":0.9966272208},"test":{"accuracy":0.9323843416,"f1":0.7076923077,"recall":0.8214285714,"precision":0.6216216216,"roc_auc":0.976108131}}
{"params":{"max_depth":10,"n_estimators":500},"train":{"accuracy":0.9955588453,"f1":0.9955511616,"recall":0.9938317296,"precision":0.9972765536,"roc_auc":0.9998828135},"test":{"accuracy":0.9733096085,"f1":0.854368932,"recall":0.7857142857,"precision":0.9361702128,"roc_auc":0.9881775833}}
