{"params":{"max_depth":3,"n_estimators":25},"train":{"accuracy":0.9277078707,"f1":0.9284493284,"recall":0.938070565,"precision":0.9190234469,"roc_auc":0.9571280703},"test":{"accuracy":0.8932384342,"f1":0.5833333333,"recall":0.75,"precision":0.4772727273,"roc_auc":0.9149668267}}
{"params":{"max_depth":5,"n_estimators":25},"train":{"accuracy":0.9678016284,"f1":0.9684210526,"recall":0.9874167283,"precision":0.9501424501,"roc_auc":0.9953080358},"test":{"accuracy":0.9377224199,"f1":0.7244094488,"recall":0.8214285714,"precision":0.6478873239,"roc_auc":0.9743259458}}
{"params":{"max_depth":3,"n_estimators":50},"train":{"accuracy":0.9274611399,"f1":0.9282226563,"recall":0.938070565,"precision":0.918579367,"roc_auc":0.9565511171},"test":{"accuracy":0.8932384342,"f1":0.5833333333,"recall":0.75,"precision":0.4772727273,"roc_auc":0.9130081875}}
{"params":{"max_depth":5,"n_estimators":50},"train":{"accuracy":0.9689119171,"f1":0.9694397284,"recall":0.9861830743,"precision":0.9532554257,"roc_auc":0.9960298132},"test":{"accuracy":0.9377224199,"f1":0.7244094488,"recall":0.8214285714,"precision":0.6478873239,"roc_auc":0.9712732919}}
{"params":{"max_depth":10,"n_estimators":25},"train":{"accuracy":0.9955588453,"f1":0.9955566527,"recall":0.9950653837,"precision":0.996048407,"roc_auc":0.9998638506},"test":{"accuracy":0.975088968,"f1":0.8653846154,"recall":0.8035714286,"precision":0.9375,"roc_auc":0.981295878}}
{"params":{"max_depth":3,"n_estimators":100},"train":{"accuracy":0.9331359487,"f1":0.9342711618,"recall":0.9504071058,"precision":0.9186739804,"roc_auc":0.9651057305},"test":{"accuracy":0.8896797153,"f1":0.5753424658,"recall":0.75,"precision":0.4666666667,"roc_auc":0.9209839074}}
{"params":{"max_depth":5,"n_estimators":100},"train":{"accuracy":0.9681717246,"f1":0.9687272727,"recall":0.9859363434,"precision":0.952108649,"roc_auc":0.9960973552},"test":{"accuracy":0.9377224199,"f1":0.7244094488,"recall":0.8214285714,"precision":0.6478873239,"roc_auc":0.9728613778}}
{"params":{"max_depth":10,"n_estimators":50},"train":{"accuracy":0.9955588453,"f1":0.9955511616,"recall":0.9938317296,"precision":0.9972765536,"roc_auc":0.9998691164},"test":{"accuracy":0.975088968,"f1":0.8653846154,"recall":0.8035714286,"precision":0.9375,"roc_auc":0.9849484754}}
{"params":{"max_depth":3,"n_estimators":250},"train":{"accuracy":0.9273377745,"f1":0.9281093617,"recall":0.938070565,"precision":0.9183574879,"roc_auc":0.9703569939},"test":{"accuracy":0.8932384342,"f1":0.5833333333,"recall":0.75,"precision":0.4772727273,"roc_auc":0.9237542349}}
{"params":{"max_depth":10,"n_estimators":100},"train":{"accuracy":0.9958055761,"f1":0.9957983193,"recall":0.9940784604,"precision":0.9975241396,"roc_auc":0.9998688729},"test":{"accuracy":0.9733096085,"f1":0.854368932,"recall":0.7857142857,"precision":0.9361702128,"roc_auc":0.9851249294}}
{"params":{"max_depth":5,"n_estimators":250},"train":{"accuracy":0.967678263,"f1":0.9682655039,"recall":0.9861830743,"precision":0.95098739,"roc_auc":0.996550943},"test":{"accuracy":0.9359430605,"f1":0.71875,"recall":0.8214285714,"precision":0.6388888889,"roc_auc":0.9751729249}}
{"params":{"max_depth":3,"n_estimators":500},"train":{"accuracy":0.9288181594,"f1":0.9296941635,"recall":0.9412780656,"precision":0.9183919114,"roc_auc":0.9702823598},"test":{"accuracy":0.8932384342,"f1":0.5833333333,"recall":0.75,"precision":0.4772727273,"roc_auc":0.9256599379}}
{"params":{"max_depth":10,"n_estimators":250},"train":{"accuracy":0.9953121145,"f1":0.995302843,"recall":0.9933382679,"precision":0.9972752044,"roc_auc":0.9998684468},"test":{"accuracy":0.9733096085,"f1":0.854368932,"recall":0.7857142857,"precision":0.9361702128,"roc_auc":0.9870482778}}
{"params":{"max_depth":5,"n_estimators":500},"train":{"accuracy":0.9668147052,"f1":0.9674373563,"recall":0.9859363434,"precision":0.9496197719,"roc_auc":0.9965483254},"test":{"accuracy":0.9359430605,"f1":0.71875,"recall":0.8214285714,"precision":0.6388888889,"roc_auc":0.9756493506}}
{"params":{"max_depth":10,"n_estimators":500},"train":{"accuracy":0.9956822107,"f1":0.9956742059,"recall":0.9938317296,"precision":0.9975235265,"roc_auc":0.9998812916},"test":{"accuracy":0.975088968,"f1":0.8653846154,"recall":0.8035714286,"precision":0.9375,"roc_auc":0.9872953134}}
