{"params":{"max_depth":3},"train":{"accuracy":0.9294928826,"f1":0.7167113494,"recall":0.9051918736,"precision":0.5931952663,"roc_auc":0.973344996},"test":{"accuracy":0.9270462633,"f1":0.7050359712,"recall":0.875,"precision":0.5903614458,"roc_auc":0.9564335121}}
{"params":{"max_depth":5},"train":{"accuracy":0.9664145907,"f1":0.8431983385,"recall":0.9164785553,"precision":0.7807692308,"roc_auc":0.993490595},"test":{"accuracy":0.9590747331,"f1":0.8034188034,"recall":0.8392857143,"precision":0.7704918033,"roc_auc":0.9808370977}}
{"params":{"max_depth":3},"train":{"accuracy":0.9397241993,"f1":0.7416587226,"recall":0.8781038375,"precision":0.6419141914,"roc_auc":0.975330817},"test":{"accuracy":0.9377224199,"f1":0.7328244275,"recall":0.8571428571,"precision":0.64,"roc_auc":0.9597684924}}
{"params":{"max_depth":5},"train":{"accuracy":0.971975089,"f1":0.8659574468,"recall":0.9187358916,"precision":0.8189134809,"roc_auc":0.9947757674},"test":{"accuracy":0.9590747331,"f1":0.796460177,"recall":0.8035714286,"precision":0.7894736842,"roc_auc":0.9836250706}}
{"params":{"max_depth":3},"train":{"accuracy":0.940613879,"f1":0.7492957746,"recall":0.9006772009,"precision":0.6414790997,"roc_auc":0.9769348458},"test":{"accuracy":0.9395017794,"f1":0.7462686567,"recall":0.8928571429,"precision":0.641025641,"roc_auc":0.9622035573}}
{"params":{"max_depth":10},"train":{"accuracy":0.9948843416,"f1":0.9738339022,"recall":0.9661399549,"precision":0.9816513761,"roc_auc":0.9998824826},"test":{"accuracy":0.9786476868,"f1":0.88,"recall":0.7857142857,"precision":1.0,"roc_auc":0.9966826652}}
{"params":{"max_depth":5},"train":{"accuracy":0.9715302491,"f1":0.8652631579,"recall":0.927765237,"precision":0.8106508876,"roc_auc":0.9954023411},"test":{"accuracy":0.9608540925,"f1":0.8070175439,"recall":0.8214285714,"precision":0.7931034483,"roc_auc":0.9852131564}}
{"params":{"max_depth":10},"train":{"accuracy":0.9944395018,"f1":0.9710982659,"recall":0.9480812641,"precision":0.9952606635,"roc_auc":0.9999676966},"test":{"accuracy":0.9804270463,"f1":0.8910891089,"recall":0.8035714286,"precision":1.0,"roc_auc":0.9969297007}}
{"params":{"max_depth":3},"train":{"accuracy":0.9379448399,"f1":0.7414272475,"recall":0.9029345372,"precision":0.6289308176,"roc_auc":0.976345588},"test":{"accuracy":0.9341637011,"f1":0.7259259259,"recall":0.875,"precision":0.6202531646,"roc_auc":0.9619212309}}
{"params":{"max_depth":10},"train":{"accuracy":0.9962188612,"f1":0.9804822044,"recall":0.9638826185,"precision":0.9976635514,"roc_auc":0.9999821775},"test":{"accuracy":0.9804270463,"f1":0.8910891089,"recall":0.8035714286,"precision":1.0,"roc_auc":0.9975296443}}
{"params":{"max_depth":5},"train":{"accuracy":0.9695284698,"f1":0.8562434418,"recall":0.920993228,"precision":0.8,"roc_auc":0.9953143423},"test":{"accuracy":0.9555160142,"f1":0.7787610619,"recall":0.7857142857,"precision":0.7719298246,"roc_auc":0.9863777527}}
{"params":{"max_depth":3},"train":{"accuracy":0.9370551601,"f1":0.7377201112,"recall":0.8984198646,"precision":0.6257861635,"roc_auc":0.9761567804},"test":{"accuracy":0.9341637011,"f1":0.7259259259,"recall":0.875,"precision":0.6202531646,"roc_auc":0.9620271033}}
{"params":{"max_depth":10},"train":{"accuracy":0.9966637011,"f1":0.9828571429,"recall":0.9706546275,"precision":0.9953703704,"roc_auc":0.9999849622},"test":{"accuracy":0.975088968,"f1":0.8571428571,"recall":0.75,"precision":1.0,"roc_auc":0.9978119706}}
{"params":{"max_depth":5},"train":{"accuracy":0.9695284698,"f1":0.8565445026,"recall":0.9232505643,"precision":0.798828125,"roc_auc":0.9952820389},"test":{"accuracy":0.9555160142,"f1":0.7787610619,"recall":0.7857142857,"precision":0.7719298246,"roc_auc":0.9868718238}}
{"params":{"max_depth":10},"train":{"accuracy":0.9971085409,"f1":0.9851767389,"recall":0.9751693002,"precision":0.9953917051,"roc_auc":0.9999855192},"test":{"accuracy":0.9804270463,"f1":0.8910891089,"recall":0.8035714286,"precision":1.0,"roc_auc":0.9978825522}}
