{"params":{"max_depth":3},"train":{"accuracy":0.9386120996,"f1":0.7401129944,"recall":0.8871331828,"precision":0.6348949919,"roc_auc":0.9746736108},"test":{"accuracy":0.9377224199,"f1":0.7407407407,"recall":0.8928571429,"precision":0.6329113924,"roc_auc":0.9607213439}}
{"params":{"max_depth":5},"train":{"accuracy":0.9679715302,"f1":0.8503118503,"recall":0.9232505643,"precision":0.7880539499,"roc_auc":0.9939882338},"test":{"accuracy":0.9644128114,"f1":0.8214285714,"recall":0.8214285714,"precision":0.8214285714,"roc_auc":0.9850719932}}
{"params":{"max_depth":3},"train":{"accuracy":0.9368327402,"f1":0.734082397,"recall":0.8848758465,"precision":0.6272,"roc_auc":0.9726334867},"test":{"accuracy":0.9341637011,"f1":0.7131782946,"recall":0.8214285714,"precision":0.6301369863,"roc_auc":0.9557100508}}
{"params":{"max_depth":5},"train":{"accuracy":0.9693060498,"f1":0.8547368421,"recall":0.9164785553,"precision":0.8007889546,"roc_auc":0.9940940551},"test":{"accuracy":0.9572953737,"f1":0.7857142857,"recall":0.7857142857,"precision":0.7857142857,"roc_auc":0.9846837945}}
{"params":{"max_depth":3},"train":{"accuracy":0.9326067616,"f1":0.72125115,"recall":0.8848758465,"precision":0.6086956522,"roc_auc":0.9739139249},"test":{"accuracy":0.9341637011,"f1":0.7259259259,"recall":0.875,"precision":0.6202531646,"roc_auc":0.957756917}}
{"params":{"max_depth":10},"train":{"accuracy":0.9955516014,"f1":0.9770642202,"recall":0.9616252822,"precision":0.993006993,"roc_auc":0.9999047608},"test":{"accuracy":0.9804270463,"f1":0.8910891089,"recall":0.8035714286,"precision":1.0,"roc_auc":0.9983413326}}
{"params":{"max_depth":5},"train":{"accuracy":0.9695284698,"f1":0.8553326294,"recall":0.914221219,"precision":0.8035714286,"roc_auc":0.9942984574},"test":{"accuracy":0.9572953737,"f1":0.7857142857,"recall":0.7857142857,"precision":0.7857142857,"roc_auc":0.9843661773}}
{"params":{"max_depth":10},"train":{"accuracy":0.9957740214,"f1":0.9782359679,"recall":0.9638826185,"precision":0.9930232558,"roc_auc":0.9999537728},"test":{"accuracy":0.9786476868,"f1":0.88,"recall":0.7857142857,"precision":1.0,"roc_auc":0.9978825522}}
{"params":{"max_depth":3},"train":{"accuracy":0.9317170819,"f1":0.7196347032,"recall":0.8893905192,"precision":0.6042944785,"roc_auc":0.9753475256},"test":{"accuracy":0.9323843416,"f1":0.7205882353,"recall":0.875,"precision":0.6125,"roc_auc":0.9620623941}}
{"params":{"max_depth":10},"train":{"accuracy":0.9962188612,"f1":0.9805269187,"recall":0.9661399549,"precision":0.9953488372,"roc_auc":0.9999704814},"test":{"accuracy":0.9786476868,"f1":0.88,"recall":0.7857142857,"precision":1.0,"roc_auc":0.997741389}}
{"params":{"max_depth":5},"train":{"accuracy":0.9681939502,"f1":0.8508863399,"recall":0.920993228,"precision":0.7906976744,"roc_auc":0.9945858459},"test":{"accuracy":0.9555160142,"f1":0.7787610619,"recall":0.7857142857,"precision":0.7719298246,"roc_auc":0.9860248447}}
{"params":{"max_depth":3},"train":{"accuracy":0.9350533808,"f1":0.7316176471,"recall":0.8984198646,"precision":0.6170542636,"roc_auc":0.9754945616},"test":{"accuracy":0.9341637011,"f1":0.7259259259,"recall":0.875,"precision":0.6202531646,"roc_auc":0.9616389046}}
{"params":{"max_depth":10},"train":{"accuracy":0.996886121,"f1":0.9840182648,"recall":0.9729119639,"precision":0.9953810624,"roc_auc":0.9999766079},"test":{"accuracy":0.9804270463,"f1":0.8910891089,"recall":0.8035714286,"precision":1.0,"roc_auc":0.9976355167}}
{"params":{"max_depth":5},"train":{"accuracy":0.9679715302,"f1":0.85,"recall":0.920993228,"precision":0.7891682785,"roc_auc":0.9947518183},"test":{"accuracy":0.9555160142,"f1":0.7826086957,"recall":0.8035714286,"precision":0.7627118644,"roc_auc":0.9859895539}}
{"params":{"max_depth":10},"train":{"accuracy":0.9966637011,"f1":0.9828178694,"recall":0.9683972912,"precision":0.9976744186,"roc_auc":0.999988304},"test":{"accuracy":0.9804270463,"f1":0.8910891089,"recall":0.8035714286,"precision":1.0,"roc_auc":0.9972473179}}
