{"params":{"max_depth":3},"train":{"accuracy":0.931272242,"f1":0.7267904509,"recall":0.927765237,"precision":0.5973837209,"roc_auc":0.9748646461},"test":{"accuracy":0.9270462633,"f1":0.7092198582,"recall":0.8928571429,"precision":0.5882352941,"roc_auc":0.9564335121}}
{"params":{"max_depth":5},"train":{"accuracy":0.9637455516,"f1":0.8321318229,"recall":0.9119638826,"precision":0.7651515152,"roc_auc":0.9935844418},"test":{"accuracy":0.9519572954,"f1":0.7692307692,"recall":0.8035714286,"precision":0.737704918,"roc_auc":0.9840485601}}
{"params":{"max_depth":3},"train":{"accuracy":0.9328291815,"f1":0.7274368231,"recall":0.9097065463,"precision":0.6060150376,"roc_auc":0.9768721884},"test":{"accuracy":0.9288256228,"f1":0.7142857143,"recall":0.8928571429,"precision":0.5952380952,"roc_auc":0.9626094015}}
{"params":{"max_depth":5},"train":{"accuracy":0.9664145907,"f1":0.8428720083,"recall":0.914221219,"precision":0.7818532819,"roc_auc":0.9946532374},"test":{"accuracy":0.9519572954,"f1":0.7652173913,"recall":0.7857142857,"precision":0.7457627119,"roc_auc":0.9872953134}}
{"params":{"max_depth":3},"train":{"accuracy":0.9323843416,"f1":0.725631769,"recall":0.9074492099,"precision":0.6045112782,"roc_auc":0.9757722034},"test":{"accuracy":0.9270462633,"f1":0.700729927,"recall":0.8571428571,"precision":0.5925925926,"roc_auc":0.961480096}}
{"params":{"max_depth":10},"train":{"accuracy":0.9953291815,"f1":0.976,"recall":0.9638826185,"precision":0.9884259259,"roc_auc":0.9998913939},"test":{"accuracy":0.9786476868,"f1":0.88,"recall":0.7857142857,"precision":1.0,"roc_auc":0.9972473179}}
{"params":{"max_depth":5},"train":{"accuracy":0.9673042705,"f1":0.8463949843,"recall":0.914221219,"precision":0.7879377432,"roc_auc":0.9949478663},"test":{"accuracy":0.9537366548,"f1":0.7719298246,"recall":0.7857142857,"precision":0.7586206897,"roc_auc":0.9874717674}}
{"params":{"max_depth":10},"train":{"accuracy":0.9959964413,"f1":0.9793577982,"recall":0.9638826185,"precision":0.9953379953,"roc_auc":0.9999598993},"test":{"accuracy":0.9786476868,"f1":0.88,"recall":0.7857142857,"precision":1.0,"roc_auc":0.9975649351}}
{"params":{"max_depth":3},"train":{"accuracy":0.9319395018,"f1":0.7218181818,"recall":0.8961625282,"precision":0.604261796,"roc_auc":0.9761545526},"test":{"accuracy":0.9270462633,"f1":0.700729927,"recall":0.8571428571,"precision":0.5925925926,"roc_auc":0.961744777}}
{"params":{"max_depth":10},"train":{"accuracy":0.9966637011,"f1":0.9828571429,"recall":0.9706546275,"precision":0.9953703704,"roc_auc":0.9999782788},"test":{"accuracy":0.9768683274,"f1":0.8686868687,"recall":0.7678571429,"precision":1.0,"roc_auc":0.9976708075}}
{"params":{"max_depth":5},"train":{"accuracy":0.9697508897,"f1":0.8577405858,"recall":0.9255079007,"precision":0.7992202729,"roc_auc":0.9953433039},"test":{"accuracy":0.9572953737,"f1":0.7857142857,"recall":0.7857142857,"precision":0.7857142857,"roc_auc":0.9876129305}}
{"params":{"max_depth":3},"train":{"accuracy":0.9326067616,"f1":0.7237921604,"recall":0.8961625282,"precision":0.6070336391,"roc_auc":0.9758588098},"test":{"accuracy":0.9288256228,"f1":0.7058823529,"recall":0.8571428571,"precision":0.6,"roc_auc":0.9611095426}}
{"params":{"max_depth":10},"train":{"accuracy":0.996886121,"f1":0.9839816934,"recall":0.9706546275,"precision":0.9976798144,"roc_auc":0.9999782788},"test":{"accuracy":0.9822064057,"f1":0.9019607843,"recall":0.8214285714,"precision":1.0,"roc_auc":0.9977766798}}
{"params":{"max_depth":5},"train":{"accuracy":0.9675266904,"f1":0.8472803347,"recall":0.914221219,"precision":0.7894736842,"roc_auc":0.9949294868},"test":{"accuracy":0.9537366548,"f1":0.7719298246,"recall":0.7857142857,"precision":0.7586206897,"roc_auc":0.9872247318}}
{"params":{"max_depth":10},"train":{"accuracy":0.996886121,"f1":0.9840182648,"recall":0.9729119639,"precision":0.9953810624,"roc_auc":0.9999793927},"test":{"accuracy":0.9804270463,"f1":0.8910891089,"recall":0.8035714286,"precision":1.0,"roc_auc":0.9978119706}}
