{"params":{"max_depth":3},"train":{"accuracy":0.903034789,"f1":0.9101508916,"recall":0.9822353812,"precision":0.8479233227,"roc_auc":0.9566223117},"test":{"accuracy":0.8167259786,"f1":0.4824120603,"recall":0.8571428571,"precision":0.3356643357,"roc_auc":0.9134846132}}
{"params":{"max_depth":5},"train":{"accuracy":0.9660745127,"f1":0.9667673716,"recall":0.9869232667,"precision":0.9474182852,"roc_auc":0.994242278},"test":{"accuracy":0.9359430605,"f1":0.71875,"recall":0.8214285714,"precision":0.6388888889,"roc_auc":0.9710262564}}
{"params":{"max_depth":3},"train":{"accuracy":0.9230199852,"f1":0.9270175439,"recall":0.9777942265,"precision":0.8812541694,"roc_auc":0.9678061028},"test":{"accuracy":0.8540925267,"f1":0.5287356322,"recall":0.8214285714,"precision":0.3898305085,"roc_auc":0.918972332}}
{"params":{"max_depth":5},"train":{"accuracy":0.9665679743,"f1":0.9672507553,"recall":0.9874167283,"precision":0.9478919943,"roc_auc":0.9956341795},"test":{"accuracy":0.9359430605,"f1":0.71875,"recall":0.8214285714,"precision":0.6388888889,"roc_auc":0.9736024845}}
{"params":{"max_depth":3},"train":{"accuracy":0.910560079,"f1":0.9165035126,"recall":0.9817419196,"precision":0.8593952484,"roc_auc":0.9679821869},"test":{"accuracy":0.8380782918,"f1":0.513368984,"recall":0.8571428571,"precision":0.3664122137,"roc_auc":0.9212132976}}
{"params":{"max_depth":10},"train":{"accuracy":0.9955588453,"f1":0.9955489614,"recall":0.9933382679,"precision":0.9977695167,"roc_auc":0.9999247571},"test":{"accuracy":0.9715302491,"f1":0.8461538462,"recall":0.7857142857,"precision":0.9166666667,"roc_auc":0.9793725296}}
{"params":{"max_depth":5},"train":{"accuracy":0.9652109548,"f1":0.9659502536,"recall":0.9869232667,"precision":0.9458500828,"roc_auc":0.9961291326},"test":{"accuracy":0.9306049822,"f1":0.7022900763,"recall":0.8214285714,"precision":0.6133333333,"roc_auc":0.9734613213}}
{"params":{"max_depth":10},"train":{"accuracy":0.9951887491,"f1":0.9951750588,"recall":0.9923513447,"precision":0.9980148883,"roc_auc":0.9999383934},"test":{"accuracy":0.9697508897,"f1":0.8349514563,"recall":0.7678571429,"precision":0.914893617,"roc_auc":0.9811017787}}
{"params":{"max_depth":3},"train":{"accuracy":0.9027880582,"f1":0.9099428571,"recall":0.9822353812,"precision":0.8475622738,"roc_auc":0.9700632058},"test":{"accuracy":0.8167259786,"f1":0.4824120603,"recall":0.8571428571,"precision":0.3356643357,"roc_auc":0.9244424054}}
{"params":{"max_depth":10},"train":{"accuracy":0.9964224032,"f1":0.9964157706,"recall":0.994571922,"precision":0.9982664685,"roc_auc":0.9999323058},"test":{"accuracy":0.9733096085,"f1":0.8571428571,"recall":0.8035714286,"precision":0.9183673469,"roc_auc":0.9814899774}}
{"params":{"max_depth":5},"train":{"accuracy":0.9631137429,"f1":0.9639367989,"recall":0.9859363434,"precision":0.9428975932,"roc_auc":0.9962458625},"test":{"accuracy":0.9288256228,"f1":0.696969697,"recall":0.8214285714,"precision":0.6052631579,"roc_auc":0.9735848391}}
{"params":{"max_depth":3},"train":{"accuracy":0.9027880582,"f1":0.9099222679,"recall":0.9819886504,"precision":0.8477103301,"roc_auc":0.9701105674},"test":{"accuracy":0.8149466192,"f1":0.48,"recall":0.8571428571,"precision":0.3333333333,"roc_auc":0.9243894692}}
{"params":{"max_depth":10},"train":{"accuracy":0.9962990377,"f1":0.9962917182,"recall":0.9943251912,"precision":0.9982660391,"roc_auc":0.9999257312},"test":{"accuracy":0.9733096085,"f1":0.8571428571,"recall":0.8035714286,"precision":0.9183673469,"roc_auc":0.9811194241}}
{"params":{"max_depth":5},"train":{"accuracy":0.9628670121,"f1":0.9636955735,"recall":0.9856896126,"precision":0.9426616328,"roc_auc":0.996456646},"test":{"accuracy":0.9306049822,"f1":0.7067669173,"recall":0.8392857143,"precision":0.6103896104,"roc_auc":0.9751199887}}
{"params":{"max_depth":10},"train":{"accuracy":0.9960523069,"f1":0.9960444994,"recall":0.9940784604,"precision":0.9980183304,"roc_auc":0.9999301751},"test":{"accuracy":0.975088968,"f1":0.8653846154,"recall":0.8035714286,"precision":0.9375,"roc_auc":0.9864836251}}
