{"params":{"max_depth":3,"n_estimators":25},"train":{"accuracy":0.9268443129,"f1":0.9276917449,"recall":0.9385640266,"precision":0.9170684667,"roc_auc":0.9566929584},"test":{"accuracy":0.8932384342,"f1":0.5833333333,"recall":0.75,"precision":0.4772727273,"roc_auc":0.9060206098}}
{"params":{"max_depth":5,"n_estimators":25},"train":{"accuracy":0.9673081668,"f1":0.9678982435,"recall":0.9856896126,"precision":0.9507377439,"roc_auc":0.9953190848},"test":{"accuracy":0.9341637011,"f1":0.7131782946,"recall":0.8214285714,"precision":0.6301369863,"roc_auc":0.9675677583}}
{"params":{"max_depth":3,"n_estimators":50},"train":{"accuracy":0.9357266223,"f1":0.9370544883,"recall":0.9568221071,"precision":0.9180871212,"roc_auc":0.9567976349},"test":{"accuracy":0.8896797153,"f1":0.5753424658,"recall":0.75,"precision":0.4666666667,"roc_auc":0.9095496894}}
{"params":{"max_depth":5,"n_estimators":50},"train":{"accuracy":0.9680483592,"f1":0.9685946405,"recall":0.9854428818,"precision":0.9523128278,"roc_auc":0.996220812},"test":{"accuracy":0.9377224199,"f1":0.7244094488,"recall":0.8214285714,"precision":0.6478873239,"roc_auc":0.9683441558}}
{"params":{"max_depth":10,"n_estimators":25},"train":{"accuracy":0.994571922,"f1":0.9945598417,"recall":0.9923513447,"precision":0.9967781908,"roc_auc":0.9998670466},"test":{"accuracy":0.9697508897,"f1":0.8349514563,"recall":0.7678571429,"precision":0.914893617,"roc_auc":0.9797960192}}
{"params":{"max_depth":3,"n_estimators":100},"train":{"accuracy":0.9298050827,"f1":0.9309382207,"recall":0.946212682,"precision":0.9161490683,"roc_auc":0.9703099366},"test":{"accuracy":0.8896797153,"f1":0.5753424658,"recall":0.75,"precision":0.4666666667,"roc_auc":0.9227308018}}
{"params":{"max_depth":5,"n_estimators":100},"train":{"accuracy":0.9689119171,"f1":0.9694471387,"recall":0.9864298051,"precision":0.9530393325,"roc_auc":0.9964866883},"test":{"accuracy":0.9359430605,"f1":0.71875,"recall":0.8214285714,"precision":0.6388888889,"roc_auc":0.9740612648}}
{"params":{"max_depth":10,"n_estimators":50},"train":{"accuracy":0.9953121145,"f1":0.995302843,"recall":0.9933382679,"precision":0.9972752044,"roc_auc":0.9998708209},"test":{"accuracy":0.9679715302,"f1":0.8235294118,"recall":0.75,"precision":0.9130434783,"roc_auc":0.9806253529}}
{"params":{"max_depth":3,"n_estimators":250},"train":{"accuracy":0.9290648902,"f1":0.9301591158,"recall":0.9447322971,"precision":0.9160287081,"roc_auc":0.9704706191},"test":{"accuracy":0.8896797153,"f1":0.5753424658,"recall":0.75,"precision":0.4666666667,"roc_auc":0.9230131282}}
{"params":{"max_depth":10,"n_estimators":100},"train":{"accuracy":0.9955588453,"f1":0.9955489614,"recall":0.9933382679,"precision":0.9977695167,"roc_auc":0.9998740474},"test":{"accuracy":0.9715302491,"f1":0.8461538462,"recall":0.7857142857,"precision":0.9166666667,"roc_auc":0.9865189159}}
{"params":{"max_depth":5,"n_estimators":250},"train":{"accuracy":0.9660745127,"f1":0.9667512997,"recall":0.9864298051,"precision":0.9478425794,"roc_auc":0.9965623877},"test":{"accuracy":0.9306049822,"f1":0.7022900763,"recall":0.8214285714,"precision":0.6133333333,"roc_auc":0.9765316206}}
{"params":{"max_depth":3,"n_estimators":500},"train":{"accuracy":0.931408833,"f1":0.9324751032,"recall":0.9471996052,"precision":0.9182013872,"roc_auc":0.9702705194},"test":{"accuracy":0.8932384342,"f1":0.5833333333,"recall":0.75,"precision":0.4772727273,"roc_auc":0.9241953698}}
{"params":{"max_depth":10,"n_estimators":250},"train":{"accuracy":0.9955588453,"f1":0.9955511616,"recall":0.9938317296,"precision":0.9972765536,"roc_auc":0.9998758736},"test":{"accuracy":0.9697508897,"f1":0.8349514563,"recall":0.7678571429,"precision":0.914893617,"roc_auc":0.9876835121}}
{"params":{"max_depth":5,"n_estimators":500},"train":{"accuracy":0.9664446089,"f1":0.9670861568,"recall":0.9859363434,"precision":0.9489432439,"roc_auc":0.9967131474},"test":{"accuracy":0.9323843416,"f1":0.7076923077,"recall":0.8214285714,"precision":0.6216216216,"roc_auc":0.9754728967}}
{"params":{"max_depth":10,"n_estimators":500},"train":{"accuracy":0.9958055761,"f1":0.9957983193,"recall":0.9940784604,"precision":0.9975241396,"roc_auc":0.9998730733},"test":{"accuracy":0.9715302491,"f1":0.8461538462,"recall":0.7857142857,"precision":0.9166666667,"roc_auc":0.9866953698}}
