{"params":{"max_depth":3,"n_estimators":25},"train":{"accuracy":0.9305452751,"f1":0.9317161916,"recall":0.9476930669,"precision":0.916269084,"roc_auc":0.9648734882},"test":{"accuracy":0.8896797153,"f1":0.5753424658,"recall":0.75,"precision":0.4666666667,"roc_auc":0.9201545737}}
{"params":{"max_depth":5,"n_estimators":25},"train":{"accuracy":0.964964224,"f1":0.9656007752,"recall":0.9834690353,"precision":0.9483702118,"roc_auc":0.995819882},"test":{"accuracy":0.9359430605,"f1":0.71875,"recall":0.8214285714,"precision":0.6388888889,"roc_auc":0.9788961039}}
{"params":{"max_depth":3,"n_estimators":50},"train":{"accuracy":0.9330125833,"f1":0.9341738393,"recall":0.9506538367,"precision":0.9182554814,"roc_auc":0.9650244001},"test":{"accuracy":0.8896797153,"f1":0.5753424658,"recall":0.75,"precision":0.4666666667,"roc_auc":0.9221132129}}
{"params":{"max_depth":5,"n_estimators":50},"train":{"accuracy":0.9668147052,"f1":0.9673899867,"recall":0.9844559585,"precision":0.9509056244,"roc_auc":0.9962251037},"test":{"accuracy":0.9359430605,"f1":0.71875,"recall":0.8214285714,"precision":0.6388888889,"roc_auc":0.9773962451}}
{"params":{"max_depth":10,"n_estimators":25},"train":{"accuracy":0.9950653837,"f1":0.9950556242,"recall":0.9930915371,"precision":0.9970274957,"roc_auc":0.9998723428},"test":{"accuracy":0.9786476868,"f1":0.8867924528,"recall":0.8392857143,"precision":0.94,"roc_auc":0.992818323}}
{"params":{"max_depth":3,"n_estimators":100},"train":{"accuracy":0.9351097952,"f1":0.9363041899,"recall":0.9538613373,"precision":0.9193816885,"roc_auc":0.9701659038},"test":{"accuracy":0.8914590747,"f1":0.5793103448,"recall":0.75,"precision":0.4719101124,"roc_auc":0.9256775833}}
{"params":{"max_depth":5,"n_estimators":100},"train":{"accuracy":0.9666913397,"f1":0.9672647915,"recall":0.9842092277,"precision":0.9508939213,"roc_auc":0.9965039771},"test":{"accuracy":0.9377224199,"f1":0.7244094488,"recall":0.8214285714,"precision":0.6478873239,"roc_auc":0.9752787973}}
{"params":{"max_depth":10,"n_estimators":50},"train":{"accuracy":0.9951887491,"f1":0.9951810206,"recall":0.9935849988,"precision":0.9967821782,"roc_auc":0.9998767259},"test":{"accuracy":0.9786476868,"f1":0.8867924528,"recall":0.8392857143,"precision":0.94,"roc_auc":0.9914419819}}
{"params":{"max_depth":3,"n_estimators":250},"train":{"accuracy":0.9300518135,"f1":0.9309967141,"recall":0.9437453738,"precision":0.9185878963,"roc_auc":0.9701985029},"test":{"accuracy":0.8932384342,"f1":0.5833333333,"recall":0.75,"precision":0.4772727273,"roc_auc":0.924601214}}
{"params":{"max_depth":10,"n_estimators":100},"train":{"accuracy":0.9955588453,"f1":0.9955511616,"recall":0.9938317296,"precision":0.9972765536,"roc_auc":0.9998820221},"test":{"accuracy":0.9768683274,"f1":0.8785046729,"recall":0.8392857143,"precision":0.9215686275,"roc_auc":0.9901538679}}
{"params":{"max_depth":5,"n_estimators":250},"train":{"accuracy":0.9669380706,"f1":0.9675308941,"recall":0.985196151,"precision":0.9504879791,"roc_auc":0.9965228183},"test":{"accuracy":0.9341637011,"f1":0.7131782946,"recall":0.8214285714,"precision":0.6301369863,"roc_auc":0.9768315923}}
{"params":{"max_depth":3,"n_estimators":500},"train":{"accuracy":0.9311621021,"f1":0.9322322079,"recall":0.9469528744,"precision":0.91796221,"roc_auc":0.9702435513},"test":{"accuracy":0.8932384342,"f1":0.5833333333,"recall":0.75,"precision":0.4772727273,"roc_auc":0.9247600226}}
{"params":{"max_depth":10,"n_estimators":250},"train":{"accuracy":0.9951887491,"f1":0.9951786377,"recall":0.9930915371,"precision":0.9972745292,"roc_auc":0.9998763606},"test":{"accuracy":0.9733096085,"f1":0.8571428571,"recall":0.8035714286,"precision":0.9183673469,"roc_auc":0.9899068323}}
{"params":{"max_depth":5,"n_estimators":500},"train":{"accuracy":0.9669380706,"f1":0.9675466215,"recall":0.9856896126,"precision":0.950059453,"roc_auc":0.9967865031},"test":{"accuracy":0.9341637011,"f1":0.7131782946,"recall":0.8214285714,"precision":0.6301369863,"roc_auc":0.975931677}}
{"params":{"max_depth":10,"n_estimators":500},"train":{"accuracy":0.9954354799,"f1":0.995425887,"recall":0.9933382679,"precision":0.9975222993,"roc_auc":0.9998800132},"test":{"accuracy":0.9733096085,"f1":0.8571428571,"recall":0.8035714286,"precision":0.9183673469,"roc_auc":0.9883187465}}
