{"params":{"max_depth":3},"train":{"accuracy":0.930964467,"f1":0.9321695761,"recall":0.9487309645,"precision":0.9161764706,"roc_auc":0.9750036074},"test":{"accuracy":0.9330708661,"f1":0.32,"recall":0.5,"precision":0.2352941176,"roc_auc":0.8292682927}}
{"params":{"max_depth":5},"train":{"accuracy":0.9675126904,"f1":0.9680479281,"recall":0.9842639594,"precision":0.9523575639,"roc_auc":0.9915761808},"test":{"accuracy":0.9527559055,"f1":0.4545454545,"recall":0.625,"precision":0.3571428571,"roc_auc":0.9075203252}}
{"params":{"max_depth":3},"train":{"accuracy":0.930964467,"f1":0.9321357285,"recall":0.9482233503,"precision":0.9165848871,"roc_auc":0.9780575382},"test":{"accuracy":0.937007874,"f1":0.3333333333,"recall":0.5,"precision":0.25,"roc_auc":0.8734756098}}
{"params":{"max_depth":5},"train":{"accuracy":0.9687817259,"f1":0.9692423106,"recall":0.9837563452,"precision":0.9551503204,"roc_auc":0.9932384241},"test":{"accuracy":0.9566929134,"f1":0.4761904762,"recall":0.625,"precision":0.3846153846,"roc_auc":0.8915142276}}
{"params":{"max_depth":3},"train":{"accuracy":0.9185279188,"f1":0.9169899147,"recall":0.9,"precision":0.9346336321,"roc_auc":0.9793225798},"test":{"accuracy":0.9527559055,"f1":0.3333333333,"recall":0.375,"precision":0.3,"roc_auc":0.874745935}}
{"params":{"max_depth":10},"train":{"accuracy":0.9862944162,"f1":0.9864116759,"recall":0.9949238579,"precision":0.9780439122,"roc_auc":0.99892074},"test":{"accuracy":0.9645669291,"f1":0.4705882353,"recall":0.5,"precision":0.4444444444,"roc_auc":0.8816056911}}
{"params":{"max_depth":5},"train":{"accuracy":0.9708121827,"f1":0.9712140175,"recall":0.9847715736,"precision":0.9580246914,"roc_auc":0.9949589013},"test":{"accuracy":0.9527559055,"f1":0.4545454545,"recall":0.625,"precision":0.3571428571,"roc_auc":0.9021849593}}
{"params":{"max_depth":10},"train":{"accuracy":0.9873096447,"f1":0.9874055416,"recall":0.9949238579,"precision":0.98,"roc_auc":0.9991261048},"test":{"accuracy":0.968503937,"f1":0.5555555556,"recall":0.625,"precision":0.5,"roc_auc":0.9092987805}}
{"params":{"max_depth":3},"train":{"accuracy":0.9329949239,"f1":0.9334006054,"recall":0.9390862944,"precision":0.9277833501,"roc_auc":0.9798196295},"test":{"accuracy":0.9527559055,"f1":0.4,"recall":0.5,"precision":0.3333333333,"roc_auc":0.862804878}}
{"params":{"max_depth":10},"train":{"accuracy":0.9883248731,"f1":0.988401412,"recall":0.9949238579,"precision":0.9819639279,"roc_auc":0.9992769718},"test":{"accuracy":0.9724409449,"f1":0.5882352941,"recall":0.625,"precision":0.5555555556,"roc_auc":0.9352134146}}
{"params":{"max_depth":5},"train":{"accuracy":0.9703045685,"f1":0.9707719211,"recall":0.9862944162,"precision":0.9557304476,"roc_auc":0.9950421294},"test":{"accuracy":0.9527559055,"f1":0.4545454545,"recall":0.625,"precision":0.3571428571,"roc_auc":0.9044715447}}
{"params":{"max_depth":3},"train":{"accuracy":0.9324873096,"f1":0.933064922,"recall":0.9411167513,"precision":0.9251497006,"roc_auc":0.9799694658},"test":{"accuracy":0.9488188976,"f1":0.380952381,"recall":0.5,"precision":0.3076923077,"roc_auc":0.8643292683}}
{"params":{"max_depth":10},"train":{"accuracy":0.9878172589,"f1":0.9879032258,"recall":0.9949238579,"precision":0.980980981,"roc_auc":0.9992790332},"test":{"accuracy":0.9724409449,"f1":0.5882352941,"recall":0.625,"precision":0.5555555556,"roc_auc":0.931402439}}
{"params":{"max_depth":5},"train":{"accuracy":0.9703045685,"f1":0.9707719211,"recall":0.9862944162,"precision":0.9557304476,"roc_auc":0.9952076838},"test":{"accuracy":0.9527559055,"f1":0.4545454545,"recall":0.625,"precision":0.3571428571,"roc_auc":0.8993902439}}
{"params":{"max_depth":10},"train":{"accuracy":0.9873096447,"f1":0.9873991935,"recall":0.9944162437,"precision":0.9804804805,"roc_auc":0.999503981},"test":{"accuracy":0.9724409449,"f1":0.5882352941,"recall":0.625,"precision":0.5555555556,"roc_auc":0.9319105691}}
