{"params":{"max_depth":3},"train":{"accuracy":0.9307106599,"f1":0.9317670582,"recall":0.9461928934,"precision":0.9177744953,"roc_auc":0.9783449715},"test":{"accuracy":0.9448818898,"f1":0.3636363636,"recall":0.5,"precision":0.2857142857,"roc_auc":0.8379065041}}
{"params":{"max_depth":5},"train":{"accuracy":0.9705583756,"f1":0.9710578842,"recall":0.9878172589,"precision":0.9548577036,"roc_auc":0.9937059703},"test":{"accuracy":0.9566929134,"f1":0.4761904762,"recall":0.625,"precision":0.3846153846,"roc_auc":0.8620426829}}
{"params":{"max_depth":3},"train":{"accuracy":0.9319796954,"f1":0.9325276939,"recall":0.9401015228,"precision":0.9250749251,"roc_auc":0.9785120719},"test":{"accuracy":0.9488188976,"f1":0.380952381,"recall":0.5,"precision":0.3076923077,"roc_auc":0.8551829268}}
{"params":{"max_depth":5},"train":{"accuracy":0.971319797,"f1":0.9717429357,"recall":0.9862944162,"precision":0.9576145885,"roc_auc":0.9935637352},"test":{"accuracy":0.9566929134,"f1":0.4761904762,"recall":0.625,"precision":0.3846153846,"roc_auc":0.862296748}}
{"params":{"max_depth":3},"train":{"accuracy":0.9324873096,"f1":0.9331322272,"recall":0.9421319797,"precision":0.9243027888,"roc_auc":0.9802178618},"test":{"accuracy":0.9488188976,"f1":0.380952381,"recall":0.5,"precision":0.3076923077,"roc_auc":0.8521341463}}
{"params":{"max_depth":10},"train":{"accuracy":0.9883248731,"f1":0.9884072581,"recall":0.9954314721,"precision":0.9814814815,"roc_auc":0.9992856039},"test":{"accuracy":0.968503937,"f1":0.5,"recall":0.5,"precision":0.5,"roc_auc":0.9197154472}}
{"params":{"max_depth":5},"train":{"accuracy":0.9710659898,"f1":0.9715284715,"recall":0.9873096447,"precision":0.9562438545,"roc_auc":0.9941705532},"test":{"accuracy":0.9527559055,"f1":0.4545454545,"recall":0.625,"precision":0.3571428571,"roc_auc":0.8821138211}}
{"params":{"max_depth":10},"train":{"accuracy":0.9875634518,"f1":0.987654321,"recall":0.9949238579,"precision":0.9804902451,"roc_auc":0.9993839058},"test":{"accuracy":0.9724409449,"f1":0.5882352941,"recall":0.625,"precision":0.5555555556,"roc_auc":0.9225101626}}
{"params":{"max_depth":3},"train":{"accuracy":0.933248731,"f1":0.9338031714,"recall":0.9416243655,"precision":0.9261108337,"roc_auc":0.9806855369},"test":{"accuracy":0.9488188976,"f1":0.380952381,"recall":0.5,"precision":0.3076923077,"roc_auc":0.8536585366}}
{"params":{"max_depth":10},"train":{"accuracy":0.9873096447,"f1":0.9874055416,"recall":0.9949238579,"precision":0.98,"roc_auc":0.9994756371},"test":{"accuracy":0.9724409449,"f1":0.5882352941,"recall":0.625,"precision":0.5555555556,"roc_auc":0.9171747967}}
{"params":{"max_depth":5},"train":{"accuracy":0.9703045685,"f1":0.9707865169,"recall":0.9868020305,"precision":0.9552825553,"roc_auc":0.9950570744},"test":{"accuracy":0.9527559055,"f1":0.4545454545,"recall":0.625,"precision":0.3571428571,"roc_auc":0.8831300813}}
{"params":{"max_depth":3},"train":{"accuracy":0.9335025381,"f1":0.9339717742,"recall":0.9406091371,"precision":0.9274274274,"roc_auc":0.9804158829},"test":{"accuracy":0.9488188976,"f1":0.380952381,"recall":0.5,"precision":0.3076923077,"roc_auc":0.8541666667}}
{"params":{"max_depth":10},"train":{"accuracy":0.9875634518,"f1":0.987654321,"recall":0.9949238579,"precision":0.9804902451,"roc_auc":0.9995501044},"test":{"accuracy":0.968503937,"f1":0.5,"recall":0.5,"precision":0.5,"roc_auc":0.9242886179}}
{"params":{"max_depth":5},"train":{"accuracy":0.9703045685,"f1":0.9707719211,"recall":0.9862944162,"precision":0.9557304476,"roc_auc":0.99502435},"test":{"accuracy":0.9566929134,"f1":0.4761904762,"recall":0.625,"precision":0.3846153846,"roc_auc":0.8861788618}}
{"params":{"max_depth":10},"train":{"accuracy":0.9875634518,"f1":0.987654321,"recall":0.9949238579,"precision":0.9804902451,"roc_auc":0.9995014043},"test":{"accuracy":0.9724409449,"f1":0.5882352941,"recall":0.625,"precision":0.5555555556,"roc_auc":0.9197154472}}
