{"params":{"max_depth":3},"train":{"accuracy":0.9236040609,"f1":0.9227610983,"recall":0.9126903553,"precision":0.9330565646,"roc_auc":0.9785504651},"test":{"accuracy":0.9527559055,"f1":0.4,"recall":0.5,"precision":0.3333333333,"roc_auc":0.8285060976}}
{"params":{"max_depth":5},"train":{"accuracy":0.9723350254,"f1":0.9727295472,"recall":0.9868020305,"precision":0.9590527874,"roc_auc":0.993218841},"test":{"accuracy":0.9566929134,"f1":0.4761904762,"recall":0.625,"precision":0.3846153846,"roc_auc":0.9049796748}}
{"params":{"max_depth":3},"train":{"accuracy":0.9225888325,"f1":0.9216944801,"recall":0.9111675127,"precision":0.9324675325,"roc_auc":0.9790336005},"test":{"accuracy":0.9566929134,"f1":0.4210526316,"recall":0.5,"precision":0.3636363636,"roc_auc":0.8536585366}}
{"params":{"max_depth":5},"train":{"accuracy":0.9733502538,"f1":0.9737302977,"recall":0.9878172589,"precision":0.9600394672,"roc_auc":0.9929628437},"test":{"accuracy":0.9566929134,"f1":0.4761904762,"recall":0.625,"precision":0.3846153846,"roc_auc":0.8976117886}}
{"params":{"max_depth":10},"train":{"accuracy":0.9890862944,"f1":0.9891605747,"recall":0.9959390863,"precision":0.9824737106,"roc_auc":0.9991543199},"test":{"accuracy":0.9724409449,"f1":0.5882352941,"recall":0.625,"precision":0.5555555556,"roc_auc":0.9151422764}}
{"params":{"max_depth":3},"train":{"accuracy":0.9335025381,"f1":0.9340050378,"recall":0.9411167513,"precision":0.927,"roc_auc":0.979244634},"test":{"accuracy":0.9527559055,"f1":0.4,"recall":0.5,"precision":0.3333333333,"roc_auc":0.8556910569}}
{"params":{"max_depth":5},"train":{"accuracy":0.9708121827,"f1":0.9712715463,"recall":0.9868020305,"precision":0.9562223315,"roc_auc":0.9930308691},"test":{"accuracy":0.9566929134,"f1":0.4761904762,"recall":0.625,"precision":0.3846153846,"roc_auc":0.8897357724}}
{"params":{"max_depth":10},"train":{"accuracy":0.9885786802,"f1":0.9886449659,"recall":0.9944162437,"precision":0.982940291,"roc_auc":0.9992126826},"test":{"accuracy":0.9724409449,"f1":0.5333333333,"recall":0.5,"precision":0.5714285714,"roc_auc":0.9235264228}}
{"params":{"max_depth":3},"train":{"accuracy":0.933248731,"f1":0.9337698313,"recall":0.9411167513,"precision":0.9265367316,"roc_auc":0.9796225102},"test":{"accuracy":0.9527559055,"f1":0.4,"recall":0.5,"precision":0.3333333333,"roc_auc":0.8582317073}}
{"params":{"max_depth":10},"train":{"accuracy":0.9893401015,"f1":0.9894099849,"recall":0.9959390863,"precision":0.9829659319,"roc_auc":0.9993149785},"test":{"accuracy":0.968503937,"f1":0.5,"recall":0.5,"precision":0.5,"roc_auc":0.9273373984}}
{"params":{"max_depth":5},"train":{"accuracy":0.9715736041,"f1":0.972027972,"recall":0.9878172589,"precision":0.9567354966,"roc_auc":0.9947183643},"test":{"accuracy":0.9566929134,"f1":0.4761904762,"recall":0.625,"precision":0.3846153846,"roc_auc":0.8958333333}}
{"params":{"max_depth":3},"train":{"accuracy":0.933248731,"f1":0.9337698313,"recall":0.9411167513,"precision":0.9265367316,"roc_auc":0.9797871628},"test":{"accuracy":0.9488188976,"f1":0.380952381,"recall":0.5,"precision":0.3076923077,"roc_auc":0.8592479675}}
{"params":{"max_depth":10},"train":{"accuracy":0.9878172589,"f1":0.9879032258,"recall":0.9949238579,"precision":0.980980981,"roc_auc":0.9992948801},"test":{"accuracy":0.968503937,"f1":0.5,"recall":0.5,"precision":0.5,"roc_auc":0.9288617886}}
{"params":{"max_depth":5},"train":{"accuracy":0.9710659898,"f1":0.9715284715,"recall":0.9873096447,"precision":0.9562438545,"roc_auc":0.9951149218},"test":{"accuracy":0.9527559055,"f1":0.4545454545,"recall":0.625,"precision":0.3571428571,"roc_auc":0.8988821138}}
{"params":{"max_depth":10},"train":{"accuracy":0.9875634518,"f1":0.987654321,"recall":0.9949238579,"precision":0.9804902451,"roc_auc":0.9995289752},"test":{"accuracy":0.968503937,"f1":0.5,"recall":0.5,"precision":0.5,"roc_auc":0.9273373984}}
