{"params":{"max_depth":3},"train":{"accuracy":0.9274111675,"f1":0.928891099,"recall":0.9482233503,"precision":0.910331384,"roc_auc":0.9787737381},"test":{"accuracy":0.9330708661,"f1":0.32,"recall":0.5,"precision":0.2352941176,"roc_auc":0.8394308943}}
{"params":{"max_depth":5},"train":{"accuracy":0.9687817259,"f1":0.9693037185,"recall":0.985786802,"precision":0.9533627884,"roc_auc":0.9935489191},"test":{"accuracy":0.9566929134,"f1":0.4761904762,"recall":0.625,"precision":0.3846153846,"roc_auc":0.8854166667}}
{"params":{"max_depth":3},"train":{"accuracy":0.9296954315,"f1":0.9308709758,"recall":0.9467005076,"precision":0.9155621011,"roc_auc":0.9794157283},"test":{"accuracy":0.9409448819,"f1":0.347826087,"recall":0.5,"precision":0.2666666667,"roc_auc":0.8282520325}}
{"params":{"max_depth":5},"train":{"accuracy":0.9715736041,"f1":0.9719298246,"recall":0.9842639594,"precision":0.9599009901,"roc_auc":0.9936586874},"test":{"accuracy":0.9566929134,"f1":0.4761904762,"recall":0.625,"precision":0.3846153846,"roc_auc":0.8739837398}}
{"params":{"max_depth":3},"train":{"accuracy":0.9319796954,"f1":0.932899349,"recall":0.9456852792,"precision":0.9204545455,"roc_auc":0.9800776882},"test":{"accuracy":0.9488188976,"f1":0.380952381,"recall":0.5,"precision":0.3076923077,"roc_auc":0.8297764228}}
{"params":{"max_depth":10},"train":{"accuracy":0.9883248731,"f1":0.9883838384,"recall":0.9934010152,"precision":0.9834170854,"roc_auc":0.9991474916},"test":{"accuracy":0.968503937,"f1":0.5555555556,"recall":0.625,"precision":0.5,"roc_auc":0.881097561}}
{"params":{"max_depth":5},"train":{"accuracy":0.9720812183,"f1":0.9724448898,"recall":0.9852791878,"precision":0.9599406528,"roc_auc":0.9941286815},"test":{"accuracy":0.9566929134,"f1":0.4761904762,"recall":0.625,"precision":0.3846153846,"roc_auc":0.8770325203}}
{"params":{"max_depth":10},"train":{"accuracy":0.9860406091,"f1":0.986121625,"recall":0.9918781726,"precision":0.9804315103,"roc_auc":0.9993100827},"test":{"accuracy":0.9645669291,"f1":0.4,"recall":0.375,"precision":0.4285714286,"roc_auc":0.925304878}}
{"params":{"max_depth":3},"train":{"accuracy":0.9324873096,"f1":0.9332664325,"recall":0.9441624365,"precision":0.9226190476,"roc_auc":0.9806074622},"test":{"accuracy":0.9488188976,"f1":0.380952381,"recall":0.5,"precision":0.3076923077,"roc_auc":0.8455284553}}
{"params":{"max_depth":10},"train":{"accuracy":0.9875634518,"f1":0.9876418663,"recall":0.9939086294,"precision":0.9814536341,"roc_auc":0.9994011698},"test":{"accuracy":0.968503937,"f1":0.5,"recall":0.5,"precision":0.5,"roc_auc":0.9192073171}}
{"params":{"max_depth":5},"train":{"accuracy":0.9703045685,"f1":0.9707573107,"recall":0.985786802,"precision":0.9561792221,"roc_auc":0.9947662913},"test":{"accuracy":0.9566929134,"f1":0.4761904762,"recall":0.625,"precision":0.3846153846,"roc_auc":0.8927845528}}
{"params":{"max_depth":3},"train":{"accuracy":0.9294416244,"f1":0.9306733167,"recall":0.9472081218,"precision":0.9147058824,"roc_auc":0.9805341544},"test":{"accuracy":0.937007874,"f1":0.3333333333,"recall":0.5,"precision":0.25,"roc_auc":0.8506097561}}
{"params":{"max_depth":10},"train":{"accuracy":0.9875634518,"f1":0.9876418663,"recall":0.9939086294,"precision":0.9814536341,"roc_auc":0.9994256487},"test":{"accuracy":0.9724409449,"f1":0.5882352941,"recall":0.625,"precision":0.5555555556,"roc_auc":0.9283536585}}
{"params":{"max_depth":5},"train":{"accuracy":0.9697969543,"f1":0.9702425606,"recall":0.9847715736,"precision":0.9561360276,"roc_auc":0.9948962869},"test":{"accuracy":0.9566929134,"f1":0.4761904762,"recall":0.625,"precision":0.3846153846,"roc_auc":0.8973577236}}
{"params":{"max_depth":10},"train":{"accuracy":0.9875634518,"f1":0.9876418663,"recall":0.9939086294,"precision":0.9814536341,"roc_auc":0.9995111959},"test":{"accuracy":0.9724409449,"f1":0.5882352941,"recall":0.625,"precision":0.5555555556,"roc_auc":0.9324186992}}
