{"params":{"max_depth":3},"train":{"accuracy":0.9149746193,"f1":0.9126922075,"recall":0.8888324873,"precision":0.9378682378,"roc_auc":0.9786809761},"test":{"accuracy":0.9488188976,"f1":0.3157894737,"recall":0.375,"precision":0.2727272727,"roc_auc":0.8577235772}}
{"params":{"max_depth":5},"train":{"accuracy":0.9695431472,"f1":0.9699849925,"recall":0.9842639594,"precision":0.9561143984,"roc_auc":0.9936782705},"test":{"accuracy":0.9527559055,"f1":0.4545454545,"recall":0.625,"precision":0.3571428571,"roc_auc":0.8795731707}}
{"params":{"max_depth":3},"train":{"accuracy":0.9350253807,"f1":0.9353861686,"recall":0.9406091371,"precision":0.9302208835,"roc_auc":0.9807299853},"test":{"accuracy":0.9488188976,"f1":0.380952381,"recall":0.5,"precision":0.3076923077,"roc_auc":0.8495934959}}
{"params":{"max_depth":5},"train":{"accuracy":0.9710659898,"f1":0.9714714715,"recall":0.9852791878,"precision":0.9580454097,"roc_auc":0.9937768301},"test":{"accuracy":0.9606299213,"f1":0.5,"recall":0.625,"precision":0.4166666667,"roc_auc":0.8861788618}}
{"params":{"max_depth":3},"train":{"accuracy":0.9337563452,"f1":0.9342403628,"recall":0.9411167513,"precision":0.9274637319,"roc_auc":0.9809603443},"test":{"accuracy":0.9527559055,"f1":0.4,"recall":0.5,"precision":0.3333333333,"roc_auc":0.8544207317}}
{"params":{"max_depth":10},"train":{"accuracy":0.9890862944,"f1":0.9891496341,"recall":0.9949238579,"precision":0.9834420472,"roc_auc":0.9993040274},"test":{"accuracy":0.9724409449,"f1":0.5882352941,"recall":0.625,"precision":0.5555555556,"roc_auc":0.9263211382}}
{"params":{"max_depth":5},"train":{"accuracy":0.9700507614,"f1":0.9705,"recall":0.9852791878,"precision":0.9561576355,"roc_auc":0.9946526579},"test":{"accuracy":0.9527559055,"f1":0.4545454545,"recall":0.625,"precision":0.3571428571,"roc_auc":0.881097561}}
{"params":{"max_depth":10},"train":{"accuracy":0.9878172589,"f1":0.9878971256,"recall":0.9944162437,"precision":0.9814629259,"roc_auc":0.9993442243},"test":{"accuracy":0.9763779528,"f1":0.625,"recall":0.625,"precision":0.625,"roc_auc":0.9179369919}}
{"params":{"max_depth":3},"train":{"accuracy":0.9329949239,"f1":0.9335681933,"recall":0.9416243655,"precision":0.9256487026,"roc_auc":0.9810997449},"test":{"accuracy":0.9488188976,"f1":0.380952381,"recall":0.5,"precision":0.3076923077,"roc_auc":0.8554369919}}
{"params":{"max_depth":10},"train":{"accuracy":0.9873096447,"f1":0.9873928391,"recall":0.9939086294,"precision":0.9809619238,"roc_auc":0.9995561597},"test":{"accuracy":0.9724409449,"f1":0.5882352941,"recall":0.625,"precision":0.5555555556,"roc_auc":0.9197154472}}
{"params":{"max_depth":5},"train":{"accuracy":0.9697969543,"f1":0.9702574356,"recall":0.9852791878,"precision":0.9556868538,"roc_auc":0.9948730964},"test":{"accuracy":0.9527559055,"f1":0.4545454545,"recall":0.625,"precision":0.3571428571,"roc_auc":0.9095528455}}
{"params":{"max_depth":3},"train":{"accuracy":0.9329949239,"f1":0.9336016097,"recall":0.9421319797,"precision":0.925224327,"roc_auc":0.981144451},"test":{"accuracy":0.9488188976,"f1":0.380952381,"recall":0.5,"precision":0.3076923077,"roc_auc":0.8567073171}}
{"params":{"max_depth":10},"train":{"accuracy":0.9875634518,"f1":0.9876480968,"recall":0.9944162437,"precision":0.9809714572,"roc_auc":0.9995702028},"test":{"accuracy":0.968503937,"f1":0.5,"recall":0.5,"precision":0.5,"roc_auc":0.9354674797}}
{"params":{"max_depth":5},"train":{"accuracy":0.9703045685,"f1":0.9707573107,"recall":0.985786802,"precision":0.9561792221,"roc_auc":0.994884434},"test":{"accuracy":0.9527559055,"f1":0.4545454545,"recall":0.625,"precision":0.3571428571,"roc_auc":0.9039634146}}
{"params":{"max_depth":10},"train":{"accuracy":0.9875634518,"f1":0.9876480968,"recall":0.9944162437,"precision":0.9809714572,"roc_auc":0.9995524234},"test":{"accuracy":0.9724409449,"f1":0.5882352941,"recall":0.625,"precision":0.5555555556,"roc_auc":0.9364837398}}
