{"params":{"max_depth":3},"train":{"accuracy":0.970203571,"f1":0.8390663391,"recall":0.8092417062,"precision":0.8711734694,"roc_auc":0.9872976511},"test":{"accuracy":0.9727024568,"f1":0.85,"recall":0.8095238095,"precision":0.8947368421,"roc_auc":0.9844735077}}
{"params":{"max_depth":5},"train":{"accuracy":0.9902194928,"f1":0.946716233,"recall":0.9052132701,"precision":0.9922077922,"roc_auc":0.9989230813},"test":{"accuracy":0.9909008189,"f1":0.95,"recall":0.9047619048,"precision":1.0,"roc_auc":0.9981029031}}
{"params":{"max_depth":3},"train":{"accuracy":0.9684976686,"f1":0.8299570289,"recall":0.8009478673,"precision":0.8611464968,"roc_auc":0.9889280091},"test":{"accuracy":0.9727024568,"f1":0.8514851485,"recall":0.819047619,"precision":0.8865979381,"roc_auc":0.9865574399}}
{"params":{"max_depth":5},"train":{"accuracy":0.990105766,"f1":0.9460632362,"recall":0.904028436,"precision":0.9921976593,"roc_auc":0.999004316},"test":{"accuracy":0.991810737,"f1":0.9552238806,"recall":0.9142857143,"precision":1.0,"roc_auc":0.9981987161}}
{"params":{"max_depth":10},"train":{"accuracy":0.9987490049,"f1":0.993456276,"recall":0.9893364929,"precision":0.9976105137,"roc_auc":0.9999757041},"test":{"accuracy":0.9954504095,"f1":0.9756097561,"recall":0.9523809524,"precision":1.0,"roc_auc":0.9999520935}}
{"params":{"max_depth":3},"train":{"accuracy":0.9707722052,"f1":0.8408668731,"recall":0.8045023697,"precision":0.8806744488,"roc_auc":0.9898130946},"test":{"accuracy":0.9727024568,"f1":0.8469387755,"recall":0.7904761905,"precision":0.9120879121,"roc_auc":0.9876592891}}
{"params":{"max_depth":5},"train":{"accuracy":0.9906744001,"f1":0.9494451295,"recall":0.9123222749,"precision":0.9897172237,"roc_auc":0.9988290279},"test":{"accuracy":0.991810737,"f1":0.9552238806,"recall":0.9142857143,"precision":1.0,"roc_auc":0.9980454153}}
{"params":{"max_depth":10},"train":{"accuracy":0.9987490049,"f1":0.993456276,"recall":0.9893364929,"precision":0.9976105137,"roc_auc":0.9999765984},"test":{"accuracy":0.9954504095,"f1":0.9756097561,"recall":0.9523809524,"precision":1.0,"roc_auc":0.9999616748}}
{"params":{"max_depth":3},"train":{"accuracy":0.9723643808,"f1":0.8549253731,"recall":0.8483412322,"precision":0.861612515,"roc_auc":0.9892905841},"test":{"accuracy":0.9763421292,"f1":0.8712871287,"recall":0.8380952381,"precision":0.9072164948,"roc_auc":0.9875826387}}
{"params":{"max_depth":10},"train":{"accuracy":0.9986352781,"f1":0.9928656361,"recall":0.9893364929,"precision":0.9964200477,"roc_auc":0.999978089},"test":{"accuracy":0.9963603276,"f1":0.9805825243,"recall":0.9619047619,"precision":1.0,"roc_auc":0.9999329309}}
{"params":{"max_depth":5},"train":{"accuracy":0.9914704879,"f1":0.9542403905,"recall":0.9265402844,"precision":0.9836477987,"roc_auc":0.9985793617},"test":{"accuracy":0.9936305732,"f1":0.9655172414,"recall":0.9333333333,"precision":1.0,"roc_auc":0.997422631}}
{"params":{"max_depth":3},"train":{"accuracy":0.970885932,"f1":0.8431372549,"recall":0.8151658768,"precision":0.8730964467,"roc_auc":0.9894716853},"test":{"accuracy":0.9763421292,"f1":0.8686868687,"recall":0.819047619,"precision":0.9247311828,"roc_auc":0.987755102}}
{"params":{"max_depth":10},"train":{"accuracy":0.9988627317,"f1":0.9940617577,"recall":0.9917061611,"precision":0.9964285714,"roc_auc":0.9999783871},"test":{"accuracy":0.9963603276,"f1":0.9805825243,"recall":0.9619047619,"precision":1.0,"roc_auc":0.9999520935}}
{"params":{"max_depth":5},"train":{"accuracy":0.9909018537,"f1":0.9508599509,"recall":0.9170616114,"precision":0.987244898,"roc_auc":0.9986845941},"test":{"accuracy":0.9927206551,"f1":0.9603960396,"recall":0.9238095238,"precision":1.0,"roc_auc":0.9975567692}}
{"params":{"max_depth":10},"train":{"accuracy":0.9989764585,"f1":0.9946587537,"recall":0.9928909953,"precision":0.9964328181,"roc_auc":0.9999792814},"test":{"accuracy":0.9954504095,"f1":0.9756097561,"recall":0.9523809524,"precision":1.0,"roc_auc":0.9999520935}}
