{"params":{"max_depth":3},"train":{"accuracy":0.8800478048,"f1":0.8889147784,"recall":0.9598691659,"precision":0.8277283576,"roc_auc":0.9737124727},"test":{"accuracy":0.779799818,"f1":0.4097560976,"recall":0.8,"precision":0.2754098361,"roc_auc":0.8906678164}}
{"params":{"max_depth":5},"train":{"accuracy":0.9457164423,"f1":0.9465800062,"recall":0.9618819977,"precision":0.9317572508,"roc_auc":0.9949427332},"test":{"accuracy":0.9144676979,"f1":0.641221374,"recall":0.8,"precision":0.5350318471,"roc_auc":0.9672223819}}
{"params":{"max_depth":3},"train":{"accuracy":0.8789784879,"f1":0.888022349,"recall":0.9597433639,"precision":0.8262753168,"roc_auc":0.9730713953},"test":{"accuracy":0.7770700637,"f1":0.4096385542,"recall":0.8095238095,"precision":0.2741935484,"roc_auc":0.8842962537}}
{"params":{"max_depth":5},"train":{"accuracy":0.9445842244,"f1":0.9454184995,"recall":0.9598691659,"precision":0.9313964844,"roc_auc":0.9947586356},"test":{"accuracy":0.9135577798,"f1":0.6360153257,"recall":0.7904761905,"precision":0.5320512821,"roc_auc":0.9649755677}}
{"params":{"max_depth":3},"train":{"accuracy":0.8769656561,"f1":0.8863583546,"recall":0.959617562,"precision":0.8234913095,"roc_auc":0.9741123122},"test":{"accuracy":0.7752502275,"f1":0.4105011933,"recall":0.819047619,"precision":0.2738853503,"roc_auc":0.884401648}}
{"params":{"max_depth":10},"train":{"accuracy":0.9850924645,"f1":0.9852822455,"recall":0.9979871682,"precision":0.9728967378,"roc_auc":0.9988023885},"test":{"accuracy":0.974522293,"f1":0.8771929825,"recall":0.9523809524,"precision":0.8130081301,"roc_auc":0.9944811728}}
{"params":{"max_depth":5},"train":{"accuracy":0.9447100264,"f1":0.9455289087,"recall":0.9597433639,"precision":0.93172936,"roc_auc":0.9949034844},"test":{"accuracy":0.9135577798,"f1":0.6360153257,"recall":0.7904761905,"precision":0.5320512821,"roc_auc":0.9657181182}}
{"params":{"max_depth":10},"train":{"accuracy":0.9849666625,"f1":0.9851580451,"recall":0.9978613662,"precision":0.9727740986,"roc_auc":0.9987723109},"test":{"accuracy":0.9699727025,"f1":0.8533333333,"recall":0.9142857143,"precision":0.8,"roc_auc":0.9940212705}}
{"params":{"max_depth":3},"train":{"accuracy":0.8765882501,"f1":0.8860362454,"recall":0.95949176,"precision":0.8230279486,"roc_auc":0.9750975606},"test":{"accuracy":0.7743403094,"f1":0.4095238095,"recall":0.819047619,"precision":0.273015873,"roc_auc":0.8887132318}}
{"params":{"max_depth":10},"train":{"accuracy":0.9849037615,"f1":0.9850931677,"recall":0.9976097622,"precision":0.9728867624,"roc_auc":0.9989254842},"test":{"accuracy":0.9727024568,"f1":0.8672566372,"recall":0.9333333333,"precision":0.8099173554,"roc_auc":0.9941170835}}
{"params":{"max_depth":5},"train":{"accuracy":0.9443955214,"f1":0.9452360302,"recall":0.9597433639,"precision":0.931160747,"roc_auc":0.9948778856},"test":{"accuracy":0.9126478617,"f1":0.6335877863,"recall":0.7904761905,"precision":0.5286624204,"roc_auc":0.9654258887}}
{"params":{"max_depth":3},"train":{"accuracy":0.8767140521,"f1":0.8861656406,"recall":0.9597433639,"precision":0.8230661344,"roc_auc":0.9750978851},"test":{"accuracy":0.7743403094,"f1":0.4095238095,"recall":0.819047619,"precision":0.273015873,"roc_auc":0.8870844112}}
{"params":{"max_depth":10},"train":{"accuracy":0.9850295635,"f1":0.9852210631,"recall":0.9979871682,"precision":0.9727774372,"roc_auc":0.9988709078},"test":{"accuracy":0.9736123749,"f1":0.872246696,"recall":0.9428571429,"precision":0.8114754098,"roc_auc":0.9939637827}}
{"params":{"max_depth":5},"train":{"accuracy":0.9444584224,"f1":0.9452810312,"recall":0.95949176,"precision":0.9314851001,"roc_auc":0.9949046159},"test":{"accuracy":0.9135577798,"f1":0.6360153257,"recall":0.7904761905,"precision":0.5320512821,"roc_auc":0.9659959759}}
{"params":{"max_depth":10},"train":{"accuracy":0.9849666625,"f1":0.9851562015,"recall":0.9977355642,"precision":0.9728900883,"roc_auc":0.9988638256},"test":{"accuracy":0.9736123749,"f1":0.872246696,"recall":0.9428571429,"precision":0.8114754098,"roc_auc":0.9939829453}}
