{"params":{"max_depth":3},"train":{"accuracy":0.877154359,"f1":0.8865128712,"recall":0.959617562,"precision":0.8237580994,"roc_auc":0.9809842754},"test":{"accuracy":0.7743403094,"f1":0.4066985646,"recall":0.8095238095,"precision":0.2715654952,"roc_auc":0.8953722334}}
{"params":{"max_depth":5},"train":{"accuracy":0.9461567493,"f1":0.9470559129,"recall":0.9631400176,"precision":0.9315001825,"roc_auc":0.9954463051},"test":{"accuracy":0.9135577798,"f1":0.6360153257,"recall":0.7904761905,"precision":0.5320512821,"roc_auc":0.9714764779}}
{"params":{"max_depth":3},"train":{"accuracy":0.8768398541,"f1":0.8862024875,"recall":0.959114354,"precision":0.8235929567,"roc_auc":0.9756231705},"test":{"accuracy":0.7734303913,"f1":0.4,"recall":0.7904761905,"precision":0.2677419355,"roc_auc":0.8879658906}}
{"params":{"max_depth":5},"train":{"accuracy":0.9452761354,"f1":0.9461433701,"recall":0.9613787898,"precision":0.9313833029,"roc_auc":0.9951344985},"test":{"accuracy":0.9126478617,"f1":0.6335877863,"recall":0.7904761905,"precision":0.5286624204,"roc_auc":0.9675768899}}
{"params":{"max_depth":3},"train":{"accuracy":0.8765253491,"f1":0.8859582873,"recall":0.959240156,"precision":0.8230785838,"roc_auc":0.9759228464},"test":{"accuracy":0.7734303913,"f1":0.4028776978,"recall":0.8,"precision":0.2692307692,"roc_auc":0.8934320207}}
{"params":{"max_depth":10},"train":{"accuracy":0.9852182664,"f1":0.9854082583,"recall":0.9982387722,"precision":0.972903384,"roc_auc":0.9996916435},"test":{"accuracy":0.9736123749,"f1":0.8733624454,"recall":0.9523809524,"precision":0.8064516129,"roc_auc":0.9964165948}}
{"params":{"max_depth":5},"train":{"accuracy":0.9451503334,"f1":0.9460262441,"recall":0.9613787898,"precision":0.93115633,"roc_auc":0.9954836627},"test":{"accuracy":0.9126478617,"f1":0.6335877863,"recall":0.7904761905,"precision":0.5286624204,"roc_auc":0.9677972597}}
{"params":{"max_depth":10},"train":{"accuracy":0.9853440684,"f1":0.9855324433,"recall":0.9983645742,"precision":0.9730259931,"roc_auc":0.9991510384},"test":{"accuracy":0.974522293,"f1":0.8771929825,"recall":0.9523809524,"precision":0.8130081301,"roc_auc":0.9953051643}}
{"params":{"max_depth":3},"train":{"accuracy":0.8767140521,"f1":0.8861920799,"recall":0.9599949679,"precision":0.8229267767,"roc_auc":0.975071946},"test":{"accuracy":0.7743403094,"f1":0.4066985646,"recall":0.8095238095,"precision":0.2715654952,"roc_auc":0.8880569129}}
{"params":{"max_depth":10},"train":{"accuracy":0.9851553655,"f1":0.9853452558,"recall":0.9981129702,"precision":0.9729000613,"roc_auc":0.9989788895},"test":{"accuracy":0.9736123749,"f1":0.8733624454,"recall":0.9523809524,"precision":0.8064516129,"roc_auc":0.9944524289}}
{"params":{"max_depth":5},"train":{"accuracy":0.9452761354,"f1":0.9461433701,"recall":0.9613787898,"precision":0.9313833029,"roc_auc":0.9953191579},"test":{"accuracy":0.9126478617,"f1":0.6335877863,"recall":0.7904761905,"precision":0.5286624204,"roc_auc":0.966388809}}
{"params":{"max_depth":3},"train":{"accuracy":0.8766511511,"f1":0.8861009467,"recall":0.959617562,"precision":0.8230470436,"roc_auc":0.9752578003},"test":{"accuracy":0.7752502275,"f1":0.4105011933,"recall":0.819047619,"precision":0.2738853503,"roc_auc":0.8894078758}}
{"params":{"max_depth":10},"train":{"accuracy":0.9850924645,"f1":0.9852840733,"recall":0.9981129702,"precision":0.9727807749,"roc_auc":0.9989068252},"test":{"accuracy":0.9727024568,"f1":0.8684210526,"recall":0.9428571429,"precision":0.8048780488,"roc_auc":0.9940404331}}
{"params":{"max_depth":5},"train":{"accuracy":0.9450874324,"f1":0.9459810655,"recall":0.9616303938,"precision":0.9308329274,"roc_auc":0.9954964661},"test":{"accuracy":0.9126478617,"f1":0.6335877863,"recall":0.7904761905,"precision":0.5286624204,"roc_auc":0.9664942033}}
{"params":{"max_depth":10},"train":{"accuracy":0.9850924645,"f1":0.9852859005,"recall":0.9982387722,"precision":0.9726648688,"roc_auc":0.9988848427},"test":{"accuracy":0.9736123749,"f1":0.8733624454,"recall":0.9523809524,"precision":0.8064516129,"roc_auc":0.9939158762}}
