{"params":{"max_depth":3,"n_estimators":25},"train":{"accuracy":0.8808655177,"f1":0.8893562332,"recall":0.9576047302,"precision":0.8301886792,"roc_auc":0.8996207519},"test":{"accuracy":0.779799818,"f1":0.395,"recall":0.7523809524,"precision":0.2677966102,"roc_auc":0.8335824471}}
{"params":{"max_depth":5,"n_estimators":25},"train":{"accuracy":0.9450245314,"f1":0.9459960455,"recall":0.9630142156,"precision":0.9295689132,"roc_auc":0.9690997305},"test":{"accuracy":0.9108280255,"f1":0.6287878788,"recall":0.7904761905,"precision":0.5220125786,"roc_auc":0.9456309284}}
{"params":{"max_depth":3,"n_estimators":50},"train":{"accuracy":0.8801107057,"f1":0.8887202242,"recall":0.9574789282,"precision":0.8291752914,"roc_auc":0.9002886941},"test":{"accuracy":0.7779799818,"f1":0.39,"recall":0.7428571429,"precision":0.2644067797,"roc_auc":0.836174188}}
{"params":{"max_depth":5,"n_estimators":50},"train":{"accuracy":0.9450874324,"f1":0.9460545016,"recall":0.9630142156,"precision":0.9296818071,"roc_auc":0.9691514424},"test":{"accuracy":0.9108280255,"f1":0.6287878788,"recall":0.7904761905,"precision":0.5220125786,"roc_auc":0.9468381719}}
{"params":{"max_depth":3,"n_estimators":100},"train":{"accuracy":0.8801107057,"f1":0.8887462059,"recall":0.9577305321,"precision":0.8290319068,"roc_auc":0.9257857611},"test":{"accuracy":0.7761601456,"f1":0.3910891089,"recall":0.7523809524,"precision":0.2642140468,"roc_auc":0.8578470825}}
{"params":{"max_depth":10,"n_estimators":25},"train":{"accuracy":0.9845892565,"f1":0.9847835538,"recall":0.9973581583,"precision":0.9725220805,"roc_auc":0.9963855866},"test":{"accuracy":0.9717925387,"f1":0.8622222222,"recall":0.9238095238,"precision":0.8083333333,"roc_auc":0.992186452}}
{"params":{"max_depth":5,"n_estimators":100},"train":{"accuracy":0.9451503334,"f1":0.946112965,"recall":0.9630142156,"precision":0.9297947285,"roc_auc":0.9690953625},"test":{"accuracy":0.9108280255,"f1":0.6287878788,"recall":0.7904761905,"precision":0.5220125786,"roc_auc":0.9457506946}}
{"params":{"max_depth":10,"n_estimators":50},"train":{"accuracy":0.9842118505,"f1":0.9844109062,"recall":0.9969807523,"precision":0.9721540726,"roc_auc":0.9965842442},"test":{"accuracy":0.9699727025,"f1":0.8533333333,"recall":0.9142857143,"precision":0.8,"roc_auc":0.9922583118}}
{"params":{"max_depth":3,"n_estimators":250},"train":{"accuracy":0.8806139137,"f1":0.889122561,"recall":0.9573531262,"precision":0.829970553,"roc_auc":0.9740551244},"test":{"accuracy":0.7779799818,"f1":0.3930348259,"recall":0.7523809524,"precision":0.265993266,"roc_auc":0.8897623838}}
{"params":{"max_depth":10,"n_estimators":100},"train":{"accuracy":0.9842118505,"f1":0.9844050947,"recall":0.9966033463,"precision":0.9725018414,"roc_auc":0.996603014},"test":{"accuracy":0.9699727025,"f1":0.8533333333,"recall":0.9142857143,"precision":0.8,"roc_auc":0.9920187793}}
{"params":{"max_depth":5,"n_estimators":250},"train":{"accuracy":0.9452132344,"f1":0.9461780881,"recall":0.9631400176,"precision":0.9298032548,"roc_auc":0.9951872233},"test":{"accuracy":0.9108280255,"f1":0.6287878788,"recall":0.7904761905,"precision":0.5220125786,"roc_auc":0.9648318482}}
{"params":{"max_depth":3,"n_estimators":500},"train":{"accuracy":0.8804881117,"f1":0.8889927553,"recall":0.9571015222,"precision":0.829933457,"roc_auc":0.9736593127},"test":{"accuracy":0.7779799818,"f1":0.3930348259,"recall":0.7523809524,"precision":0.265993266,"roc_auc":0.8858148893}}
{"params":{"max_depth":10,"n_estimators":250},"train":{"accuracy":0.9843376525,"f1":0.9845312791,"recall":0.9968549503,"precision":0.9725085911,"roc_auc":0.9986811365},"test":{"accuracy":0.9699727025,"f1":0.8533333333,"recall":0.9142857143,"precision":0.8,"roc_auc":0.9927661205}}
{"params":{"max_depth":5,"n_estimators":500},"train":{"accuracy":0.9452132344,"f1":0.9461780881,"recall":0.9631400176,"precision":0.9298032548,"roc_auc":0.9953032052},"test":{"accuracy":0.9099181074,"f1":0.6264150943,"recall":0.7904761905,"precision":0.51875,"roc_auc":0.9648989173}}
{"params":{"max_depth":10,"n_estimators":500},"train":{"accuracy":0.9844005535,"f1":0.9845924453,"recall":0.9968549503,"precision":0.9726279612,"roc_auc":0.9986812315},"test":{"accuracy":0.9699727025,"f1":0.8533333333,"recall":0.9142857143,"precision":0.8,"roc_auc":0.9929577465}}
