{"params":{"max_depth":3},"train":{"accuracy":0.8740722103,"f1":0.8838477605,"recall":0.9582337401,"precision":0.8201787445,"roc_auc":0.9749955533},"test":{"accuracy":0.7688808007,"f1":0.3894230769,"recall":0.7714285714,"precision":0.2604501608,"roc_auc":0.8936763438}}
{"params":{"max_depth":5},"train":{"accuracy":0.9434520065,"f1":0.9443653691,"recall":0.9598691659,"precision":0.9293544458,"roc_auc":0.9954401409},"test":{"accuracy":0.9135577798,"f1":0.641509434,"recall":0.8095238095,"precision":0.53125,"roc_auc":0.9682619527}}
{"params":{"max_depth":3},"train":{"accuracy":0.8753931312,"f1":0.8850327897,"recall":0.959240156,"precision":0.8214824391,"roc_auc":0.9747360758},"test":{"accuracy":0.7707006369,"f1":0.3942307692,"recall":0.780952381,"precision":0.2636655949,"roc_auc":0.8917217591}}
{"params":{"max_depth":5},"train":{"accuracy":0.9443326205,"f1":0.9451910572,"recall":0.9599949679,"precision":0.9308367895,"roc_auc":0.9953681636},"test":{"accuracy":0.9144676979,"f1":0.6439393939,"recall":0.8095238095,"precision":0.534591195,"roc_auc":0.9670355466}}
{"params":{"max_depth":10},"train":{"accuracy":0.9847779595,"f1":0.9849764092,"recall":0.9979871682,"precision":0.972300527,"roc_auc":0.9988257954},"test":{"accuracy":0.974522293,"f1":0.8782608696,"recall":0.9619047619,"precision":0.808,"roc_auc":0.9944811728}}
{"params":{"max_depth":3},"train":{"accuracy":0.8765253491,"f1":0.8860112653,"recall":0.9597433639,"precision":0.8227998274,"roc_auc":0.9751260635},"test":{"accuracy":0.7734303913,"f1":0.4057279236,"recall":0.8095238095,"precision":0.2707006369,"roc_auc":0.8926894702}}
{"params":{"max_depth":5},"train":{"accuracy":0.9446471254,"f1":0.9454770756,"recall":0.9598691659,"precision":0.9315101941,"roc_auc":0.9953872657},"test":{"accuracy":0.9144676979,"f1":0.641221374,"recall":0.8,"precision":0.5350318471,"roc_auc":0.9670882437}}
{"params":{"max_depth":10},"train":{"accuracy":0.9848408605,"f1":0.985039419,"recall":0.9981129702,"precision":0.9723039216,"roc_auc":0.9987622218},"test":{"accuracy":0.9736123749,"f1":0.8733624454,"recall":0.9523809524,"precision":0.8064516129,"roc_auc":0.9940883396}}
{"params":{"max_depth":3},"train":{"accuracy":0.8765882501,"f1":0.8860627178,"recall":0.9597433639,"precision":0.8228885773,"roc_auc":0.9751962287},"test":{"accuracy":0.7734303913,"f1":0.4057279236,"recall":0.8095238095,"precision":0.2707006369,"roc_auc":0.8930631407}}
{"params":{"max_depth":10},"train":{"accuracy":0.9853440684,"f1":0.9855342398,"recall":0.9984903761,"precision":0.972910027,"roc_auc":0.9988511409},"test":{"accuracy":0.9754322111,"f1":0.8820960699,"recall":0.9619047619,"precision":0.814516129,"roc_auc":0.9940404331}}
{"params":{"max_depth":5},"train":{"accuracy":0.9445842244,"f1":0.9454117355,"recall":0.9597433639,"precision":0.9315018315,"roc_auc":0.9953540229},"test":{"accuracy":0.9135577798,"f1":0.6360153257,"recall":0.7904761905,"precision":0.5320512821,"roc_auc":0.9666139695}}
{"params":{"max_depth":3},"train":{"accuracy":0.8766511511,"f1":0.8861009467,"recall":0.959617562,"precision":0.8230470436,"roc_auc":0.9746677464},"test":{"accuracy":0.7752502275,"f1":0.4105011933,"recall":0.819047619,"precision":0.2738853503,"roc_auc":0.891122928}}
{"params":{"max_depth":10},"train":{"accuracy":0.9853440684,"f1":0.9855360358,"recall":0.9986161781,"precision":0.9727941176,"roc_auc":0.9988580174},"test":{"accuracy":0.9754322111,"f1":0.8820960699,"recall":0.9619047619,"precision":0.814516129,"roc_auc":0.9936667625}}
{"params":{"max_depth":5},"train":{"accuracy":0.9443955214,"f1":0.9452224563,"recall":0.95949176,"precision":0.9313713518,"roc_auc":0.9952791099},"test":{"accuracy":0.9144676979,"f1":0.6384615385,"recall":0.7904761905,"precision":0.535483871,"roc_auc":0.9660678356}}
{"params":{"max_depth":10},"train":{"accuracy":0.9852182664,"f1":0.9854118816,"recall":0.9984903761,"precision":0.9726715686,"roc_auc":0.9987999829},"test":{"accuracy":0.9736123749,"f1":0.872246696,"recall":0.9428571429,"precision":0.8114754098,"roc_auc":0.9935805308}}
