{"params":{"max_depth":3},"train":{"accuracy":0.8745125173,"f1":0.8838427948,"recall":0.9548370864,"precision":0.8226750488,"roc_auc":0.900232179},"test":{"accuracy":0.7761601456,"f1":0.4114832536,"recall":0.819047619,"precision":0.2747603834,"roc_auc":0.8374485005}}
{"params":{"max_depth":5},"train":{"accuracy":0.9442068185,"f1":0.9450467753,"recall":0.95949176,"precision":0.9310302734,"roc_auc":0.969291393},"test":{"accuracy":0.9117379436,"f1":0.6311787072,"recall":0.7904761905,"precision":0.5253164557,"roc_auc":0.9476190476}}
{"params":{"max_depth":3},"train":{"accuracy":0.8765253491,"f1":0.8859582873,"recall":0.959240156,"precision":0.8230785838,"roc_auc":0.9726944008},"test":{"accuracy":0.7743403094,"f1":0.4066985646,"recall":0.8095238095,"precision":0.2715654952,"roc_auc":0.8855514037}}
{"params":{"max_depth":5},"train":{"accuracy":0.9445213234,"f1":0.9453531599,"recall":0.9597433639,"precision":0.9313881089,"roc_auc":0.9943708398},"test":{"accuracy":0.9135577798,"f1":0.6360153257,"recall":0.7904761905,"precision":0.5320512821,"roc_auc":0.9651432404}}
{"params":{"max_depth":3},"train":{"accuracy":0.8754560322,"f1":0.8851641341,"recall":0.9599949679,"precision":0.8211557086,"roc_auc":0.9729361768},"test":{"accuracy":0.7716105551,"f1":0.4038004751,"recall":0.8095238095,"precision":0.2689873418,"roc_auc":0.8913528792}}
{"params":{"max_depth":10},"train":{"accuracy":0.9850924645,"f1":0.9852804174,"recall":0.9978613662,"precision":0.9730127576,"roc_auc":0.9968328333},"test":{"accuracy":0.9727024568,"f1":0.8672566372,"recall":0.9333333333,"precision":0.8099173554,"roc_auc":0.9921529175}}
{"params":{"max_depth":5},"train":{"accuracy":0.9433262046,"f1":0.9442277933,"recall":0.95949176,"precision":0.9294418718,"roc_auc":0.9942159731},"test":{"accuracy":0.9108280255,"f1":0.6287878788,"recall":0.7904761905,"precision":0.5220125786,"roc_auc":0.963471304}}
{"params":{"max_depth":10},"train":{"accuracy":0.9848408605,"f1":0.9850319856,"recall":0.9976097622,"precision":0.972767419,"roc_auc":0.998849582},"test":{"accuracy":0.9717925387,"f1":0.8634361233,"recall":0.9333333333,"precision":0.8032786885,"roc_auc":0.994232059}}
{"params":{"max_depth":3},"train":{"accuracy":0.8759592402,"f1":0.885548462,"recall":0.9597433639,"precision":0.8220019394,"roc_auc":0.9734977594},"test":{"accuracy":0.7734303913,"f1":0.4057279236,"recall":0.8095238095,"precision":0.2707006369,"roc_auc":0.8872329213}}
{"params":{"max_depth":10},"train":{"accuracy":0.9847150585,"f1":0.9849152648,"recall":0.9979871682,"precision":0.9721813725,"roc_auc":0.9987831281},"test":{"accuracy":0.9699727025,"f1":0.8546255507,"recall":0.9238095238,"precision":0.7950819672,"roc_auc":0.9935709495}}
{"params":{"max_depth":5},"train":{"accuracy":0.9444584224,"f1":0.9452878121,"recall":0.959617562,"precision":0.9313797314,"roc_auc":0.9948905702},"test":{"accuracy":0.9126478617,"f1":0.6335877863,"recall":0.7904761905,"precision":0.5286624204,"roc_auc":0.9660055572}}
{"params":{"max_depth":3},"train":{"accuracy":0.8765253491,"f1":0.8859715365,"recall":0.959365958,"precision":0.8230088496,"roc_auc":0.9748004961},"test":{"accuracy":0.7734303913,"f1":0.4057279236,"recall":0.8095238095,"precision":0.2707006369,"roc_auc":0.8871993868}}
{"params":{"max_depth":10},"train":{"accuracy":0.9851553655,"f1":0.9853470756,"recall":0.9982387722,"precision":0.9727841118,"roc_auc":0.9988894085},"test":{"accuracy":0.9717925387,"f1":0.8634361233,"recall":0.9333333333,"precision":0.8032786885,"roc_auc":0.9940021079}}
{"params":{"max_depth":5},"train":{"accuracy":0.9444584224,"f1":0.9452878121,"recall":0.959617562,"precision":0.9313797314,"roc_auc":0.9949438094},"test":{"accuracy":0.9126478617,"f1":0.6335877863,"recall":0.7904761905,"precision":0.5286624204,"roc_auc":0.9660438823}}
{"params":{"max_depth":10},"train":{"accuracy":0.9850924645,"f1":0.9852840733,"recall":0.9981129702,"precision":0.9727807749,"roc_auc":0.9988770246},"test":{"accuracy":0.974522293,"f1":0.8771929825,"recall":0.9523809524,"precision":0.8130081301,"roc_auc":0.9939158762}}
