{"params":{"max_depth":3,"n_estimators":50},"train":{"accuracy":0.999874198,"f1":0.9998742138,"recall":1.0,"precision":0.9997484593,"roc_auc":0.99998726},"test":{"accuracy":0.9972702457,"f1":0.9855072464,"recall":0.9714285714,"precision":1.0,"roc_auc":0.9997604676}}
{"params":{"max_depth":3,"n_estimators":25},"train":{"accuracy":0.9977984652,"f1":0.9977974954,"recall":0.9973581583,"precision":0.9982372198,"roc_auc":0.9998768093},"test":{"accuracy":0.9945404914,"f1":0.9708737864,"recall":0.9523809524,"precision":0.9900990099,"roc_auc":0.9992047523}}
{"params":{"max_depth":5,"n_estimators":25},"train":{"accuracy":0.999811297,"f1":0.9998113089,"recall":0.999874198,"precision":0.9997484277,"roc_auc":0.9999964866},"test":{"accuracy":0.9954504095,"f1":0.9758454106,"recall":0.9619047619,"precision":0.9901960784,"roc_auc":0.9998562805}}
{"params":{"max_depth":5,"n_estimators":50},"train":{"accuracy":0.999937099,"f1":0.999937103,"recall":1.0,"precision":0.9998742138,"roc_auc":1.0},"test":{"accuracy":0.9963603276,"f1":0.9805825243,"recall":0.9619047619,"precision":1.0,"roc_auc":0.9999425122}}
{"params":{"max_depth":3,"n_estimators":100},"train":{"accuracy":1.0,"f1":1.0,"recall":1.0,"precision":1.0,"roc_auc":1.0},"test":{"accuracy":0.9972702457,"f1":0.9855072464,"recall":0.9714285714,"precision":1.0,"roc_auc":0.9998562805}}
{"params":{"max_depth":10,"n_estimators":25},"train":{"accuracy":0.999937099,"f1":0.999937103,"recall":1.0,"precision":0.9998742138,"roc_auc":0.9999999367},"test":{"accuracy":0.9945404914,"f1":0.9705882353,"recall":0.9428571429,"precision":1.0,"roc_auc":0.9998658618}}
{"params":{"max_depth":5,"n_estimators":100},"train":{"accuracy":1.0,"f1":1.0,"recall":1.0,"precision":1.0,"roc_auc":1.0},"test":{"accuracy":0.9963603276,"f1":0.9805825243,"recall":0.9619047619,"precision":1.0,"roc_auc":0.9999425122}}
{"params":{"max_depth":10,"n_estimators":50},"train":{"accuracy":1.0,"f1":1.0,"recall":1.0,"precision":1.0,"roc_auc":1.0},"test":{"accuracy":0.9963603276,"f1":0.9805825243,"recall":0.9619047619,"precision":1.0,"roc_auc":0.9998562805}}
{"params":{"max_depth":3,"n_estimators":250},"train":{"accuracy":1.0,"f1":1.0,"recall":1.0,"precision":1.0,"roc_auc":1.0},"test":{"accuracy":0.9981801638,"f1":0.9903846154,"recall":0.980952381,"precision":1.0,"roc_auc":0.9997987928}}
{"params":{"max_depth":10,"n_estimators":100},"train":{"accuracy":1.0,"f1":1.0,"recall":1.0,"precision":1.0,"roc_auc":1.0},"test":{"accuracy":0.9963603276,"f1":0.9805825243,"recall":0.9619047619,"precision":1.0,"roc_auc":0.9998850244}}
{"params":{"max_depth":5,"n_estimators":250},"train":{"accuracy":1.0,"f1":1.0,"recall":1.0,"precision":1.0,"roc_auc":1.0},"test":{"accuracy":0.9963603276,"f1":0.9805825243,"recall":0.9619047619,"precision":1.0,"roc_auc":0.9999329309}}
{"params":{"max_depth":3,"n_estimators":500},"train":{"accuracy":1.0,"f1":1.0,"recall":1.0,"precision":1.0,"roc_auc":1.0},"test":{"accuracy":0.9972702457,"f1":0.9855072464,"recall":0.9714285714,"precision":1.0,"roc_auc":0.9998179554}}
{"params":{"max_depth":10,"n_estimators":250},"train":{"accuracy":1.0,"f1":1.0,"recall":1.0,"precision":1.0,"roc_auc":1.0},"test":{"accuracy":0.9963603276,"f1":0.9805825243,"recall":0.9619047619,"precision":1.0,"roc_auc":0.9998850244}}
{"params":{"max_depth":5,"n_estimators":500},"train":{"accuracy":1.0,"f1":1.0,"recall":1.0,"precision":1.0,"roc_auc":1.0},"test":{"accuracy":0.9963603276,"f1":0.9805825243,"recall":0.9619047619,"precision":1.0,"roc_auc":0.9999329309}}
{"params":{"max_depth":10,"n_estimators":500},"train":{"accuracy":1.0,"f1":1.0,"recall":1.0,"precision":1.0,"roc_auc":1.0},"test":{"accuracy":0.9963603276,"f1":0.9805825243,"recall":0.9619047619,"precision":1.0,"roc_auc":0.9998946057}}
