{"params":{"max_depth":3},"train":{"accuracy":0.9670192198,"f1":0.8253012048,"recall":0.8116113744,"precision":0.8394607843,"roc_auc":0.9866633497},"test":{"accuracy":0.9736123749,"f1":0.8571428571,"recall":0.8285714286,"precision":0.887755102,"roc_auc":0.9848807128}}
{"params":{"max_depth":5},"train":{"accuracy":0.9896508586,"f1":0.9442743417,"recall":0.913507109,"precision":0.9771863118,"roc_auc":0.9987211125},"test":{"accuracy":0.9909008189,"f1":0.9504950495,"recall":0.9142857143,"precision":0.9896907216,"roc_auc":0.9981508096}}
{"params":{"max_depth":3},"train":{"accuracy":0.9679290345,"f1":0.8278388278,"recall":0.8033175355,"precision":0.8539042821,"roc_auc":0.988444998},"test":{"accuracy":0.9772520473,"f1":0.8743718593,"recall":0.8285714286,"precision":0.9255319149,"roc_auc":0.9877167769}}
{"params":{"max_depth":5},"train":{"accuracy":0.9906744001,"f1":0.9498164015,"recall":0.9194312796,"precision":0.982278481,"roc_auc":0.9987163428},"test":{"accuracy":0.9927206551,"f1":0.9603960396,"recall":0.9238095238,"precision":1.0,"roc_auc":0.9980549966}}
{"params":{"max_depth":10},"train":{"accuracy":0.9986352781,"f1":0.9928571429,"recall":0.9881516588,"precision":0.9976076555,"roc_auc":0.9999701891},"test":{"accuracy":0.9963603276,"f1":0.9805825243,"recall":0.9619047619,"precision":1.0,"roc_auc":0.9999425122}}
{"params":{"max_depth":3},"train":{"accuracy":0.9719094734,"f1":0.8485591662,"recall":0.8199052133,"precision":0.8792884371,"roc_auc":0.9895509823},"test":{"accuracy":0.9772520473,"f1":0.8730964467,"recall":0.819047619,"precision":0.9347826087,"roc_auc":0.9886270001}}
{"params":{"max_depth":5},"train":{"accuracy":0.9915842147,"f1":0.9547123623,"recall":0.9241706161,"precision":0.9873417722,"roc_auc":0.9988026453},"test":{"accuracy":0.9927206551,"f1":0.9603960396,"recall":0.9238095238,"precision":1.0,"roc_auc":0.9982562039}}
{"params":{"max_depth":10},"train":{"accuracy":0.9986352781,"f1":0.9928571429,"recall":0.9881516588,"precision":0.9976076555,"roc_auc":0.9999743626},"test":{"accuracy":0.9963603276,"f1":0.9805825243,"recall":0.9619047619,"precision":1.0,"roc_auc":0.9999137683}}
{"params":{"max_depth":10},"train":{"accuracy":0.9988627317,"f1":0.9940546968,"recall":0.990521327,"precision":0.9976133652,"roc_auc":0.9999758532},"test":{"accuracy":0.9972702457,"f1":0.9855072464,"recall":0.9714285714,"precision":1.0,"roc_auc":0.9999329309}}
{"params":{"max_depth":3},"train":{"accuracy":0.9722506539,"f1":0.849568434,"recall":0.8163507109,"precision":0.8856041131,"roc_auc":0.989659494},"test":{"accuracy":0.9781619654,"f1":0.8775510204,"recall":0.819047619,"precision":0.9450549451,"roc_auc":0.9885311871}}
{"params":{"max_depth":5},"train":{"accuracy":0.9916979415,"f1":0.9552421827,"recall":0.922985782,"precision":0.9898348158,"roc_auc":0.9988010057},"test":{"accuracy":0.9927206551,"f1":0.9603960396,"recall":0.9238095238,"precision":1.0,"roc_auc":0.9980645779}}
{"params":{"max_depth":3},"train":{"accuracy":0.9712271125,"f1":0.8433436533,"recall":0.8068720379,"precision":0.8832684825,"roc_auc":0.9896328132},"test":{"accuracy":0.9781619654,"f1":0.8775510204,"recall":0.819047619,"precision":0.9450549451,"roc_auc":0.9887323944}}
{"params":{"max_depth":10},"train":{"accuracy":0.9989764585,"f1":0.9946524064,"recall":0.9917061611,"precision":0.9976162098,"roc_auc":0.9999795795},"test":{"accuracy":0.9954504095,"f1":0.9756097561,"recall":0.9523809524,"precision":1.0,"roc_auc":0.9999425122}}
{"params":{"max_depth":5},"train":{"accuracy":0.9914704879,"f1":0.9539594843,"recall":0.9206161137,"precision":0.9898089172,"roc_auc":0.9988199356},"test":{"accuracy":0.991810737,"f1":0.9552238806,"recall":0.9142857143,"precision":1.0,"roc_auc":0.9980166715}}
{"params":{"max_depth":10},"train":{"accuracy":0.9990901854,"f1":0.9952494062,"recall":0.9928909953,"precision":0.9976190476,"roc_auc":0.9999815172},"test":{"accuracy":0.9963603276,"f1":0.9805825243,"recall":0.9619047619,"precision":1.0,"roc_auc":0.9999712561}}
