{"params":{"max_depth":5},"train":{"accuracy":0.9445213234,"f1":0.9454747774,"recall":0.9620077997,"precision":0.9295004254,"roc_auc":0.9943030485},"test":{"accuracy":0.9099181074,"f1":0.6264150943,"recall":0.7904761905,"precision":0.51875,"roc_auc":0.9675146115}}
{"params":{"max_depth":3},"train":{"accuracy":0.8750157252,"f1":0.8848182714,"recall":0.9601207699,"precision":0.8204687164,"roc_auc":0.9753786566},"test":{"accuracy":0.7707006369,"f1":0.4028436019,"recall":0.8095238095,"precision":0.2681388013,"roc_auc":0.897777139}}
{"params":{"max_depth":3},"train":{"accuracy":0.8802365077,"f1":0.8890572194,"recall":0.9597433639,"precision":0.8280690329,"roc_auc":0.9757239434},"test":{"accuracy":0.7788898999,"f1":0.411622276,"recall":0.8095238095,"precision":0.275974026,"roc_auc":0.89519977}}
{"params":{"max_depth":5},"train":{"accuracy":0.9458422443,"f1":0.9467104042,"recall":0.9621336017,"precision":0.9317738791,"roc_auc":0.9948062406},"test":{"accuracy":0.9144676979,"f1":0.6384615385,"recall":0.7904761905,"precision":0.535483871,"roc_auc":0.9672846603}}
{"params":{"max_depth":3},"train":{"accuracy":0.8802365077,"f1":0.8890572194,"recall":0.9597433639,"precision":0.8280690329,"roc_auc":0.9756908035},"test":{"accuracy":0.7788898999,"f1":0.411622276,"recall":0.8095238095,"precision":0.275974026,"roc_auc":0.8933697423}}
{"params":{"max_depth":10},"train":{"accuracy":0.9843376525,"f1":0.9845428022,"recall":0.9976097622,"precision":0.9718137255,"roc_auc":0.9987630526},"test":{"accuracy":0.9736123749,"f1":0.8733624454,"recall":0.9523809524,"precision":0.8064516129,"roc_auc":0.9948213088}}
{"params":{"max_depth":5},"train":{"accuracy":0.9450874324,"f1":0.9459944324,"recall":0.9618819977,"precision":0.9306231743,"roc_auc":0.9949750897},"test":{"accuracy":0.9126478617,"f1":0.6335877863,"recall":0.7904761905,"precision":0.5286624204,"roc_auc":0.9669157804}}
{"params":{"max_depth":10},"train":{"accuracy":0.9848408605,"f1":0.9850338446,"recall":0.9977355642,"precision":0.9726514594,"roc_auc":0.9989345526},"test":{"accuracy":0.9727024568,"f1":0.8672566372,"recall":0.9333333333,"precision":0.8099173554,"roc_auc":0.9948787966}}
{"params":{"max_depth":3},"train":{"accuracy":0.8767140521,"f1":0.8861788618,"recall":0.9598691659,"precision":0.8229964405,"roc_auc":0.9752674226},"test":{"accuracy":0.7743403094,"f1":0.4095238095,"recall":0.819047619,"precision":0.273015873,"roc_auc":0.890605538}}
{"params":{"max_depth":10},"train":{"accuracy":0.9847779595,"f1":0.9849745436,"recall":0.9978613662,"precision":0.9724163295,"roc_auc":0.9989387623},"test":{"accuracy":0.9736123749,"f1":0.8733624454,"recall":0.9523809524,"precision":0.8064516129,"roc_auc":0.99468238}}
{"params":{"max_depth":5},"train":{"accuracy":0.9445842244,"f1":0.9453982027,"recall":0.95949176,"precision":0.9317126802,"roc_auc":0.9952646923},"test":{"accuracy":0.9135577798,"f1":0.6360153257,"recall":0.7904761905,"precision":0.5320512821,"roc_auc":0.9662163457}}
{"params":{"max_depth":3},"train":{"accuracy":0.8765882501,"f1":0.8860494831,"recall":0.959617562,"precision":0.8229582479,"roc_auc":0.9751353297},"test":{"accuracy":0.7743403094,"f1":0.4095238095,"recall":0.819047619,"precision":0.273015873,"roc_auc":0.8900881479}}
{"params":{"max_depth":10},"train":{"accuracy":0.9852182664,"f1":0.9854082583,"recall":0.9982387722,"precision":0.972903384,"roc_auc":0.9989116363},"test":{"accuracy":0.9736123749,"f1":0.8733624454,"recall":0.9523809524,"precision":0.8064516129,"roc_auc":0.9943757785}}
{"params":{"max_depth":5},"train":{"accuracy":0.9445213234,"f1":0.9453396133,"recall":0.95949176,"precision":0.9315988763,"roc_auc":0.9954071434},"test":{"accuracy":0.9135577798,"f1":0.6360153257,"recall":0.7904761905,"precision":0.5320512821,"roc_auc":0.9662882054}}
{"params":{"max_depth":10},"train":{"accuracy":0.9852182664,"f1":0.9854100702,"recall":0.9983645742,"precision":0.9727874479,"roc_auc":0.998873068},"test":{"accuracy":0.9736123749,"f1":0.8733624454,"recall":0.9523809524,"precision":0.8064516129,"roc_auc":0.9939254575}}
