{"params":{"max_depth":3,"n_estimators":25},"train":{"accuracy":0.8782865769,"f1":0.8872048965,"recall":0.9573531262,"precision":0.8266348034,"roc_auc":0.9744126132},"test":{"accuracy":0.7761601456,"f1":0.3910891089,"recall":0.7523809524,"precision":0.2642140468,"roc_auc":0.8918415253}}
{"params":{"max_depth":5,"n_estimators":25},"train":{"accuracy":0.9442697195,"f1":0.9453153932,"recall":0.9633916216,"precision":0.9279050042,"roc_auc":0.9956076526},"test":{"accuracy":0.9080982712,"f1":0.624535316,"recall":0.8,"precision":0.512195122,"roc_auc":0.9707626713}}
{"params":{"max_depth":3,"n_estimators":50},"train":{"accuracy":0.8795445968,"f1":0.8882925976,"recall":0.9578563341,"precision":0.8281487927,"roc_auc":0.9736068253},"test":{"accuracy":0.7761601456,"f1":0.3910891089,"recall":0.7523809524,"precision":0.2642140468,"roc_auc":0.8895563859}}
{"params":{"max_depth":5,"n_estimators":50},"train":{"accuracy":0.9453390364,"f1":0.9462883985,"recall":0.9630142156,"precision":0.9301336574,"roc_auc":0.9953676413},"test":{"accuracy":0.9117379436,"f1":0.6311787072,"recall":0.7904761905,"precision":0.5253164557,"roc_auc":0.9672559165}}
{"params":{"max_depth":3,"n_estimators":100},"train":{"accuracy":0.8828154485,"f1":0.891008015,"recall":0.9579821361,"precision":0.8327865267,"roc_auc":0.9753098683},"test":{"accuracy":0.7825295723,"f1":0.3979848866,"recall":0.7523809524,"precision":0.2705479452,"roc_auc":0.8898102903}}
{"params":{"max_depth":10,"n_estimators":25},"train":{"accuracy":0.9841489496,"f1":0.9843439364,"recall":0.9966033463,"precision":0.9723824721,"roc_auc":0.9988628918},"test":{"accuracy":0.9727024568,"f1":0.8695652174,"recall":0.9523809524,"precision":0.8,"roc_auc":0.9944428476}}
{"params":{"max_depth":5,"n_estimators":100},"train":{"accuracy":0.9457793433,"f1":0.9467111771,"recall":0.9632658196,"precision":0.9307159353,"roc_auc":0.9954327659},"test":{"accuracy":0.9126478617,"f1":0.6335877863,"recall":0.7904761905,"precision":0.5286624204,"roc_auc":0.9664654594}}
{"params":{"max_depth":10,"n_estimators":50},"train":{"accuracy":0.9848408605,"f1":0.9850170967,"recall":0.9966033463,"precision":0.9736971485,"roc_auc":0.9987266209},"test":{"accuracy":0.9699727025,"f1":0.8533333333,"recall":0.9142857143,"precision":0.8,"roc_auc":0.9934176487}}
{"params":{"max_depth":3,"n_estimators":250},"train":{"accuracy":0.8803623097,"f1":0.8889407918,"recall":0.9576047302,"precision":0.8294649668,"roc_auc":0.9745851181},"test":{"accuracy":0.7779799818,"f1":0.3930348259,"recall":0.7523809524,"precision":0.265993266,"roc_auc":0.8857574016}}
{"params":{"max_depth":10,"n_estimators":100},"train":{"accuracy":0.9848408605,"f1":0.9850152335,"recall":0.9964775443,"precision":0.9738136218,"roc_auc":0.9988300526},"test":{"accuracy":0.9699727025,"f1":0.8533333333,"recall":0.9142857143,"precision":0.8,"roc_auc":0.9935996934}}
{"params":{"max_depth":5,"n_estimators":250},"train":{"accuracy":0.9454019374,"f1":0.9463601533,"recall":0.9632658196,"precision":0.9300376533,"roc_auc":0.9952113424},"test":{"accuracy":0.9108280255,"f1":0.6287878788,"recall":0.7904761905,"precision":0.5220125786,"roc_auc":0.965516911}}
{"params":{"max_depth":3,"n_estimators":500},"train":{"accuracy":0.8802365077,"f1":0.8888499708,"recall":0.9577305321,"precision":0.8292125041,"roc_auc":0.9749026538},"test":{"accuracy":0.7770700637,"f1":0.3920595533,"recall":0.7523809524,"precision":0.2651006711,"roc_auc":0.8874772444}}
{"params":{"max_depth":10,"n_estimators":250},"train":{"accuracy":0.9845892565,"f1":0.9847722046,"recall":0.9966033463,"precision":0.9732186732,"roc_auc":0.9986797676},"test":{"accuracy":0.9699727025,"f1":0.8533333333,"recall":0.9142857143,"precision":0.8,"roc_auc":0.9929673278}}
{"params":{"max_depth":5,"n_estimators":500},"train":{"accuracy":0.9452761354,"f1":0.9462365591,"recall":0.9631400176,"precision":0.9299161909,"roc_auc":0.9952943742},"test":{"accuracy":0.9108280255,"f1":0.6287878788,"recall":0.7904761905,"precision":0.5220125786,"roc_auc":0.9659911852}}
{"params":{"max_depth":10,"n_estimators":500},"train":{"accuracy":0.9842118505,"f1":0.9844050947,"recall":0.9966033463,"precision":0.9725018414,"roc_auc":0.998733798},"test":{"accuracy":0.9699727025,"f1":0.8533333333,"recall":0.9142857143,"precision":0.8,"roc_auc":0.9931397911}}
