{"params":{"max_depth":3,"n_estimators":25},"train":{"accuracy":0.8806768147,"f1":0.8892780015,"recall":0.9583595421,"precision":0.8294860627,"roc_auc":0.9761992182},"test":{"accuracy":0.7788898999,"f1":0.3940149626,"recall":0.7523809524,"precision":0.2668918919,"roc_auc":0.8973795152}}
{"params":{"max_depth":5,"n_estimators":25},"train":{"accuracy":0.9455277393,"f1":0.9464638971,"recall":0.9630142156,"precision":0.9304728334,"roc_auc":0.9951099205},"test":{"accuracy":0.9135577798,"f1":0.6360153257,"recall":0.7904761905,"precision":0.5320512821,"roc_auc":0.9677110281}}
{"params":{"max_depth":3,"n_estimators":50},"train":{"accuracy":0.8821864385,"f1":0.8904486167,"recall":0.9576047302,"precision":0.8320944469,"roc_auc":0.9760663974},"test":{"accuracy":0.7788898999,"f1":0.3940149626,"recall":0.7523809524,"precision":0.2668918919,"roc_auc":0.8941985245}}
{"params":{"max_depth":5,"n_estimators":50},"train":{"accuracy":0.9452761354,"f1":0.9462365591,"recall":0.9631400176,"precision":0.9299161909,"roc_auc":0.9954363822},"test":{"accuracy":0.9117379436,"f1":0.6311787072,"recall":0.7904761905,"precision":0.5253164557,"roc_auc":0.9667002012}}
{"params":{"max_depth":10,"n_estimators":25},"train":{"accuracy":0.9845263555,"f1":0.9847148005,"recall":0.9968549503,"precision":0.9728667894,"roc_auc":0.9988051343},"test":{"accuracy":0.9717925387,"f1":0.8622222222,"recall":0.9238095238,"precision":0.8083333333,"roc_auc":0.9943135}}
{"params":{"max_depth":3,"n_estimators":100},"train":{"accuracy":0.8818719336,"f1":0.8902011225,"recall":0.9577305321,"precision":0.8315674495,"roc_auc":0.9757363274},"test":{"accuracy":0.779799818,"f1":0.3980099502,"recall":0.7619047619,"precision":0.2693602694,"roc_auc":0.8946201016}}
{"params":{"max_depth":5,"n_estimators":100},"train":{"accuracy":0.9452132344,"f1":0.9461714356,"recall":0.9630142156,"precision":0.9299076774,"roc_auc":0.995380413},"test":{"accuracy":0.9108280255,"f1":0.6287878788,"recall":0.7904761905,"precision":0.5220125786,"roc_auc":0.9670642905}}
{"params":{"max_depth":10,"n_estimators":50},"train":{"accuracy":0.9849037615,"f1":0.9850820487,"recall":0.9968549503,"precision":0.9735839784,"roc_auc":0.9988224402},"test":{"accuracy":0.9699727025,"f1":0.8533333333,"recall":0.9142857143,"precision":0.8,"roc_auc":0.9941649899}}
{"params":{"max_depth":3,"n_estimators":250},"train":{"accuracy":0.8832557554,"f1":0.8913984786,"recall":0.9582337401,"precision":0.8332786347,"roc_auc":0.975824566},"test":{"accuracy":0.7834394904,"f1":0.4020100503,"recall":0.7619047619,"precision":0.2730375427,"roc_auc":0.8916498994}}
{"params":{"max_depth":10,"n_estimators":100},"train":{"accuracy":0.9847779595,"f1":0.9849577325,"recall":0.9967291483,"precision":0.9734611132,"roc_auc":0.9988583418},"test":{"accuracy":0.9699727025,"f1":0.8533333333,"recall":0.9142857143,"precision":0.8,"roc_auc":0.9937050877}}
{"params":{"max_depth":5,"n_estimators":250},"train":{"accuracy":0.9452761354,"f1":0.9462365591,"recall":0.9631400176,"precision":0.9299161909,"roc_auc":0.9956123767},"test":{"accuracy":0.9108280255,"f1":0.6287878788,"recall":0.7904761905,"precision":0.5220125786,"roc_auc":0.9675385647}}
{"params":{"max_depth":3,"n_estimators":500},"train":{"accuracy":0.8823122405,"f1":0.8905655963,"recall":0.9577305321,"precision":0.8322037604,"roc_auc":0.9755646375},"test":{"accuracy":0.779799818,"f1":0.3980099502,"recall":0.7619047619,"precision":0.2693602694,"roc_auc":0.8896330363}}
{"params":{"max_depth":10,"n_estimators":250},"train":{"accuracy":0.9849037615,"f1":0.985080194,"recall":0.9967291483,"precision":0.973700381,"roc_auc":0.9989321312},"test":{"accuracy":0.9699727025,"f1":0.8533333333,"recall":0.9142857143,"precision":0.8,"roc_auc":0.994232059}}
{"params":{"max_depth":5,"n_estimators":500},"train":{"accuracy":0.9452761354,"f1":0.9462365591,"recall":0.9631400176,"precision":0.9299161909,"roc_auc":0.9955511612},"test":{"accuracy":0.9108280255,"f1":0.6287878788,"recall":0.7904761905,"precision":0.5220125786,"roc_auc":0.9667049919}}
{"params":{"max_depth":10,"n_estimators":500},"train":{"accuracy":0.9844634545,"f1":0.9846536191,"recall":0.9968549503,"precision":0.9727473607,"roc_auc":0.9988404187},"test":{"accuracy":0.9699727025,"f1":0.8533333333,"recall":0.9142857143,"precision":0.8,"roc_auc":0.9937913193}}
