{"params":{"max_depth":3},"train":{"accuracy":0.9714545661,"f1":0.8470444851,"recall":0.8234597156,"precision":0.8720200753,"roc_auc":0.9867642596},"test":{"accuracy":0.9763421292,"f1":0.8673469388,"recall":0.8095238095,"precision":0.9340659341,"roc_auc":0.9833429146}}
{"params":{"max_depth":5},"train":{"accuracy":0.9924940293,"f1":0.9597560976,"recall":0.932464455,"precision":0.9886934673,"roc_auc":0.9984949968},"test":{"accuracy":0.9927206551,"f1":0.9607843137,"recall":0.9333333333,"precision":0.9898989899,"roc_auc":0.9970297978}}
{"params":{"max_depth":3},"train":{"accuracy":0.9698623905,"f1":0.8392965434,"recall":0.8199052133,"precision":0.8596273292,"roc_auc":0.9858259616},"test":{"accuracy":0.974522293,"f1":0.86,"recall":0.819047619,"precision":0.9052631579,"roc_auc":0.9835584938}}
{"params":{"max_depth":5},"train":{"accuracy":0.9913567611,"f1":0.9537149817,"recall":0.9277251185,"precision":0.9812030075,"roc_auc":0.998090463},"test":{"accuracy":0.9927206551,"f1":0.9603960396,"recall":0.9238095238,"precision":1.0,"roc_auc":0.9971735173}}
{"params":{"max_depth":10},"train":{"accuracy":0.9981803707,"f1":0.9904988124,"recall":0.9881516588,"precision":0.9928571429,"roc_auc":0.9999742136},"test":{"accuracy":0.9972702457,"f1":0.9855072464,"recall":0.9714285714,"precision":1.0,"roc_auc":0.9998275366}}
{"params":{"max_depth":3},"train":{"accuracy":0.970885932,"f1":0.8459687124,"recall":0.8329383886,"precision":0.8594132029,"roc_auc":0.9876228134},"test":{"accuracy":0.9736123749,"f1":0.8571428571,"recall":0.8285714286,"precision":0.887755102,"roc_auc":0.9864137204}}
{"params":{"max_depth":5},"train":{"accuracy":0.9906744001,"f1":0.95018226,"recall":0.9265402844,"precision":0.9750623441,"roc_auc":0.9982103028},"test":{"accuracy":0.9909008189,"f1":0.9504950495,"recall":0.9142857143,"precision":0.9896907216,"roc_auc":0.9973555619}}
{"params":{"max_depth":10},"train":{"accuracy":0.9982940976,"f1":0.9910661108,"recall":0.9857819905,"precision":0.9964071856,"roc_auc":0.9999764494},"test":{"accuracy":0.9972702457,"f1":0.9855072464,"recall":0.9714285714,"precision":1.0,"roc_auc":0.9999520935}}
{"params":{"max_depth":10},"train":{"accuracy":0.9985215512,"f1":0.992266508,"recall":0.9881516588,"precision":0.9964157706,"roc_auc":0.9999813682},"test":{"accuracy":0.9963603276,"f1":0.9805825243,"recall":0.9619047619,"precision":1.0,"roc_auc":0.9999520935}}
{"params":{"max_depth":3},"train":{"accuracy":0.9721369271,"f1":0.8496009822,"recall":0.8199052133,"precision":0.8815286624,"roc_auc":0.9893424551},"test":{"accuracy":0.9763421292,"f1":0.8673469388,"recall":0.8095238095,"precision":0.9340659341,"roc_auc":0.9881191913}}
{"params":{"max_depth":5},"train":{"accuracy":0.9913567611,"f1":0.9533169533,"recall":0.9194312796,"precision":0.9897959184,"roc_auc":0.9986874262},"test":{"accuracy":0.9927206551,"f1":0.9603960396,"recall":0.9238095238,"precision":1.0,"roc_auc":0.9977388138}}
{"params":{"max_depth":3},"train":{"accuracy":0.9709996588,"f1":0.8440366972,"recall":0.817535545,"precision":0.8723135272,"roc_auc":0.9894232426},"test":{"accuracy":0.9772520473,"f1":0.8730964467,"recall":0.819047619,"precision":0.9347826087,"roc_auc":0.9881383539}}
{"params":{"max_depth":10},"train":{"accuracy":0.9987490049,"f1":0.993456276,"recall":0.9893364929,"precision":0.9976105137,"roc_auc":0.9999816663},"test":{"accuracy":0.9963603276,"f1":0.9805825243,"recall":0.9619047619,"precision":1.0,"roc_auc":0.9999616748}}
{"params":{"max_depth":5},"train":{"accuracy":0.9911293074,"f1":0.9520884521,"recall":0.9182464455,"precision":0.9885204082,"roc_auc":0.9987266275},"test":{"accuracy":0.9927206551,"f1":0.9603960396,"recall":0.9238095238,"precision":1.0,"roc_auc":0.9978633707}}
{"params":{"max_depth":10},"train":{"accuracy":0.9987490049,"f1":0.993456276,"recall":0.9893364929,"precision":0.9976105137,"roc_auc":0.9999819644},"test":{"accuracy":0.9963603276,"f1":0.9805825243,"recall":0.9619047619,"precision":1.0,"roc_auc":0.9999616748}}
