{"params":{"max_depth":3,"n_estimators":25},"train":{"accuracy":0.8784123789,"f1":0.887387125,"recall":0.9581079381,"precision":0.8263888889,"roc_auc":0.8966152413},"test":{"accuracy":0.7779799818,"f1":0.396039604,"recall":0.7619047619,"precision":0.2675585284,"roc_auc":0.832260228}}
{"params":{"max_depth":5,"n_estimators":25},"train":{"accuracy":0.9437036105,"f1":0.9447428536,"recall":0.9625110077,"precision":0.9276188167,"roc_auc":0.9660039001},"test":{"accuracy":0.9090081893,"f1":0.6240601504,"recall":0.7904761905,"precision":0.5155279503,"roc_auc":0.9429337932}}
{"params":{"max_depth":3,"n_estimators":50},"train":{"accuracy":0.8829412505,"f1":0.8911122813,"recall":0.9579821361,"precision":0.8329687158,"roc_auc":0.9743666383},"test":{"accuracy":0.7825295723,"f1":0.3979848866,"recall":0.7523809524,"precision":0.2705479452,"roc_auc":0.889446201}}
{"params":{"max_depth":5,"n_estimators":50},"train":{"accuracy":0.9450245314,"f1":0.9459893709,"recall":0.9628884136,"precision":0.9296732661,"roc_auc":0.994867559},"test":{"accuracy":0.9117379436,"f1":0.6311787072,"recall":0.7904761905,"precision":0.5253164557,"roc_auc":0.96506659}}
{"params":{"max_depth":3,"n_estimators":100},"train":{"accuracy":0.8828783495,"f1":0.8909708397,"recall":0.9571015222,"precision":0.8333881038,"roc_auc":0.9747001663},"test":{"accuracy":0.7807097361,"f1":0.3959899749,"recall":0.7523809524,"precision":0.268707483,"roc_auc":0.8862125132}}
{"params":{"max_depth":10,"n_estimators":25},"train":{"accuracy":0.9836457416,"f1":0.9838429033,"recall":0.9958485344,"precision":0.9721232961,"roc_auc":0.9914205624},"test":{"accuracy":0.9699727025,"f1":0.8533333333,"recall":0.9142857143,"precision":0.8,"roc_auc":0.9902749832}}
{"params":{"max_depth":5,"n_estimators":100},"train":{"accuracy":0.9451503334,"f1":0.9461063041,"recall":0.9628884136,"precision":0.9298991617,"roc_auc":0.9949156388},"test":{"accuracy":0.9108280255,"f1":0.6287878788,"recall":0.7904761905,"precision":0.5220125786,"roc_auc":0.9663121587}}
{"params":{"max_depth":10,"n_estimators":50},"train":{"accuracy":0.9846521575,"f1":0.9848296444,"recall":0.9963517424,"precision":0.9735709896,"roc_auc":0.9986935205},"test":{"accuracy":0.9699727025,"f1":0.8533333333,"recall":0.9142857143,"precision":0.8,"roc_auc":0.9933649516}}
{"params":{"max_depth":3,"n_estimators":250},"train":{"accuracy":0.8824380425,"f1":0.8906441987,"recall":0.9574789282,"precision":0.8325311748,"roc_auc":0.9752570248},"test":{"accuracy":0.7807097361,"f1":0.3959899749,"recall":0.7523809524,"precision":0.268707483,"roc_auc":0.8910893935}}
{"params":{"max_depth":10,"n_estimators":100},"train":{"accuracy":0.9847150585,"f1":0.9848946354,"recall":0.9966033463,"precision":0.9734578521,"roc_auc":0.9987673969},"test":{"accuracy":0.9699727025,"f1":0.8533333333,"recall":0.9142857143,"precision":0.8,"roc_auc":0.9930487688}}
{"params":{"max_depth":5,"n_estimators":250},"train":{"accuracy":0.9450874324,"f1":0.9460478339,"recall":0.9628884136,"precision":0.9297862002,"roc_auc":0.994973428},"test":{"accuracy":0.9108280255,"f1":0.6287878788,"recall":0.7904761905,"precision":0.5220125786,"roc_auc":0.9659863946}}
{"params":{"max_depth":3,"n_estimators":500},"train":{"accuracy":0.8809284187,"f1":0.8893823409,"recall":0.9573531262,"precision":0.8304233959,"roc_auc":0.9750647056},"test":{"accuracy":0.7788898999,"f1":0.3940149626,"recall":0.7523809524,"precision":0.2668918919,"roc_auc":0.885982562}}
{"params":{"max_depth":10,"n_estimators":250},"train":{"accuracy":0.9845263555,"f1":0.9847110006,"recall":0.9966033463,"precision":0.9730991279,"roc_auc":0.9988231128},"test":{"accuracy":0.9699727025,"f1":0.8533333333,"recall":0.9142857143,"precision":0.8,"roc_auc":0.9936955064}}
{"params":{"max_depth":5,"n_estimators":500},"train":{"accuracy":0.9452132344,"f1":0.9461714356,"recall":0.9630142156,"precision":0.9299076774,"roc_auc":0.9949114291},"test":{"accuracy":0.9108280255,"f1":0.6287878788,"recall":0.7904761905,"precision":0.5220125786,"roc_auc":0.9652965412}}
{"params":{"max_depth":10,"n_estimators":500},"train":{"accuracy":0.9845263555,"f1":0.9847110006,"recall":0.9966033463,"precision":0.9730991279,"roc_auc":0.998814725},"test":{"accuracy":0.9708826206,"f1":0.8584070796,"recall":0.9238095238,"precision":0.8016528926,"roc_auc":0.9934655552}}
