{"params":{"max_depth":3},"train":{"accuracy":0.9659956784,"f1":0.8193353474,"recall":0.8033175355,"precision":0.8360049322,"roc_auc":0.9788975364},"test":{"accuracy":0.9608735214,"f1":0.7922705314,"recall":0.780952381,"precision":0.8039215686,"roc_auc":0.977665996}}
{"params":{"max_depth":5},"train":{"accuracy":0.9889684977,"f1":0.9400864731,"recall":0.9016587678,"precision":0.9819354839,"roc_auc":0.9978460136},"test":{"accuracy":0.9881710646,"f1":0.9346733668,"recall":0.8857142857,"precision":0.9893617021,"roc_auc":0.9958896235}}
{"params":{"max_depth":3},"train":{"accuracy":0.9678153076,"f1":0.8290030211,"recall":0.8127962085,"precision":0.8458692972,"roc_auc":0.986666927},"test":{"accuracy":0.9708826206,"f1":0.8415841584,"recall":0.8095238095,"precision":0.8762886598,"roc_auc":0.9859442368}}
{"params":{"max_depth":5},"train":{"accuracy":0.9909018537,"f1":0.9512789281,"recall":0.9253554502,"precision":0.9786967419,"roc_auc":0.9983918511},"test":{"accuracy":0.9899909008,"f1":0.9447236181,"recall":0.8952380952,"precision":1.0,"roc_auc":0.9976525822}}
{"params":{"max_depth":10},"train":{"accuracy":0.9984078244,"f1":0.9916567342,"recall":0.9857819905,"precision":0.9976019185,"roc_auc":0.9999833059},"test":{"accuracy":0.9954504095,"f1":0.9756097561,"recall":0.9523809524,"precision":1.0,"roc_auc":0.9999808374}}
{"params":{"max_depth":3},"train":{"accuracy":0.9699761174,"f1":0.8398058252,"recall":0.8199052133,"precision":0.8606965174,"roc_auc":0.987635185},"test":{"accuracy":0.9708826206,"f1":0.8431372549,"recall":0.819047619,"precision":0.8686868687,"roc_auc":0.9860975376}}
{"params":{"max_depth":5},"train":{"accuracy":0.9906744001,"f1":0.95,"recall":0.922985782,"precision":0.9786432161,"roc_auc":0.9985781692},"test":{"accuracy":0.9909008189,"f1":0.9504950495,"recall":0.9142857143,"precision":0.9896907216,"roc_auc":0.997422631}}
{"params":{"max_depth":10},"train":{"accuracy":0.9984078244,"f1":0.9916666667,"recall":0.9869668246,"precision":0.9964114833,"roc_auc":0.999978089},"test":{"accuracy":0.9981801638,"f1":0.9903846154,"recall":0.980952381,"precision":1.0,"roc_auc":0.9999425122}}
{"params":{"max_depth":10},"train":{"accuracy":0.9988627317,"f1":0.9940546968,"recall":0.990521327,"precision":0.9976133652,"roc_auc":0.999980772},"test":{"accuracy":0.9963603276,"f1":0.9805825243,"recall":0.9619047619,"precision":1.0,"roc_auc":0.9999425122}}
{"params":{"max_depth":3},"train":{"accuracy":0.9723643808,"f1":0.8500925355,"recall":0.8163507109,"precision":0.8867438867,"roc_auc":0.9891592671},"test":{"accuracy":0.9763421292,"f1":0.8686868687,"recall":0.819047619,"precision":0.9247311828,"roc_auc":0.9877263581}}
{"params":{"max_depth":5},"train":{"accuracy":0.9913567611,"f1":0.9533742331,"recall":0.9206161137,"precision":0.9885496183,"roc_auc":0.9987549479},"test":{"accuracy":0.9927206551,"f1":0.9603960396,"recall":0.9238095238,"precision":1.0,"roc_auc":0.9976430009}}
{"params":{"max_depth":3},"train":{"accuracy":0.9714545661,"f1":0.8455384615,"recall":0.8139810427,"precision":0.8796414853,"roc_auc":0.9893774829},"test":{"accuracy":0.9763421292,"f1":0.8673469388,"recall":0.8095238095,"precision":0.9340659341,"roc_auc":0.9879850532}}
{"params":{"max_depth":10},"train":{"accuracy":0.9989764585,"f1":0.9946524064,"recall":0.9917061611,"precision":0.9976162098,"roc_auc":0.9999819644},"test":{"accuracy":0.9972702457,"f1":0.9855072464,"recall":0.9714285714,"precision":1.0,"roc_auc":0.9999808374}}
{"params":{"max_depth":5},"train":{"accuracy":0.9914704879,"f1":0.9540159411,"recall":0.9218009479,"precision":0.9885641677,"roc_auc":0.9987862493},"test":{"accuracy":0.9927206551,"f1":0.9603960396,"recall":0.9238095238,"precision":1.0,"roc_auc":0.9977483951}}
{"params":{"max_depth":10},"train":{"accuracy":0.9989764585,"f1":0.9946524064,"recall":0.9917061611,"precision":0.9976162098,"roc_auc":0.9999824116},"test":{"accuracy":0.9954504095,"f1":0.9756097561,"recall":0.9523809524,"precision":1.0,"roc_auc":0.9999616748}}
