{"params":{"max_depth":3},"train":{"accuracy":0.9682702149,"f1":0.8221797323,"recall":0.7642180095,"precision":0.8896551724,"roc_auc":0.9856417302},"test":{"accuracy":0.96633303,"f1":0.8,"recall":0.7047619048,"precision":0.925,"roc_auc":0.9879084028}}
{"params":{"max_depth":5},"train":{"accuracy":0.9881724099,"f1":0.9352428394,"recall":0.8898104265,"precision":0.9855643045,"roc_auc":0.998593969},"test":{"accuracy":0.9890809827,"f1":0.9393939394,"recall":0.8857142857,"precision":1.0,"roc_auc":0.9989748012}}
{"params":{"max_depth":3},"train":{"accuracy":0.9686113954,"f1":0.8259773014,"recall":0.7760663507,"precision":0.8827493261,"roc_auc":0.9900132748},"test":{"accuracy":0.9708826206,"f1":0.8315789474,"recall":0.7523809524,"precision":0.9294117647,"roc_auc":0.991233113}}
{"params":{"max_depth":5},"train":{"accuracy":0.9890822245,"f1":0.9402241594,"recall":0.894549763,"precision":0.9908136483,"roc_auc":0.9990538021},"test":{"accuracy":0.9872611465,"f1":0.9285714286,"recall":0.8666666667,"precision":1.0,"roc_auc":0.9990801955}}
{"params":{"max_depth":10},"train":{"accuracy":0.9979529171,"f1":0.9892857143,"recall":0.9845971564,"precision":0.9940191388,"roc_auc":0.9999682514},"test":{"accuracy":0.9954504095,"f1":0.9756097561,"recall":0.9523809524,"precision":1.0,"roc_auc":0.9998946057}}
{"params":{"max_depth":3},"train":{"accuracy":0.9691800296,"f1":0.8313627878,"recall":0.7914691943,"precision":0.875491481,"roc_auc":0.9897449022},"test":{"accuracy":0.9736123749,"f1":0.8481675393,"recall":0.7714285714,"precision":0.9418604651,"roc_auc":0.9893839226}}
{"params":{"max_depth":5},"train":{"accuracy":0.9904469464,"f1":0.9480840544,"recall":0.9087677725,"precision":0.9909560724,"roc_auc":0.9988054773},"test":{"accuracy":0.9899909008,"f1":0.9447236181,"recall":0.8952380952,"precision":1.0,"roc_auc":0.9983041104}}
{"params":{"max_depth":10},"train":{"accuracy":0.9979529171,"f1":0.9892473118,"recall":0.981042654,"precision":0.9975903614,"roc_auc":0.9999764494},"test":{"accuracy":0.9954504095,"f1":0.9756097561,"recall":0.9523809524,"precision":1.0,"roc_auc":0.9999233496}}
{"params":{"max_depth":10},"train":{"accuracy":0.9987490049,"f1":0.9934640523,"recall":0.990521327,"precision":0.9964243147,"roc_auc":0.9999789833},"test":{"accuracy":0.9954504095,"f1":0.9756097561,"recall":0.9523809524,"precision":1.0,"roc_auc":0.9999233496}}
{"params":{"max_depth":3},"train":{"accuracy":0.9716820198,"f1":0.8456292622,"recall":0.808056872,"precision":0.8868660598,"roc_auc":0.9886551648},"test":{"accuracy":0.9763421292,"f1":0.8645833333,"recall":0.7904761905,"precision":0.9540229885,"roc_auc":0.9878317524}}
{"params":{"max_depth":5},"train":{"accuracy":0.9910155806,"f1":0.9513846154,"recall":0.9158767773,"precision":0.9897567222,"roc_auc":0.9985926275},"test":{"accuracy":0.9909008189,"f1":0.95,"recall":0.9047619048,"precision":1.0,"roc_auc":0.9975471879}}
{"params":{"max_depth":3},"train":{"accuracy":0.9728192881,"f1":0.8523780111,"recall":0.817535545,"precision":0.8903225806,"roc_auc":0.9898806908},"test":{"accuracy":0.9772520473,"f1":0.8704663212,"recall":0.8,"precision":0.9545454545,"roc_auc":0.9883587238}}
{"params":{"max_depth":10},"train":{"accuracy":0.9987490049,"f1":0.993456276,"recall":0.9893364929,"precision":0.9976105137,"roc_auc":0.9999813682},"test":{"accuracy":0.9954504095,"f1":0.9756097561,"recall":0.9523809524,"precision":1.0,"roc_auc":0.9999616748}}
{"params":{"max_depth":5},"train":{"accuracy":0.9912430342,"f1":0.9526736325,"recall":0.9182464455,"precision":0.9897828863,"roc_auc":0.9987822248},"test":{"accuracy":0.991810737,"f1":0.9552238806,"recall":0.9142857143,"precision":1.0,"roc_auc":0.9976525822}}
{"params":{"max_depth":10},"train":{"accuracy":0.9987490049,"f1":0.993456276,"recall":0.9893364929,"precision":0.9976105137,"roc_auc":0.9999813682},"test":{"accuracy":0.9963603276,"f1":0.9805825243,"recall":0.9619047619,"precision":1.0,"roc_auc":0.9999520935}}
