{"params":{"max_depth":3,"n_estimators":25},"train":{"accuracy":0.8744496163,"f1":0.8840343946,"recall":0.9571015222,"precision":0.8213321818,"roc_auc":0.925685004},"test":{"accuracy":0.7688808007,"f1":0.38647343,"recall":0.7619047619,"precision":0.2588996764,"roc_auc":0.8562613778}}
{"params":{"max_depth":3,"n_estimators":50},"train":{"accuracy":0.8789784879,"f1":0.8877610547,"recall":0.9572273242,"precision":0.8276949853,"roc_auc":0.9748449992},"test":{"accuracy":0.7761601456,"f1":0.3910891089,"recall":0.7523809524,"precision":0.2642140468,"roc_auc":0.8897575932}}
{"params":{"max_depth":5,"n_estimators":25},"train":{"accuracy":0.9433262046,"f1":0.9443311708,"recall":0.9613787898,"precision":0.9278776105,"roc_auc":0.9777784455},"test":{"accuracy":0.907188353,"f1":0.6194029851,"recall":0.7904761905,"precision":0.509202454,"roc_auc":0.9548193925}}
{"params":{"max_depth":5,"n_estimators":50},"train":{"accuracy":0.9438294125,"f1":0.9448799457,"recall":0.9628884136,"precision":0.9275327193,"roc_auc":0.9951422059},"test":{"accuracy":0.9080982712,"f1":0.6217228464,"recall":0.7904761905,"precision":0.512345679,"roc_auc":0.9644246431}}
{"params":{"max_depth":10,"n_estimators":25},"train":{"accuracy":0.9842118505,"f1":0.9844109062,"recall":0.9969807523,"precision":0.9721540726,"roc_auc":0.9962913656},"test":{"accuracy":0.9699727025,"f1":0.8571428571,"recall":0.9428571429,"precision":0.7857142857,"roc_auc":0.9910079525}}
{"params":{"max_depth":3,"n_estimators":100},"train":{"accuracy":0.8801107057,"f1":0.8887332166,"recall":0.9576047302,"precision":0.8291035835,"roc_auc":0.9733453062},"test":{"accuracy":0.7770700637,"f1":0.3920595533,"recall":0.7523809524,"precision":0.2651006711,"roc_auc":0.8846795056}}
{"params":{"max_depth":5,"n_estimators":100},"train":{"accuracy":0.9451503334,"f1":0.9461196243,"recall":0.9631400176,"precision":0.9296903461,"roc_auc":0.9951446273},"test":{"accuracy":0.9108280255,"f1":0.6287878788,"recall":0.7904761905,"precision":0.5220125786,"roc_auc":0.9648462202}}
{"params":{"max_depth":10,"n_estimators":50},"train":{"accuracy":0.9840860486,"f1":0.984290593,"recall":0.9971065543,"precision":0.9717999019,"roc_auc":0.9986138596},"test":{"accuracy":0.9690627843,"f1":0.850877193,"recall":0.9238095238,"precision":0.7886178862,"roc_auc":0.9930487688}}
{"params":{"max_depth":3,"n_estimators":250},"train":{"accuracy":0.8806139137,"f1":0.889122561,"recall":0.9573531262,"precision":0.829970553,"roc_auc":0.9749406603},"test":{"accuracy":0.7788898999,"f1":0.3940149626,"recall":0.7523809524,"precision":0.2668918919,"roc_auc":0.8867490658}}
{"params":{"max_depth":10,"n_estimators":100},"train":{"accuracy":0.9840860486,"f1":0.9842847382,"recall":0.9967291483,"precision":0.9721472393,"roc_auc":0.9986948103},"test":{"accuracy":0.9699727025,"f1":0.8533333333,"recall":0.9142857143,"precision":0.8,"roc_auc":0.9932164415}}
{"params":{"max_depth":5,"n_estimators":250},"train":{"accuracy":0.9453390364,"f1":0.9463016746,"recall":0.9632658196,"precision":0.9299247025,"roc_auc":0.9951922956},"test":{"accuracy":0.9108280255,"f1":0.6287878788,"recall":0.7904761905,"precision":0.5220125786,"roc_auc":0.9650426368}}
{"params":{"max_depth":3,"n_estimators":500},"train":{"accuracy":0.8807397157,"f1":0.8892652727,"recall":0.9577305321,"precision":0.8299356808,"roc_auc":0.9748919395},"test":{"accuracy":0.7788898999,"f1":0.3940149626,"recall":0.7523809524,"precision":0.2668918919,"roc_auc":0.8862412571}}
{"params":{"max_depth":10,"n_estimators":250},"train":{"accuracy":0.9843376525,"f1":0.9845293569,"recall":0.9967291483,"precision":0.972624601,"roc_auc":0.9987206465},"test":{"accuracy":0.9699727025,"f1":0.8533333333,"recall":0.9142857143,"precision":0.8,"roc_auc":0.9933026732}}
{"params":{"max_depth":5,"n_estimators":500},"train":{"accuracy":0.9453390364,"f1":0.9462950374,"recall":0.9631400176,"precision":0.9300291545,"roc_auc":0.9953260898},"test":{"accuracy":0.9108280255,"f1":0.6287878788,"recall":0.7904761905,"precision":0.5220125786,"roc_auc":0.9650617994}}
{"params":{"max_depth":10,"n_estimators":500},"train":{"accuracy":0.9842747515,"f1":0.9844662607,"recall":0.9966033463,"precision":0.97262124,"roc_auc":0.9986890733},"test":{"accuracy":0.9699727025,"f1":0.8533333333,"recall":0.9142857143,"precision":0.8,"roc_auc":0.9932835106}}
