{"params":{"max_depth":3},"train":{"accuracy":0.7875,"f1":0.8004694836,"recall":0.8525,"precision":0.7544247788,"roc_auc":0.866503125},"test":{"accuracy":0.7142857143,"f1":0.6666666667,"recall":0.8148148148,"precision":0.5641025641,"roc_auc":0.817037037}}
{"params":{"max_depth":5},"train":{"accuracy":0.85,"f1":0.8581560284,"recall":0.9075,"precision":0.8139013453,"roc_auc":0.93261875},"test":{"accuracy":0.7402597403,"f1":0.696969697,"recall":0.8518518519,"precision":0.5897435897,"roc_auc":0.797037037}}
{"params":{"max_depth":5},"train":{"accuracy":0.85,"f1":0.8588235294,"recall":0.9125,"precision":0.8111111111,"roc_auc":0.932425},"test":{"accuracy":0.7402597403,"f1":0.696969697,"recall":0.8518518519,"precision":0.5897435897,"roc_auc":0.8}}
{"params":{"max_depth":10},"train":{"accuracy":0.925,"f1":0.9262899263,"recall":0.9425,"precision":0.9106280193,"roc_auc":0.987975},"test":{"accuracy":0.7272727273,"f1":0.6666666667,"recall":0.7777777778,"precision":0.5833333333,"roc_auc":0.7977777778}}
{"params":{"max_depth":3},"train":{"accuracy":0.78375,"f1":0.7967097532,"recall":0.8475,"precision":0.7516629712,"roc_auc":0.868171875},"test":{"accuracy":0.7142857143,"f1":0.6666666667,"recall":0.8148148148,"precision":0.5641025641,"roc_auc":0.8111111111}}
{"params":{"max_depth":3},"train":{"accuracy":0.78625,"f1":0.7995310668,"recall":0.8525,"precision":0.7527593819,"roc_auc":0.870615625},"test":{"accuracy":0.7142857143,"f1":0.6666666667,"recall":0.8148148148,"precision":0.5641025641,"roc_auc":0.7925925926}}
{"params":{"max_depth":10},"train":{"accuracy":0.9225,"f1":0.9232673267,"recall":0.9325,"precision":0.9142156863,"roc_auc":0.98816875},"test":{"accuracy":0.7272727273,"f1":0.6666666667,"recall":0.7777777778,"precision":0.5833333333,"roc_auc":0.7992592593}}
{"params":{"max_depth":5},"train":{"accuracy":0.85,"f1":0.8588235294,"recall":0.9125,"precision":0.8111111111,"roc_auc":0.9360875},"test":{"accuracy":0.7272727273,"f1":0.6769230769,"recall":0.8148148148,"precision":0.5789473684,"roc_auc":0.7940740741}}
{"params":{"max_depth":3},"train":{"accuracy":0.7875,"f1":0.8018648019,"recall":0.86,"precision":0.7510917031,"roc_auc":0.87176875},"test":{"accuracy":0.7142857143,"f1":0.6666666667,"recall":0.8148148148,"precision":0.5641025641,"roc_auc":0.7977777778}}
{"params":{"max_depth":10},"train":{"accuracy":0.93,"f1":0.9308641975,"recall":0.9425,"precision":0.9195121951,"roc_auc":0.98963125},"test":{"accuracy":0.7402597403,"f1":0.6875,"recall":0.8148148148,"precision":0.5945945946,"roc_auc":0.7992592593}}
{"params":{"max_depth":5},"train":{"accuracy":0.85375,"f1":0.8628370457,"recall":0.92,"precision":0.8123620309,"roc_auc":0.93828125},"test":{"accuracy":0.7402597403,"f1":0.696969697,"recall":0.8518518519,"precision":0.5897435897,"roc_auc":0.7977777778}}
{"params":{"max_depth":3},"train":{"accuracy":0.78875,"f1":0.8028004667,"recall":0.86,"precision":0.7527352298,"roc_auc":0.87223125},"test":{"accuracy":0.7142857143,"f1":0.6666666667,"recall":0.8148148148,"precision":0.5641025641,"roc_auc":0.7925925926}}
{"params":{"max_depth":10},"train":{"accuracy":0.94,"f1":0.941031941,"recall":0.9575,"precision":0.9251207729,"roc_auc":0.99143125},"test":{"accuracy":0.7272727273,"f1":0.6666666667,"recall":0.7777777778,"precision":0.5833333333,"roc_auc":0.7955555556}}
{"params":{"max_depth":5},"train":{"accuracy":0.8525,"f1":0.8624708625,"recall":0.925,"precision":0.807860262,"roc_auc":0.938325},"test":{"accuracy":0.7402597403,"f1":0.696969697,"recall":0.8518518519,"precision":0.5897435897,"roc_auc":0.7955555556}}
{"params":{"max_depth":10},"train":{"accuracy":0.94,"f1":0.941031941,"recall":0.9575,"precision":0.9251207729,"roc_auc":0.9915875},"test":{"accuracy":0.7272727273,"f1":0.6666666667,"recall":0.7777777778,"precision":0.5833333333,"roc_auc":0.7911111111}}
