{"params":{"max_depth":3,"n_estimators":25},"train":{"accuracy":0.8775,"f1":0.8813559322,"recall":0.91,"precision":0.8544600939,"roc_auc":0.957359375},"test":{"accuracy":0.7272727273,"f1":0.6666666667,"recall":0.7777777778,"precision":0.5833333333,"roc_auc":0.8088888889}}
{"params":{"max_depth":5,"n_estimators":50},"train":{"accuracy":0.9975,"f1":0.9975062344,"recall":1.0,"precision":0.9950248756,"roc_auc":0.9999875},"test":{"accuracy":0.7012987013,"f1":0.6101694915,"recall":0.6666666667,"precision":0.5625,"roc_auc":0.7785185185}}
{"params":{"max_depth":5,"n_estimators":25},"train":{"accuracy":0.97125,"f1":0.9717097171,"recall":0.9875,"precision":0.9564164649,"roc_auc":0.99698125},"test":{"accuracy":0.7142857143,"f1":0.6451612903,"recall":0.7407407407,"precision":0.5714285714,"roc_auc":0.78}}
{"params":{"max_depth":3,"n_estimators":50},"train":{"accuracy":0.93125,"f1":0.9321824908,"recall":0.945,"precision":0.9197080292,"roc_auc":0.9830875},"test":{"accuracy":0.7532467532,"f1":0.6885245902,"recall":0.7777777778,"precision":0.6176470588,"roc_auc":0.8111111111}}
{"params":{"max_depth":3,"n_estimators":100},"train":{"accuracy":0.9825,"f1":0.982630273,"recall":0.99,"precision":0.9753694581,"roc_auc":0.99829375},"test":{"accuracy":0.7012987013,"f1":0.6229508197,"recall":0.7037037037,"precision":0.5588235294,"roc_auc":0.7703703704}}
{"params":{"max_depth":10,"n_estimators":25},"train":{"accuracy":1.0,"f1":1.0,"recall":1.0,"precision":1.0,"roc_auc":1.0},"test":{"accuracy":0.7142857143,"f1":0.65625,"recall":0.7777777778,"precision":0.5675675676,"roc_auc":0.7733333333}}
{"params":{"max_depth":5,"n_estimators":100},"train":{"accuracy":1.0,"f1":1.0,"recall":1.0,"precision":1.0,"roc_auc":1.0},"test":{"accuracy":0.7142857143,"f1":0.6206896552,"recall":0.6666666667,"precision":0.5806451613,"roc_auc":0.7659259259}}
{"params":{"max_depth":10,"n_estimators":50},"train":{"accuracy":1.0,"f1":1.0,"recall":1.0,"precision":1.0,"roc_auc":1.0},"test":{"accuracy":0.7012987013,"f1":0.6349206349,"recall":0.7407407407,"precision":0.5555555556,"roc_auc":0.7725925926}}
{"params":{"max_depth":3,"n_estimators":250},"train":{"accuracy":1.0,"f1":1.0,"recall":1.0,"precision":1.0,"roc_auc":1.0},"test":{"accuracy":0.7142857143,"f1":0.6333333333,"recall":0.7037037037,"precision":0.5757575758,"roc_auc":0.7496296296}}
{"params":{"max_depth":10,"n_estimators":100},"train":{"accuracy":1.0,"f1":1.0,"recall":1.0,"precision":1.0,"roc_auc":1.0},"test":{"accuracy":0.7272727273,"f1":0.6557377049,"recall":0.7407407407,"precision":0.5882352941,"roc_auc":0.7688888889}}
{"params":{"max_depth":5,"n_estimators":250},"train":{"accuracy":1.0,"f1":1.0,"recall":1.0,"precision":1.0,"roc_auc":1.0},"test":{"accuracy":0.7142857143,"f1":0.6206896552,"recall":0.6666666667,"precision":0.5806451613,"roc_auc":0.7637037037}}
{"params":{"max_depth":3,"n_estimators":500},"train":{"accuracy":1.0,"f1":1.0,"recall":1.0,"precision":1.0,"roc_auc":1.0},"test":{"accuracy":0.7012987013,"f1":0.6101694915,"recall":0.6666666667,"precision":0.5625,"roc_auc":0.7481481481}}
{"params":{"max_depth":10,"n_estimators":250},"train":{"accuracy":1.0,"f1":1.0,"recall":1.0,"precision":1.0,"roc_auc":1.0},"test":{"accuracy":0.7272727273,"f1":0.6440677966,"recall":0.7037037037,"precision":0.59375,"roc_auc":0.7725925926}}
{"params":{"max_depth":5,"n_estimators":500},"train":{"accuracy":1.0,"f1":1.0,"recall":1.0,"precision":1.0,"roc_auc":1.0},"test":{"accuracy":0.7012987013,"f1":0.6101694915,"recall":0.6666666667,"precision":0.5625,"roc_auc":0.7681481481}}
{"params":{"max_depth":10,"n_estimators":500},"train":{"accuracy":1.0,"f1":1.0,"recall":1.0,"precision":1.0,"roc_auc":1.0},"test":{"accuracy":0.7142857143,"f1":0.6206896552,"recall":0.6666666667,"precision":0.5806451613,"roc_auc":0.7725925926}}
