{"params":{"max_depth":5},"train":{"accuracy":0.8338762215,"f1":0.7883817427,"recall":0.8878504673,"precision":0.7089552239,"roc_auc":0.9294626168},"test":{"accuracy":0.7402597403,"f1":0.6875,"recall":0.8148148148,"precision":0.5945945946,"roc_auc":0.7903703704}}
{"params":{"max_depth":3},"train":{"accuracy":0.7426710098,"f1":0.7052238806,"recall":0.8831775701,"precision":0.5869565217,"roc_auc":0.8749474299},"test":{"accuracy":0.7012987013,"f1":0.676056338,"recall":0.8888888889,"precision":0.5454545455,"roc_auc":0.7914814815}}
{"params":{"max_depth":3},"train":{"accuracy":0.7442996743,"f1":0.7087198516,"recall":0.8925233645,"precision":0.5876923077,"roc_auc":0.8797955607},"test":{"accuracy":0.6883116883,"f1":0.6666666667,"recall":0.8888888889,"precision":0.5333333333,"roc_auc":0.7903703704}}
{"params":{"max_depth":5},"train":{"accuracy":0.828990228,"f1":0.7861507128,"recall":0.9018691589,"precision":0.6967509025,"roc_auc":0.934661215},"test":{"accuracy":0.7402597403,"f1":0.6875,"recall":0.8148148148,"precision":0.5945945946,"roc_auc":0.7977777778}}
{"params":{"max_depth":10},"train":{"accuracy":0.9381107492,"f1":0.912037037,"recall":0.9205607477,"precision":0.9036697248,"roc_auc":0.985046729},"test":{"accuracy":0.7662337662,"f1":0.7,"recall":0.7777777778,"precision":0.6363636364,"roc_auc":0.8037037037}}
{"params":{"max_depth":3},"train":{"accuracy":0.7459283388,"f1":0.7067669173,"recall":0.8785046729,"precision":0.5911949686,"roc_auc":0.8823714953},"test":{"accuracy":0.6883116883,"f1":0.6666666667,"recall":0.8888888889,"precision":0.5333333333,"roc_auc":0.7911111111}}
{"params":{"max_depth":5},"train":{"accuracy":0.82247557,"f1":0.7770961145,"recall":0.8878504673,"precision":0.6909090909,"roc_auc":0.9361214953},"test":{"accuracy":0.7402597403,"f1":0.6875,"recall":0.8148148148,"precision":0.5945945946,"roc_auc":0.797037037}}
{"params":{"max_depth":10},"train":{"accuracy":0.9478827362,"f1":0.9248826291,"recall":0.9205607477,"precision":0.929245283,"roc_auc":0.9889485981},"test":{"accuracy":0.7662337662,"f1":0.7,"recall":0.7777777778,"precision":0.6363636364,"roc_auc":0.8007407407}}
{"params":{"max_depth":10},"train":{"accuracy":0.9478827362,"f1":0.9252336449,"recall":0.9252336449,"precision":0.9252336449,"roc_auc":0.9901518692},"test":{"accuracy":0.7792207792,"f1":0.7118644068,"recall":0.7777777778,"precision":0.65625,"roc_auc":0.7962962963}}
{"params":{"max_depth":3},"train":{"accuracy":0.7524429967,"f1":0.7121212121,"recall":0.8785046729,"precision":0.5987261146,"roc_auc":0.8826635514},"test":{"accuracy":0.7012987013,"f1":0.676056338,"recall":0.8888888889,"precision":0.5454545455,"roc_auc":0.7948148148}}
{"params":{"max_depth":5},"train":{"accuracy":0.8273615635,"f1":0.7809917355,"recall":0.8831775701,"precision":0.7,"roc_auc":0.9379906542},"test":{"accuracy":0.7272727273,"f1":0.6769230769,"recall":0.8148148148,"precision":0.5789473684,"roc_auc":0.802962963}}
{"params":{"max_depth":10},"train":{"accuracy":0.9478827362,"f1":0.9252336449,"recall":0.9252336449,"precision":0.9252336449,"roc_auc":0.9907126168},"test":{"accuracy":0.7532467532,"f1":0.6885245902,"recall":0.7777777778,"precision":0.6176470588,"roc_auc":0.802962963}}
{"params":{"max_depth":3},"train":{"accuracy":0.7524429967,"f1":0.7121212121,"recall":0.8785046729,"precision":0.5987261146,"roc_auc":0.882932243},"test":{"accuracy":0.7012987013,"f1":0.676056338,"recall":0.8888888889,"precision":0.5454545455,"roc_auc":0.7918518519}}
{"params":{"max_depth":5},"train":{"accuracy":0.825732899,"f1":0.7802874743,"recall":0.8878504673,"precision":0.695970696,"roc_auc":0.9377686916},"test":{"accuracy":0.7402597403,"f1":0.696969697,"recall":0.8518518519,"precision":0.5897435897,"roc_auc":0.8022222222}}
{"params":{"max_depth":10},"train":{"accuracy":0.9511400651,"f1":0.9302325581,"recall":0.9345794393,"precision":0.9259259259,"roc_auc":0.9907593458},"test":{"accuracy":0.7272727273,"f1":0.6666666667,"recall":0.7777777778,"precision":0.5833333333,"roc_auc":0.8022222222}}
