{"params":{"max_depth":5,"n_estimators":25},"train":{"accuracy":0.85,"f1":0.8571428571,"recall":0.9,"precision":0.8181818182,"roc_auc":0.92606875},"test":{"accuracy":0.7272727273,"f1":0.6769230769,"recall":0.8148148148,"precision":0.5789473684,"roc_auc":0.82}}
{"params":{"max_depth":3,"n_estimators":25},"train":{"accuracy":0.79,"f1":0.8004750594,"recall":0.8425,"precision":0.7624434389,"roc_auc":0.86911875},"test":{"accuracy":0.7272727273,"f1":0.6769230769,"recall":0.8148148148,"precision":0.5789473684,"roc_auc":0.8003703704}}
{"params":{"max_depth":3,"n_estimators":50},"train":{"accuracy":0.78375,"f1":0.7952662722,"recall":0.84,"precision":0.7550561798,"roc_auc":0.869659375},"test":{"accuracy":0.7272727273,"f1":0.6769230769,"recall":0.8148148148,"precision":0.5789473684,"roc_auc":0.8111111111}}
{"params":{"max_depth":10,"n_estimators":25},"train":{"accuracy":0.92,"f1":0.9219512195,"recall":0.945,"precision":0.9,"roc_auc":0.98245},"test":{"accuracy":0.7402597403,"f1":0.6875,"recall":0.8148148148,"precision":0.5945945946,"roc_auc":0.7992592593}}
{"params":{"max_depth":5,"n_estimators":50},"train":{"accuracy":0.855,"f1":0.861575179,"recall":0.9025,"precision":0.8242009132,"roc_auc":0.92743125},"test":{"accuracy":0.7142857143,"f1":0.6666666667,"recall":0.8148148148,"precision":0.5641025641,"roc_auc":0.8155555556}}
{"params":{"max_depth":5,"n_estimators":100},"train":{"accuracy":0.84875,"f1":0.8561236623,"recall":0.9,"precision":0.8163265306,"roc_auc":0.93086875},"test":{"accuracy":0.7402597403,"f1":0.696969697,"recall":0.8518518519,"precision":0.5897435897,"roc_auc":0.8066666667}}
{"params":{"max_depth":3,"n_estimators":100},"train":{"accuracy":0.78125,"f1":0.7928994083,"recall":0.8375,"precision":0.7528089888,"roc_auc":0.870509375},"test":{"accuracy":0.7272727273,"f1":0.6769230769,"recall":0.8148148148,"precision":0.5789473684,"roc_auc":0.8081481481}}
{"params":{"max_depth":3,"n_estimators":250},"train":{"accuracy":0.78125,"f1":0.7933884298,"recall":0.84,"precision":0.7516778523,"roc_auc":0.8726875},"test":{"accuracy":0.7272727273,"f1":0.6769230769,"recall":0.8148148148,"precision":0.5789473684,"roc_auc":0.7992592593}}
{"params":{"max_depth":10,"n_estimators":50},"train":{"accuracy":0.915,"f1":0.9172749392,"recall":0.9425,"precision":0.8933649289,"roc_auc":0.98089375},"test":{"accuracy":0.7142857143,"f1":0.65625,"recall":0.7777777778,"precision":0.5675675676,"roc_auc":0.8037037037}}
{"params":{"max_depth":5,"n_estimators":250},"train":{"accuracy":0.8525,"f1":0.8605200946,"recall":0.91,"precision":0.8161434978,"roc_auc":0.932025},"test":{"accuracy":0.7402597403,"f1":0.696969697,"recall":0.8518518519,"precision":0.5897435897,"roc_auc":0.8051851852}}
{"params":{"max_depth":10,"n_estimators":100},"train":{"accuracy":0.91375,"f1":0.915956151,"recall":0.94,"precision":0.893111639,"roc_auc":0.981725},"test":{"accuracy":0.7142857143,"f1":0.65625,"recall":0.7777777778,"precision":0.5675675676,"roc_auc":0.802962963}}
{"params":{"max_depth":10,"n_estimators":250},"train":{"accuracy":0.90625,"f1":0.9097472924,"recall":0.945,"precision":0.8770301624,"roc_auc":0.98318125},"test":{"accuracy":0.7142857143,"f1":0.65625,"recall":0.7777777778,"precision":0.5675675676,"roc_auc":0.8066666667}}
{"params":{"max_depth":3,"n_estimators":500},"train":{"accuracy":0.78,"f1":0.7924528302,"recall":0.84,"precision":0.75,"roc_auc":0.873265625},"test":{"accuracy":0.7272727273,"f1":0.6769230769,"recall":0.8148148148,"precision":0.5789473684,"roc_auc":0.8007407407}}
{"params":{"max_depth":5,"n_estimators":500},"train":{"accuracy":0.85625,"f1":0.8645465253,"recall":0.9175,"precision":0.8173719376,"roc_auc":0.9323125},"test":{"accuracy":0.7402597403,"f1":0.696969697,"recall":0.8518518519,"precision":0.5897435897,"roc_auc":0.7985185185}}
{"params":{"max_depth":10,"n_estimators":500},"train":{"accuracy":0.90625,"f1":0.9095295537,"recall":0.9425,"precision":0.8787878788,"roc_auc":0.98295},"test":{"accuracy":0.7272727273,"f1":0.6666666667,"recall":0.7777777778,"precision":0.5833333333,"roc_auc":0.8}}
