{"params":{"max_depth":5},"train":{"accuracy":0.83375,"f1":0.8448074679,"recall":0.905,"precision":0.7921225383,"roc_auc":0.933546875},"test":{"accuracy":0.7272727273,"f1":0.6769230769,"recall":0.8148148148,"precision":0.5789473684,"roc_auc":0.7903703704}}
{"params":{"max_depth":3},"train":{"accuracy":0.78625,"f1":0.8013937282,"recall":0.8625,"precision":0.748373102,"roc_auc":0.869834375},"test":{"accuracy":0.7142857143,"f1":0.6666666667,"recall":0.8148148148,"precision":0.5641025641,"roc_auc":0.7977777778}}
{"params":{"max_depth":3},"train":{"accuracy":0.78875,"f1":0.8037166086,"recall":0.865,"precision":0.7505422993,"roc_auc":0.87061875},"test":{"accuracy":0.7272727273,"f1":0.6769230769,"recall":0.8148148148,"precision":0.5789473684,"roc_auc":0.7974074074}}
{"params":{"max_depth":5},"train":{"accuracy":0.8475,"f1":0.8568075117,"recall":0.9125,"precision":0.8075221239,"roc_auc":0.93438125},"test":{"accuracy":0.7272727273,"f1":0.6865671642,"recall":0.8518518519,"precision":0.575,"roc_auc":0.7888888889}}
{"params":{"max_depth":3},"train":{"accuracy":0.78625,"f1":0.8009313155,"recall":0.86,"precision":0.7494553377,"roc_auc":0.874003125},"test":{"accuracy":0.7272727273,"f1":0.6769230769,"recall":0.8148148148,"precision":0.5789473684,"roc_auc":0.7974074074}}
{"params":{"max_depth":10},"train":{"accuracy":0.92875,"f1":0.9298892989,"recall":0.945,"precision":0.9152542373,"roc_auc":0.98815},"test":{"accuracy":0.7402597403,"f1":0.6774193548,"recall":0.7777777778,"precision":0.6,"roc_auc":0.7803703704}}
{"params":{"max_depth":5},"train":{"accuracy":0.8525,"f1":0.8621495327,"recall":0.9225,"precision":0.8092105263,"roc_auc":0.9368375},"test":{"accuracy":0.7402597403,"f1":0.696969697,"recall":0.8518518519,"precision":0.5897435897,"roc_auc":0.7955555556}}
{"params":{"max_depth":10},"train":{"accuracy":0.93875,"f1":0.9395807645,"recall":0.9525,"precision":0.9270072993,"roc_auc":0.9897125},"test":{"accuracy":0.7142857143,"f1":0.6451612903,"recall":0.7407407407,"precision":0.5714285714,"roc_auc":0.7844444444}}
{"params":{"max_depth":3},"train":{"accuracy":0.7875,"f1":0.8014018692,"recall":0.8575,"precision":0.7521929825,"roc_auc":0.872959375},"test":{"accuracy":0.7142857143,"f1":0.6666666667,"recall":0.8148148148,"precision":0.5641025641,"roc_auc":0.7925925926}}
{"params":{"max_depth":10},"train":{"accuracy":0.93875,"f1":0.9398773006,"recall":0.9575,"precision":0.9228915663,"roc_auc":0.99105625},"test":{"accuracy":0.7012987013,"f1":0.6349206349,"recall":0.7407407407,"precision":0.5555555556,"roc_auc":0.7866666667}}
{"params":{"max_depth":5},"train":{"accuracy":0.8525,"f1":0.8621495327,"recall":0.9225,"precision":0.8092105263,"roc_auc":0.9366375},"test":{"accuracy":0.7402597403,"f1":0.696969697,"recall":0.8518518519,"precision":0.5897435897,"roc_auc":0.7896296296}}
{"params":{"max_depth":3},"train":{"accuracy":0.7875,"f1":0.8014018692,"recall":0.8575,"precision":0.7521929825,"roc_auc":0.873159375},"test":{"accuracy":0.7142857143,"f1":0.6666666667,"recall":0.8148148148,"precision":0.5641025641,"roc_auc":0.7948148148}}
{"params":{"max_depth":10},"train":{"accuracy":0.9425,"f1":0.9433497537,"recall":0.9575,"precision":0.9296116505,"roc_auc":0.9913625},"test":{"accuracy":0.7272727273,"f1":0.6769230769,"recall":0.8148148148,"precision":0.5789473684,"roc_auc":0.8051851852}}
{"params":{"max_depth":5},"train":{"accuracy":0.85375,"f1":0.8628370457,"recall":0.92,"precision":0.8123620309,"roc_auc":0.9371375},"test":{"accuracy":0.7402597403,"f1":0.696969697,"recall":0.8518518519,"precision":0.5897435897,"roc_auc":0.7933333333}}
{"params":{"max_depth":10},"train":{"accuracy":0.94,"f1":0.9408866995,"recall":0.955,"precision":0.927184466,"roc_auc":0.99155625},"test":{"accuracy":0.7272727273,"f1":0.6666666667,"recall":0.7777777778,"precision":0.5833333333,"roc_auc":0.7977777778}}
