{"params":{"max_depth":3},"train":{"accuracy":0.78875,"f1":0.8023391813,"recall":0.8575,"precision":0.7538461538,"roc_auc":0.868803125},"test":{"accuracy":0.7012987013,"f1":0.6461538462,"recall":0.7777777778,"precision":0.5526315789,"roc_auc":0.7992592593}}
{"params":{"max_depth":5},"train":{"accuracy":0.84625,"f1":0.8561403509,"recall":0.915,"precision":0.8043956044,"roc_auc":0.934884375},"test":{"accuracy":0.7402597403,"f1":0.6875,"recall":0.8148148148,"precision":0.5945945946,"roc_auc":0.777037037}}
{"params":{"max_depth":3},"train":{"accuracy":0.7875,"f1":0.8014018692,"recall":0.8575,"precision":0.7521929825,"roc_auc":0.869359375},"test":{"accuracy":0.7272727273,"f1":0.6769230769,"recall":0.8148148148,"precision":0.5789473684,"roc_auc":0.8088888889}}
{"params":{"max_depth":3},"train":{"accuracy":0.78625,"f1":0.8,"recall":0.855,"precision":0.7516483516,"roc_auc":0.871646875},"test":{"accuracy":0.7142857143,"f1":0.6666666667,"recall":0.8148148148,"precision":0.5641025641,"roc_auc":0.7925925926}}
{"params":{"max_depth":10},"train":{"accuracy":0.93,"f1":0.9312039312,"recall":0.9475,"precision":0.9154589372,"roc_auc":0.98835},"test":{"accuracy":0.7012987013,"f1":0.6461538462,"recall":0.7777777778,"precision":0.5526315789,"roc_auc":0.7903703704}}
{"params":{"max_depth":5},"train":{"accuracy":0.84125,"f1":0.8514619883,"recall":0.91,"precision":0.8,"roc_auc":0.93463125},"test":{"accuracy":0.7402597403,"f1":0.696969697,"recall":0.8518518519,"precision":0.5897435897,"roc_auc":0.7792592593}}
{"params":{"max_depth":5},"train":{"accuracy":0.8475,"f1":0.8571428571,"recall":0.915,"precision":0.8061674009,"roc_auc":0.935075},"test":{"accuracy":0.7272727273,"f1":0.6865671642,"recall":0.8518518519,"precision":0.575,"roc_auc":0.7925925926}}
{"params":{"max_depth":10},"train":{"accuracy":0.94375,"f1":0.9442379182,"recall":0.9525,"precision":0.9361179361,"roc_auc":0.989975},"test":{"accuracy":0.7012987013,"f1":0.6349206349,"recall":0.7407407407,"precision":0.5555555556,"roc_auc":0.78}}
{"params":{"max_depth":3},"train":{"accuracy":0.78625,"f1":0.8,"recall":0.855,"precision":0.7516483516,"roc_auc":0.87263125},"test":{"accuracy":0.7142857143,"f1":0.6666666667,"recall":0.8148148148,"precision":0.5641025641,"roc_auc":0.7925925926}}
{"params":{"max_depth":10},"train":{"accuracy":0.945,"f1":0.9458128079,"recall":0.96,"precision":0.932038835,"roc_auc":0.9914125},"test":{"accuracy":0.6753246753,"f1":0.6153846154,"recall":0.7407407407,"precision":0.5263157895,"roc_auc":0.7848148148}}
{"params":{"max_depth":5},"train":{"accuracy":0.85,"f1":0.8598130841,"recall":0.92,"precision":0.8070175439,"roc_auc":0.93661875},"test":{"accuracy":0.7272727273,"f1":0.6865671642,"recall":0.8518518519,"precision":0.575,"roc_auc":0.7955555556}}
{"params":{"max_depth":3},"train":{"accuracy":0.7875,"f1":0.8014018692,"recall":0.8575,"precision":0.7521929825,"roc_auc":0.87285},"test":{"accuracy":0.7142857143,"f1":0.6666666667,"recall":0.8148148148,"precision":0.5641025641,"roc_auc":0.7925925926}}
{"params":{"max_depth":10},"train":{"accuracy":0.9425,"f1":0.9432098765,"recall":0.955,"precision":0.9317073171,"roc_auc":0.991625},"test":{"accuracy":0.7142857143,"f1":0.65625,"recall":0.7777777778,"precision":0.5675675676,"roc_auc":0.7933333333}}
{"params":{"max_depth":5},"train":{"accuracy":0.85625,"f1":0.8651817116,"recall":0.9225,"precision":0.8145695364,"roc_auc":0.93704375},"test":{"accuracy":0.7272727273,"f1":0.6865671642,"recall":0.8518518519,"precision":0.575,"roc_auc":0.7985185185}}
{"params":{"max_depth":10},"train":{"accuracy":0.94375,"f1":0.9443757726,"recall":0.955,"precision":0.9339853301,"roc_auc":0.99189375},"test":{"accuracy":0.7142857143,"f1":0.65625,"recall":0.7777777778,"precision":0.5675675676,"roc_auc":0.7911111111}}
