{"params":{"max_depth":3,"n_estimators":25},"train":{"accuracy":0.785,"f1":0.7971698113,"recall":0.845,"precision":0.7544642857,"roc_auc":0.86419375},"test":{"accuracy":0.7142857143,"f1":0.6666666667,"recall":0.8148148148,"precision":0.5641025641,"roc_auc":0.7844444444}}
{"params":{"max_depth":5,"n_estimators":50},"train":{"accuracy":0.85375,"f1":0.8608799049,"recall":0.905,"precision":0.820861678,"roc_auc":0.92739375},"test":{"accuracy":0.7012987013,"f1":0.6461538462,"recall":0.7777777778,"precision":0.5526315789,"roc_auc":0.8007407407}}
{"params":{"max_depth":5,"n_estimators":25},"train":{"accuracy":0.8525,"f1":0.8595238095,"recall":0.9025,"precision":0.8204545455,"roc_auc":0.9304125},"test":{"accuracy":0.7012987013,"f1":0.6461538462,"recall":0.7777777778,"precision":0.5526315789,"roc_auc":0.7837037037}}
{"params":{"max_depth":3,"n_estimators":50},"train":{"accuracy":0.7775,"f1":0.7895981087,"recall":0.835,"precision":0.7488789238,"roc_auc":0.86740625},"test":{"accuracy":0.7532467532,"f1":0.6984126984,"recall":0.8148148148,"precision":0.6111111111,"roc_auc":0.7866666667}}
{"params":{"max_depth":3,"n_estimators":100},"train":{"accuracy":0.77875,"f1":0.7910271547,"recall":0.8375,"precision":0.7494407159,"roc_auc":0.870053125},"test":{"accuracy":0.7272727273,"f1":0.6769230769,"recall":0.8148148148,"precision":0.5789473684,"roc_auc":0.7888888889}}
{"params":{"max_depth":10,"n_estimators":25},"train":{"accuracy":0.9125,"f1":0.9150485437,"recall":0.9425,"precision":0.8891509434,"roc_auc":0.98106875},"test":{"accuracy":0.7142857143,"f1":0.65625,"recall":0.7777777778,"precision":0.5675675676,"roc_auc":0.78}}
{"params":{"max_depth":5,"n_estimators":100},"train":{"accuracy":0.8575,"f1":0.8655660377,"recall":0.9175,"precision":0.8191964286,"roc_auc":0.9300875},"test":{"accuracy":0.7272727273,"f1":0.6769230769,"recall":0.8148148148,"precision":0.5789473684,"roc_auc":0.8014814815}}
{"params":{"max_depth":10,"n_estimators":50},"train":{"accuracy":0.90625,"f1":0.9088699878,"recall":0.935,"precision":0.8841607565,"roc_auc":0.9804875},"test":{"accuracy":0.7142857143,"f1":0.6451612903,"recall":0.7407407407,"precision":0.5714285714,"roc_auc":0.8022222222}}
{"params":{"max_depth":10,"n_estimators":100},"train":{"accuracy":0.91125,"f1":0.9139393939,"recall":0.9425,"precision":0.8870588235,"roc_auc":0.98154375},"test":{"accuracy":0.7012987013,"f1":0.6349206349,"recall":0.7407407407,"precision":0.5555555556,"roc_auc":0.7962962963}}
{"params":{"max_depth":3,"n_estimators":250},"train":{"accuracy":0.78,"f1":0.7924528302,"recall":0.84,"precision":0.75,"roc_auc":0.87045},"test":{"accuracy":0.7272727273,"f1":0.6769230769,"recall":0.8148148148,"precision":0.5789473684,"roc_auc":0.7992592593}}
{"params":{"max_depth":5,"n_estimators":250},"train":{"accuracy":0.85,"f1":0.8588235294,"recall":0.9125,"precision":0.8111111111,"roc_auc":0.93171875},"test":{"accuracy":0.7402597403,"f1":0.696969697,"recall":0.8518518519,"precision":0.5897435897,"roc_auc":0.7985185185}}
{"params":{"max_depth":10,"n_estimators":250},"train":{"accuracy":0.90625,"f1":0.9090909091,"recall":0.9375,"precision":0.8823529412,"roc_auc":0.98225},"test":{"accuracy":0.7142857143,"f1":0.6451612903,"recall":0.7407407407,"precision":0.5714285714,"roc_auc":0.8}}
{"params":{"max_depth":3,"n_estimators":500},"train":{"accuracy":0.78,"f1":0.7924528302,"recall":0.84,"precision":0.75,"roc_auc":0.87060625},"test":{"accuracy":0.7272727273,"f1":0.6769230769,"recall":0.8148148148,"precision":0.5789473684,"roc_auc":0.7992592593}}
{"params":{"max_depth":5,"n_estimators":500},"train":{"accuracy":0.85125,"f1":0.8601645123,"recall":0.915,"precision":0.8115299335,"roc_auc":0.93188125},"test":{"accuracy":0.7402597403,"f1":0.696969697,"recall":0.8518518519,"precision":0.5897435897,"roc_auc":0.8}}
{"params":{"max_depth":10,"n_estimators":500},"train":{"accuracy":0.9075,"f1":0.9101941748,"recall":0.9375,"precision":0.8844339623,"roc_auc":0.9825875},"test":{"accuracy":0.7272727273,"f1":0.6666666667,"recall":0.7777777778,"precision":0.5833333333,"roc_auc":0.7955555556}}
