{"params":{"max_depth":3},"train":{"accuracy":0.7654723127,"f1":0.71875,"recall":0.8598130841,"precision":0.6174496644,"roc_auc":0.8816121495},"test":{"accuracy":0.7662337662,"f1":0.7272727273,"recall":0.8888888889,"precision":0.6153846154,"roc_auc":0.7974074074}}
{"params":{"max_depth":5},"train":{"accuracy":0.8403908795,"f1":0.7975206612,"recall":0.9018691589,"precision":0.7148148148,"roc_auc":0.9369976636},"test":{"accuracy":0.7402597403,"f1":0.696969697,"recall":0.8518518519,"precision":0.5897435897,"roc_auc":0.7881481481}}
{"params":{"max_depth":5},"train":{"accuracy":0.825732899,"f1":0.7775467775,"recall":0.8738317757,"precision":0.7003745318,"roc_auc":0.9376051402},"test":{"accuracy":0.7272727273,"f1":0.6769230769,"recall":0.8148148148,"precision":0.5789473684,"roc_auc":0.7962962963}}
{"params":{"max_depth":3},"train":{"accuracy":0.7671009772,"f1":0.7190569745,"recall":0.8551401869,"precision":0.6203389831,"roc_auc":0.8851752336},"test":{"accuracy":0.7142857143,"f1":0.6764705882,"recall":0.8518518519,"precision":0.5609756098,"roc_auc":0.7903703704}}
{"params":{"max_depth":10},"train":{"accuracy":0.9332247557,"f1":0.9070294785,"recall":0.9345794393,"precision":0.8810572687,"roc_auc":0.9868341121},"test":{"accuracy":0.6753246753,"f1":0.5901639344,"recall":0.6666666667,"precision":0.5294117647,"roc_auc":0.7796296296}}
{"params":{"max_depth":10},"train":{"accuracy":0.9381107492,"f1":0.9136363636,"recall":0.9392523364,"precision":0.889380531,"roc_auc":0.9888317757},"test":{"accuracy":0.6883116883,"f1":0.6,"recall":0.6666666667,"precision":0.5454545455,"roc_auc":0.8022222222}}
{"params":{"max_depth":3},"train":{"accuracy":0.7605863192,"f1":0.7167630058,"recall":0.8691588785,"precision":0.6098360656,"roc_auc":0.884614486},"test":{"accuracy":0.6883116883,"f1":0.6571428571,"recall":0.8518518519,"precision":0.5348837209,"roc_auc":0.7918518519}}
{"params":{"max_depth":5},"train":{"accuracy":0.82247557,"f1":0.7733887734,"recall":0.8691588785,"precision":0.6966292135,"roc_auc":0.9373831776},"test":{"accuracy":0.7402597403,"f1":0.696969697,"recall":0.8518518519,"precision":0.5897435897,"roc_auc":0.8007407407}}
{"params":{"max_depth":10},"train":{"accuracy":0.9478827362,"f1":0.9266055046,"recall":0.9439252336,"precision":0.9099099099,"roc_auc":0.9905023364},"test":{"accuracy":0.7402597403,"f1":0.6774193548,"recall":0.7777777778,"precision":0.6,"roc_auc":0.7992592593}}
{"params":{"max_depth":3},"train":{"accuracy":0.7654723127,"f1":0.722007722,"recall":0.8738317757,"precision":0.6151315789,"roc_auc":0.885478972},"test":{"accuracy":0.6883116883,"f1":0.6571428571,"recall":0.8518518519,"precision":0.5348837209,"roc_auc":0.7948148148}}
{"params":{"max_depth":5},"train":{"accuracy":0.8273615635,"f1":0.7791666667,"recall":0.8738317757,"precision":0.7030075188,"roc_auc":0.93875},"test":{"accuracy":0.7402597403,"f1":0.696969697,"recall":0.8518518519,"precision":0.5897435897,"roc_auc":0.8044444444}}
{"params":{"max_depth":10},"train":{"accuracy":0.9478827362,"f1":0.9262672811,"recall":0.9392523364,"precision":0.9136363636,"roc_auc":0.991635514},"test":{"accuracy":0.7272727273,"f1":0.6666666667,"recall":0.7777777778,"precision":0.5833333333,"roc_auc":0.8044444444}}
{"params":{"max_depth":3},"train":{"accuracy":0.7622149837,"f1":0.7203065134,"recall":0.8785046729,"precision":0.6103896104,"roc_auc":0.8846028037},"test":{"accuracy":0.7012987013,"f1":0.676056338,"recall":0.8888888889,"precision":0.5454545455,"roc_auc":0.7925925926}}
{"params":{"max_depth":5},"train":{"accuracy":0.825732899,"f1":0.7802874743,"recall":0.8878504673,"precision":0.695970696,"roc_auc":0.9384579439},"test":{"accuracy":0.7402597403,"f1":0.696969697,"recall":0.8518518519,"precision":0.5897435897,"roc_auc":0.8022222222}}
{"params":{"max_depth":10},"train":{"accuracy":0.9495114007,"f1":0.9287356322,"recall":0.9439252336,"precision":0.9140271493,"roc_auc":0.9917523364},"test":{"accuracy":0.7272727273,"f1":0.6666666667,"recall":0.7777777778,"precision":0.5833333333,"roc_auc":0.8066666667}}
