{"params":{"max_depth":3},"train":{"accuracy":0.79125,"f1":0.8064889919,"recall":0.87,"precision":0.7516198704,"roc_auc":0.86719375},"test":{"accuracy":0.7272727273,"f1":0.6865671642,"recall":0.8518518519,"precision":0.575,"roc_auc":0.7914814815}}
{"params":{"max_depth":5},"train":{"accuracy":0.855,"f1":0.8644859813,"recall":0.925,"precision":0.8114035088,"roc_auc":0.93546875},"test":{"accuracy":0.7402597403,"f1":0.696969697,"recall":0.8518518519,"precision":0.5897435897,"roc_auc":0.7977777778}}
{"params":{"max_depth":3},"train":{"accuracy":0.795,"f1":0.8097447796,"recall":0.8725,"precision":0.7554112554,"roc_auc":0.869971875},"test":{"accuracy":0.7272727273,"f1":0.6865671642,"recall":0.8518518519,"precision":0.575,"roc_auc":0.7855555556}}
{"params":{"max_depth":5},"train":{"accuracy":0.855,"f1":0.8651162791,"recall":0.93,"precision":0.8086956522,"roc_auc":0.934825},"test":{"accuracy":0.7532467532,"f1":0.7076923077,"recall":0.8518518519,"precision":0.6052631579,"roc_auc":0.8096296296}}
{"params":{"max_depth":5},"train":{"accuracy":0.8575,"f1":0.8668224299,"recall":0.9275,"precision":0.8135964912,"roc_auc":0.9350875},"test":{"accuracy":0.7402597403,"f1":0.696969697,"recall":0.8518518519,"precision":0.5897435897,"roc_auc":0.7933333333}}
{"params":{"max_depth":3},"train":{"accuracy":0.78875,"f1":0.8028004667,"recall":0.86,"precision":0.7527352298,"roc_auc":0.87061875},"test":{"accuracy":0.7142857143,"f1":0.6666666667,"recall":0.8148148148,"precision":0.5641025641,"roc_auc":0.7955555556}}
{"params":{"max_depth":10},"train":{"accuracy":0.92875,"f1":0.9293680297,"recall":0.9375,"precision":0.9213759214,"roc_auc":0.98666875},"test":{"accuracy":0.7402597403,"f1":0.6774193548,"recall":0.7777777778,"precision":0.6,"roc_auc":0.7955555556}}
{"params":{"max_depth":10},"train":{"accuracy":0.9425,"f1":0.9430693069,"recall":0.9525,"precision":0.9338235294,"roc_auc":0.98941875},"test":{"accuracy":0.7272727273,"f1":0.6440677966,"recall":0.7037037037,"precision":0.59375,"roc_auc":0.7822222222}}
{"params":{"max_depth":3},"train":{"accuracy":0.78875,"f1":0.8028004667,"recall":0.86,"precision":0.7527352298,"roc_auc":0.871771875},"test":{"accuracy":0.7272727273,"f1":0.6769230769,"recall":0.8148148148,"precision":0.5789473684,"roc_auc":0.8}}
{"params":{"max_depth":10},"train":{"accuracy":0.93875,"f1":0.9395807645,"recall":0.9525,"precision":0.9270072993,"roc_auc":0.98979375},"test":{"accuracy":0.7142857143,"f1":0.6451612903,"recall":0.7407407407,"precision":0.5714285714,"roc_auc":0.7807407407}}
{"params":{"max_depth":5},"train":{"accuracy":0.85625,"f1":0.8642266824,"recall":0.915,"precision":0.8187919463,"roc_auc":0.9355},"test":{"accuracy":0.7402597403,"f1":0.696969697,"recall":0.8518518519,"precision":0.5897435897,"roc_auc":0.797037037}}
{"params":{"max_depth":3},"train":{"accuracy":0.79,"f1":0.8037383178,"recall":0.86,"precision":0.7543859649,"roc_auc":0.872015625},"test":{"accuracy":0.7142857143,"f1":0.6666666667,"recall":0.8148148148,"precision":0.5641025641,"roc_auc":0.7948148148}}
{"params":{"max_depth":10},"train":{"accuracy":0.94375,"f1":0.9443757726,"recall":0.955,"precision":0.9339853301,"roc_auc":0.99085625},"test":{"accuracy":0.7012987013,"f1":0.6349206349,"recall":0.7407407407,"precision":0.5555555556,"roc_auc":0.7896296296}}
{"params":{"max_depth":5},"train":{"accuracy":0.85125,"f1":0.8611435239,"recall":0.9225,"precision":0.8074398249,"roc_auc":0.937175},"test":{"accuracy":0.7272727273,"f1":0.6865671642,"recall":0.8518518519,"precision":0.575,"roc_auc":0.797037037}}
{"params":{"max_depth":10},"train":{"accuracy":0.9425,"f1":0.9430693069,"recall":0.9525,"precision":0.9338235294,"roc_auc":0.9914625},"test":{"accuracy":0.7272727273,"f1":0.6666666667,"recall":0.7777777778,"precision":0.5833333333,"roc_auc":0.7866666667}}
