{"params":{"max_depth":3,"n_estimators":25},"train":{"accuracy":0.785,"f1":0.7976470588,"recall":0.8475,"precision":0.7533333333,"roc_auc":0.870696875},"test":{"accuracy":0.7272727273,"f1":0.6769230769,"recall":0.8148148148,"precision":0.5789473684,"roc_auc":0.7896296296}}
{"params":{"max_depth":5,"n_estimators":25},"train":{"accuracy":0.85125,"f1":0.8601645123,"recall":0.915,"precision":0.8115299335,"roc_auc":0.931121875},"test":{"accuracy":0.7272727273,"f1":0.6769230769,"recall":0.8148148148,"precision":0.5789473684,"roc_auc":0.7807407407}}
{"params":{"max_depth":3,"n_estimators":50},"train":{"accuracy":0.785,"f1":0.7971698113,"recall":0.845,"precision":0.7544642857,"roc_auc":0.87151875},"test":{"accuracy":0.7402597403,"f1":0.6875,"recall":0.8148148148,"precision":0.5945945946,"roc_auc":0.7937037037}}
{"params":{"max_depth":5,"n_estimators":50},"train":{"accuracy":0.84875,"f1":0.8578143361,"recall":0.9125,"precision":0.8093126386,"roc_auc":0.93259375},"test":{"accuracy":0.7142857143,"f1":0.6666666667,"recall":0.8148148148,"precision":0.5641025641,"roc_auc":0.7807407407}}
{"params":{"max_depth":5,"n_estimators":100},"train":{"accuracy":0.855,"f1":0.8628841608,"recall":0.9125,"precision":0.8183856502,"roc_auc":0.934425},"test":{"accuracy":0.7272727273,"f1":0.6769230769,"recall":0.8148148148,"precision":0.5789473684,"roc_auc":0.7948148148}}
{"params":{"max_depth":3,"n_estimators":100},"train":{"accuracy":0.785,"f1":0.7971698113,"recall":0.845,"precision":0.7544642857,"roc_auc":0.872596875},"test":{"accuracy":0.7272727273,"f1":0.6769230769,"recall":0.8148148148,"precision":0.5789473684,"roc_auc":0.7966666667}}
{"params":{"max_depth":10,"n_estimators":25},"train":{"accuracy":0.90125,"f1":0.9035409035,"recall":0.925,"precision":0.8830548926,"roc_auc":0.97830625},"test":{"accuracy":0.7272727273,"f1":0.6666666667,"recall":0.7777777778,"precision":0.5833333333,"roc_auc":0.7685185185}}
{"params":{"max_depth":10,"n_estimators":50},"train":{"accuracy":0.905,"f1":0.9082125604,"recall":0.94,"precision":0.8785046729,"roc_auc":0.9819875},"test":{"accuracy":0.7402597403,"f1":0.6875,"recall":0.8148148148,"precision":0.5945945946,"roc_auc":0.7888888889}}
{"params":{"max_depth":10,"n_estimators":100},"train":{"accuracy":0.91125,"f1":0.9143546441,"recall":0.9475,"precision":0.8834498834,"roc_auc":0.98339375},"test":{"accuracy":0.7272727273,"f1":0.6666666667,"recall":0.7777777778,"precision":0.5833333333,"roc_auc":0.7888888889}}
{"params":{"max_depth":5,"n_estimators":250},"train":{"accuracy":0.855,"f1":0.8635294118,"recall":0.9175,"precision":0.8155555556,"roc_auc":0.932875},"test":{"accuracy":0.7272727273,"f1":0.6769230769,"recall":0.8148148148,"precision":0.5789473684,"roc_auc":0.7977777778}}
{"params":{"max_depth":3,"n_estimators":250},"train":{"accuracy":0.7775,"f1":0.7895981087,"recall":0.835,"precision":0.7488789238,"roc_auc":0.871565625},"test":{"accuracy":0.7402597403,"f1":0.6875,"recall":0.8148148148,"precision":0.5945945946,"roc_auc":0.7962962963}}
{"params":{"max_depth":10,"n_estimators":250},"train":{"accuracy":0.9125,"f1":0.9150485437,"recall":0.9425,"precision":0.8891509434,"roc_auc":0.9838375},"test":{"accuracy":0.7012987013,"f1":0.6461538462,"recall":0.7777777778,"precision":0.5526315789,"roc_auc":0.7814814815}}
{"params":{"max_depth":3,"n_estimators":500},"train":{"accuracy":0.78,"f1":0.7924528302,"recall":0.84,"precision":0.75,"roc_auc":0.87186875},"test":{"accuracy":0.7402597403,"f1":0.6875,"recall":0.8148148148,"precision":0.5945945946,"roc_auc":0.7992592593}}
{"params":{"max_depth":5,"n_estimators":500},"train":{"accuracy":0.85625,"f1":0.8645465253,"recall":0.9175,"precision":0.8173719376,"roc_auc":0.9330875},"test":{"accuracy":0.7402597403,"f1":0.696969697,"recall":0.8518518519,"precision":0.5897435897,"roc_auc":0.7955555556}}
{"params":{"max_depth":10,"n_estimators":500},"train":{"accuracy":0.91,"f1":0.9128329298,"recall":0.9425,"precision":0.8849765258,"roc_auc":0.98328125},"test":{"accuracy":0.7142857143,"f1":0.65625,"recall":0.7777777778,"precision":0.5675675676,"roc_auc":0.782962963}}
