{"params":{"max_depth":3,"n_estimators":25},"train":{"accuracy":0.78125,"f1":0.7933884298,"recall":0.84,"precision":0.7516778523,"roc_auc":0.8737375},"test":{"accuracy":0.7272727273,"f1":0.6769230769,"recall":0.8148148148,"precision":0.5789473684,"roc_auc":0.7818518519}}
{"params":{"max_depth":3,"n_estimators":50},"train":{"accuracy":0.78375,"f1":0.7967097532,"recall":0.8475,"precision":0.7516629712,"roc_auc":0.87194375},"test":{"accuracy":0.7272727273,"f1":0.6769230769,"recall":0.8148148148,"precision":0.5789473684,"roc_auc":0.79}}
{"params":{"max_depth":5,"n_estimators":25},"train":{"accuracy":0.85375,"f1":0.8625146886,"recall":0.9175,"precision":0.8137472284,"roc_auc":0.93215625},"test":{"accuracy":0.7532467532,"f1":0.7076923077,"recall":0.8518518519,"precision":0.6052631579,"roc_auc":0.82}}
{"params":{"max_depth":10,"n_estimators":25},"train":{"accuracy":0.91875,"f1":0.9206349206,"recall":0.9425,"precision":0.8997613365,"roc_auc":0.981425},"test":{"accuracy":0.7272727273,"f1":0.6666666667,"recall":0.7777777778,"precision":0.5833333333,"roc_auc":0.797037037}}
{"params":{"max_depth":5,"n_estimators":50},"train":{"accuracy":0.85125,"f1":0.8608187135,"recall":0.92,"precision":0.8087912088,"roc_auc":0.92968125},"test":{"accuracy":0.7402597403,"f1":0.696969697,"recall":0.8518518519,"precision":0.5897435897,"roc_auc":0.8066666667}}
{"params":{"max_depth":3,"n_estimators":100},"train":{"accuracy":0.7825,"f1":0.7952941176,"recall":0.845,"precision":0.7511111111,"roc_auc":0.87185},"test":{"accuracy":0.7142857143,"f1":0.6666666667,"recall":0.8148148148,"precision":0.5641025641,"roc_auc":0.7866666667}}
{"params":{"max_depth":5,"n_estimators":100},"train":{"accuracy":0.8575,"f1":0.8658823529,"recall":0.92,"precision":0.8177777778,"roc_auc":0.93223125},"test":{"accuracy":0.7272727273,"f1":0.6865671642,"recall":0.8518518519,"precision":0.575,"roc_auc":0.797037037}}
{"params":{"max_depth":10,"n_estimators":50},"train":{"accuracy":0.915,"f1":0.9172749392,"recall":0.9425,"precision":0.8933649289,"roc_auc":0.9815},"test":{"accuracy":0.7142857143,"f1":0.65625,"recall":0.7777777778,"precision":0.5675675676,"roc_auc":0.7940740741}}
{"params":{"max_depth":10,"n_estimators":100},"train":{"accuracy":0.91,"f1":0.9126213592,"recall":0.94,"precision":0.8867924528,"roc_auc":0.98314375},"test":{"accuracy":0.7142857143,"f1":0.65625,"recall":0.7777777778,"precision":0.5675675676,"roc_auc":0.7866666667}}
{"params":{"max_depth":3,"n_estimators":250},"train":{"accuracy":0.78125,"f1":0.7933884298,"recall":0.84,"precision":0.7516778523,"roc_auc":0.872103125},"test":{"accuracy":0.7272727273,"f1":0.6769230769,"recall":0.8148148148,"precision":0.5789473684,"roc_auc":0.7918518519}}
{"params":{"max_depth":5,"n_estimators":250},"train":{"accuracy":0.85125,"f1":0.8598351001,"recall":0.9125,"precision":0.8129175947,"roc_auc":0.93161875},"test":{"accuracy":0.7272727273,"f1":0.6865671642,"recall":0.8518518519,"precision":0.575,"roc_auc":0.7933333333}}
{"params":{"max_depth":10,"n_estimators":250},"train":{"accuracy":0.90875,"f1":0.9113001215,"recall":0.9375,"precision":0.8865248227,"roc_auc":0.98233125},"test":{"accuracy":0.7142857143,"f1":0.65625,"recall":0.7777777778,"precision":0.5675675676,"roc_auc":0.7866666667}}
{"params":{"max_depth":3,"n_estimators":500},"train":{"accuracy":0.78,"f1":0.7924528302,"recall":0.84,"precision":0.75,"roc_auc":0.871740625},"test":{"accuracy":0.7272727273,"f1":0.6769230769,"recall":0.8148148148,"precision":0.5789473684,"roc_auc":0.7911111111}}
{"params":{"max_depth":5,"n_estimators":500},"train":{"accuracy":0.8575,"f1":0.8658823529,"recall":0.92,"precision":0.8177777778,"roc_auc":0.93291875},"test":{"accuracy":0.7272727273,"f1":0.6865671642,"recall":0.8518518519,"precision":0.575,"roc_auc":0.7955555556}}
{"params":{"max_depth":10,"n_estimators":500},"train":{"accuracy":0.9125,"f1":0.9148418491,"recall":0.94,"precision":0.8909952607,"roc_auc":0.9831875},"test":{"accuracy":0.7272727273,"f1":0.6666666667,"recall":0.7777777778,"precision":0.5833333333,"roc_auc":0.7933333333}}
