{"params":{"max_depth":3,"n_estimators":25},"train":{"accuracy":0.78375,"f1":0.7962308598,"recall":0.845,"precision":0.7527839644,"roc_auc":0.868853125},"test":{"accuracy":0.7272727273,"f1":0.6769230769,"recall":0.8148148148,"precision":0.5789473684,"roc_auc":0.812962963}}
{"params":{"max_depth":5,"n_estimators":25},"train":{"accuracy":0.8475,"f1":0.8551068884,"recall":0.9,"precision":0.814479638,"roc_auc":0.93150625},"test":{"accuracy":0.7402597403,"f1":0.696969697,"recall":0.8518518519,"precision":0.5897435897,"roc_auc":0.7881481481}}
{"params":{"max_depth":5,"n_estimators":50},"train":{"accuracy":0.8525,"f1":0.8615023474,"recall":0.9175,"precision":0.8119469027,"roc_auc":0.9337125},"test":{"accuracy":0.7402597403,"f1":0.696969697,"recall":0.8518518519,"precision":0.5897435897,"roc_auc":0.7933333333}}
{"params":{"max_depth":3,"n_estimators":50},"train":{"accuracy":0.78375,"f1":0.7952662722,"recall":0.84,"precision":0.7550561798,"roc_auc":0.872103125},"test":{"accuracy":0.7272727273,"f1":0.6769230769,"recall":0.8148148148,"precision":0.5789473684,"roc_auc":0.8096296296}}
{"params":{"max_depth":3,"n_estimators":100},"train":{"accuracy":0.785,"f1":0.7971698113,"recall":0.845,"precision":0.7544642857,"roc_auc":0.87153125},"test":{"accuracy":0.7272727273,"f1":0.6769230769,"recall":0.8148148148,"precision":0.5789473684,"roc_auc":0.8044444444}}
{"params":{"max_depth":5,"n_estimators":100},"train":{"accuracy":0.85375,"f1":0.8625146886,"recall":0.9175,"precision":0.8137472284,"roc_auc":0.931675},"test":{"accuracy":0.7272727273,"f1":0.6769230769,"recall":0.8148148148,"precision":0.5789473684,"roc_auc":0.7955555556}}
{"params":{"max_depth":10,"n_estimators":25},"train":{"accuracy":0.90625,"f1":0.9088699878,"recall":0.935,"precision":0.8841607565,"roc_auc":0.97935},"test":{"accuracy":0.7272727273,"f1":0.6769230769,"recall":0.8148148148,"precision":0.5789473684,"roc_auc":0.7714814815}}
{"params":{"max_depth":10,"n_estimators":50},"train":{"accuracy":0.91375,"f1":0.9161603888,"recall":0.9425,"precision":0.8912529551,"roc_auc":0.98104375},"test":{"accuracy":0.7012987013,"f1":0.6461538462,"recall":0.7777777778,"precision":0.5526315789,"roc_auc":0.7774074074}}
{"params":{"max_depth":10,"n_estimators":100},"train":{"accuracy":0.90375,"f1":0.9068923821,"recall":0.9375,"precision":0.8782201405,"roc_auc":0.98129375},"test":{"accuracy":0.7142857143,"f1":0.65625,"recall":0.7777777778,"precision":0.5675675676,"roc_auc":0.7851851852}}
{"params":{"max_depth":3,"n_estimators":250},"train":{"accuracy":0.78375,"f1":0.7957497048,"recall":0.8425,"precision":0.7539149888,"roc_auc":0.870821875},"test":{"accuracy":0.7272727273,"f1":0.6769230769,"recall":0.8148148148,"precision":0.5789473684,"roc_auc":0.7992592593}}
{"params":{"max_depth":5,"n_estimators":250},"train":{"accuracy":0.85375,"f1":0.8621908127,"recall":0.915,"precision":0.8151447661,"roc_auc":0.93325625},"test":{"accuracy":0.7402597403,"f1":0.696969697,"recall":0.8518518519,"precision":0.5897435897,"roc_auc":0.7962962963}}
{"params":{"max_depth":10,"n_estimators":250},"train":{"accuracy":0.90625,"f1":0.9093107618,"recall":0.94,"precision":0.8805620609,"roc_auc":0.982375},"test":{"accuracy":0.7142857143,"f1":0.65625,"recall":0.7777777778,"precision":0.5675675676,"roc_auc":0.7874074074}}
{"params":{"max_depth":3,"n_estimators":500},"train":{"accuracy":0.78125,"f1":0.7933884298,"recall":0.84,"precision":0.7516778523,"roc_auc":0.8723125},"test":{"accuracy":0.7272727273,"f1":0.6769230769,"recall":0.8148148148,"precision":0.5789473684,"roc_auc":0.8014814815}}
{"params":{"max_depth":5,"n_estimators":500},"train":{"accuracy":0.8525,"f1":0.8615023474,"recall":0.9175,"precision":0.8119469027,"roc_auc":0.9342625},"test":{"accuracy":0.7402597403,"f1":0.696969697,"recall":0.8518518519,"precision":0.5897435897,"roc_auc":0.7940740741}}
{"params":{"max_depth":10,"n_estimators":500},"train":{"accuracy":0.90625,"f1":0.9090909091,"recall":0.9375,"precision":0.8823529412,"roc_auc":0.9832125},"test":{"accuracy":0.7272727273,"f1":0.6666666667,"recall":0.7777777778,"precision":0.5833333333,"roc_auc":0.7844444444}}
