{"params":{"max_depth":3},"train":{"accuracy":0.7671009772,"f1":0.7265774379,"recall":0.8878504673,"precision":0.6148867314,"roc_auc":0.8798773364},"test":{"accuracy":0.6883116883,"f1":0.6571428571,"recall":0.8518518519,"precision":0.5348837209,"roc_auc":0.7977777778}}
{"params":{"max_depth":3},"train":{"accuracy":0.7573289902,"f1":0.7095516569,"recall":0.8504672897,"precision":0.6086956522,"roc_auc":0.8793866822},"test":{"accuracy":0.7012987013,"f1":0.676056338,"recall":0.8888888889,"precision":0.5454545455,"roc_auc":0.8077777778}}
{"params":{"max_depth":5},"train":{"accuracy":0.8175895765,"f1":0.7685950413,"recall":0.8691588785,"precision":0.6888888889,"roc_auc":0.9317523364},"test":{"accuracy":0.7142857143,"f1":0.65625,"recall":0.7777777778,"precision":0.5675675676,"roc_auc":0.8081481481}}
{"params":{"max_depth":5},"train":{"accuracy":0.8159609121,"f1":0.7689161554,"recall":0.8785046729,"precision":0.6836363636,"roc_auc":0.9320327103},"test":{"accuracy":0.7272727273,"f1":0.6769230769,"recall":0.8148148148,"precision":0.5789473684,"roc_auc":0.8051851852}}
{"params":{"max_depth":10},"train":{"accuracy":0.9071661238,"f1":0.8707482993,"recall":0.8971962617,"precision":0.845814978,"roc_auc":0.9836682243},"test":{"accuracy":0.7012987013,"f1":0.5964912281,"recall":0.6296296296,"precision":0.5666666667,"roc_auc":0.7785185185}}
{"params":{"max_depth":3},"train":{"accuracy":0.7638436482,"f1":0.7216890595,"recall":0.8785046729,"precision":0.6123778502,"roc_auc":0.8828738318},"test":{"accuracy":0.6883116883,"f1":0.6571428571,"recall":0.8518518519,"precision":0.5348837209,"roc_auc":0.7933333333}}
{"params":{"max_depth":10},"train":{"accuracy":0.9218241042,"f1":0.8888888889,"recall":0.8971962617,"precision":0.880733945,"roc_auc":0.9854556075},"test":{"accuracy":0.7532467532,"f1":0.6666666667,"recall":0.7037037037,"precision":0.6333333333,"roc_auc":0.7888888889}}
{"params":{"max_depth":10},"train":{"accuracy":0.9364820847,"f1":0.9090909091,"recall":0.9112149533,"precision":0.9069767442,"roc_auc":0.989088785},"test":{"accuracy":0.7272727273,"f1":0.6440677966,"recall":0.7037037037,"precision":0.59375,"roc_auc":0.7955555556}}
{"params":{"max_depth":5},"train":{"accuracy":0.82247557,"f1":0.7761806982,"recall":0.8831775701,"precision":0.6923076923,"roc_auc":0.9362266355},"test":{"accuracy":0.7532467532,"f1":0.7164179104,"recall":0.8888888889,"precision":0.6,"roc_auc":0.7977777778}}
{"params":{"max_depth":3},"train":{"accuracy":0.7605863192,"f1":0.7189292543,"recall":0.8785046729,"precision":0.6084142395,"roc_auc":0.8839135514},"test":{"accuracy":0.6883116883,"f1":0.6571428571,"recall":0.8518518519,"precision":0.5348837209,"roc_auc":0.7918518519}}
{"params":{"max_depth":5},"train":{"accuracy":0.8241042345,"f1":0.7795918367,"recall":0.8925233645,"precision":0.6920289855,"roc_auc":0.9361915888},"test":{"accuracy":0.7402597403,"f1":0.696969697,"recall":0.8518518519,"precision":0.5897435897,"roc_auc":0.802962963}}
{"params":{"max_depth":10},"train":{"accuracy":0.9429967427,"f1":0.9191685912,"recall":0.9299065421,"precision":0.9086757991,"roc_auc":0.9906191589},"test":{"accuracy":0.7272727273,"f1":0.6557377049,"recall":0.7407407407,"precision":0.5882352941,"roc_auc":0.8}}
{"params":{"max_depth":3},"train":{"accuracy":0.7638436482,"f1":0.7216890595,"recall":0.8785046729,"precision":0.6123778502,"roc_auc":0.8835747664},"test":{"accuracy":0.6883116883,"f1":0.6571428571,"recall":0.8518518519,"precision":0.5348837209,"roc_auc":0.7888888889}}
{"params":{"max_depth":5},"train":{"accuracy":0.8306188925,"f1":0.7851239669,"recall":0.8878504673,"precision":0.7037037037,"roc_auc":0.9363317757},"test":{"accuracy":0.7402597403,"f1":0.696969697,"recall":0.8518518519,"precision":0.5897435897,"roc_auc":0.8007407407}}
{"params":{"max_depth":10},"train":{"accuracy":0.9495114007,"f1":0.9280742459,"recall":0.9345794393,"precision":0.9216589862,"roc_auc":0.9910747664},"test":{"accuracy":0.7402597403,"f1":0.6774193548,"recall":0.7777777778,"precision":0.6,"roc_auc":0.797037037}}
