{"params":{"max_depth":3},"train":{"accuracy":0.78875,"f1":0.8028004667,"recall":0.86,"precision":0.7527352298,"roc_auc":0.86676875},"test":{"accuracy":0.7142857143,"f1":0.6666666667,"recall":0.8148148148,"precision":0.5641025641,"roc_auc":0.7874074074}}
{"params":{"max_depth":3},"train":{"accuracy":0.78375,"f1":0.7976608187,"recall":0.8525,"precision":0.7494505495,"roc_auc":0.87003125},"test":{"accuracy":0.7272727273,"f1":0.6769230769,"recall":0.8148148148,"precision":0.5789473684,"roc_auc":0.792962963}}
{"params":{"max_depth":5},"train":{"accuracy":0.85,"f1":0.8591549296,"recall":0.915,"precision":0.8097345133,"roc_auc":0.93916875},"test":{"accuracy":0.7272727273,"f1":0.6865671642,"recall":0.8518518519,"precision":0.575,"roc_auc":0.7925925926}}
{"params":{"max_depth":5},"train":{"accuracy":0.845,"f1":0.8551401869,"recall":0.915,"precision":0.8026315789,"roc_auc":0.9382875},"test":{"accuracy":0.7142857143,"f1":0.6764705882,"recall":0.8518518519,"precision":0.5609756098,"roc_auc":0.8025925926}}
{"params":{"max_depth":3},"train":{"accuracy":0.7875,"f1":0.8014018692,"recall":0.8575,"precision":0.7521929825,"roc_auc":0.8713625},"test":{"accuracy":0.7142857143,"f1":0.6666666667,"recall":0.8148148148,"precision":0.5641025641,"roc_auc":0.8007407407}}
{"params":{"max_depth":10},"train":{"accuracy":0.9325,"f1":0.9341463415,"recall":0.9575,"precision":0.9119047619,"roc_auc":0.99000625},"test":{"accuracy":0.7272727273,"f1":0.6865671642,"recall":0.8518518519,"precision":0.575,"roc_auc":0.7977777778}}
{"params":{"max_depth":10},"train":{"accuracy":0.9475,"f1":0.9481481481,"recall":0.96,"precision":0.9365853659,"roc_auc":0.9912625},"test":{"accuracy":0.7532467532,"f1":0.7076923077,"recall":0.8518518519,"precision":0.6052631579,"roc_auc":0.7911111111}}
{"params":{"max_depth":5},"train":{"accuracy":0.8475,"f1":0.8568075117,"recall":0.9125,"precision":0.8075221239,"roc_auc":0.93809375},"test":{"accuracy":0.7402597403,"f1":0.696969697,"recall":0.8518518519,"precision":0.5897435897,"roc_auc":0.7955555556}}
{"params":{"max_depth":10},"train":{"accuracy":0.93625,"f1":0.9375764994,"recall":0.9575,"precision":0.9184652278,"roc_auc":0.99169375},"test":{"accuracy":0.7272727273,"f1":0.6666666667,"recall":0.7777777778,"precision":0.5833333333,"roc_auc":0.7896296296}}
{"params":{"max_depth":3},"train":{"accuracy":0.78875,"f1":0.8028004667,"recall":0.86,"precision":0.7527352298,"roc_auc":0.8736},"test":{"accuracy":0.7142857143,"f1":0.6666666667,"recall":0.8148148148,"precision":0.5641025641,"roc_auc":0.7933333333}}
{"params":{"max_depth":5},"train":{"accuracy":0.855,"f1":0.8638497653,"recall":0.92,"precision":0.814159292,"roc_auc":0.937875},"test":{"accuracy":0.7272727273,"f1":0.6865671642,"recall":0.8518518519,"precision":0.575,"roc_auc":0.7985185185}}
{"params":{"max_depth":10},"train":{"accuracy":0.94125,"f1":0.9420468557,"recall":0.955,"precision":0.9294403893,"roc_auc":0.99209375},"test":{"accuracy":0.7142857143,"f1":0.65625,"recall":0.7777777778,"precision":0.5675675676,"roc_auc":0.797037037}}
{"params":{"max_depth":3},"train":{"accuracy":0.7875,"f1":0.8014018692,"recall":0.8575,"precision":0.7521929825,"roc_auc":0.8737625},"test":{"accuracy":0.7142857143,"f1":0.6666666667,"recall":0.8148148148,"precision":0.5641025641,"roc_auc":0.8}}
{"params":{"max_depth":5},"train":{"accuracy":0.85,"f1":0.8591549296,"recall":0.915,"precision":0.8097345133,"roc_auc":0.93756875},"test":{"accuracy":0.7272727273,"f1":0.6865671642,"recall":0.8518518519,"precision":0.575,"roc_auc":0.7955555556}}
{"params":{"max_depth":10},"train":{"accuracy":0.9375,"f1":0.9385749386,"recall":0.955,"precision":0.922705314,"roc_auc":0.9916375},"test":{"accuracy":0.7272727273,"f1":0.6666666667,"recall":0.7777777778,"precision":0.5833333333,"roc_auc":0.7940740741}}
