{"params":{"max_depth":5},"train":{"accuracy":0.8143322476,"f1":0.7701612903,"recall":0.8925233645,"precision":0.6773049645,"roc_auc":0.932838785},"test":{"accuracy":0.7272727273,"f1":0.6865671642,"recall":0.8518518519,"precision":0.575,"roc_auc":0.7911111111}}
{"params":{"max_depth":3},"train":{"accuracy":0.7638436482,"f1":0.7206165703,"recall":0.8738317757,"precision":0.6131147541,"roc_auc":0.8797254673},"test":{"accuracy":0.7272727273,"f1":0.6865671642,"recall":0.8518518519,"precision":0.575,"roc_auc":0.7892592593}}
{"params":{"max_depth":3},"train":{"accuracy":0.7605863192,"f1":0.7210626186,"recall":0.8878504673,"precision":0.607028754,"roc_auc":0.8811214953},"test":{"accuracy":0.7012987013,"f1":0.6666666667,"recall":0.8518518519,"precision":0.5476190476,"roc_auc":0.7814814815}}
{"params":{"max_depth":10},"train":{"accuracy":0.9299674267,"f1":0.9006928406,"recall":0.9112149533,"precision":0.8904109589,"roc_auc":0.986728972},"test":{"accuracy":0.7402597403,"f1":0.6666666667,"recall":0.7407407407,"precision":0.6060606061,"roc_auc":0.8092592593}}
{"params":{"max_depth":5},"train":{"accuracy":0.8175895765,"f1":0.7666666667,"recall":0.8598130841,"precision":0.6917293233,"roc_auc":0.9370093458},"test":{"accuracy":0.7402597403,"f1":0.696969697,"recall":0.8518518519,"precision":0.5897435897,"roc_auc":0.7948148148}}
{"params":{"max_depth":3},"train":{"accuracy":0.7426710098,"f1":0.7052238806,"recall":0.8831775701,"precision":0.5869565217,"roc_auc":0.8800525701},"test":{"accuracy":0.6883116883,"f1":0.6571428571,"recall":0.8518518519,"precision":0.5348837209,"roc_auc":0.7859259259}}
{"params":{"max_depth":10},"train":{"accuracy":0.9332247557,"f1":0.9026128266,"recall":0.8878504673,"precision":0.9178743961,"roc_auc":0.9895911215},"test":{"accuracy":0.7532467532,"f1":0.6779661017,"recall":0.7407407407,"precision":0.625,"roc_auc":0.8103703704}}
{"params":{"max_depth":5},"train":{"accuracy":0.825732899,"f1":0.7811860941,"recall":0.8925233645,"precision":0.6945454545,"roc_auc":0.9364252336},"test":{"accuracy":0.7402597403,"f1":0.696969697,"recall":0.8518518519,"precision":0.5897435897,"roc_auc":0.7962962963}}
{"params":{"max_depth":10},"train":{"accuracy":0.9429967427,"f1":0.9180327869,"recall":0.9158878505,"precision":0.9201877934,"roc_auc":0.9897079439},"test":{"accuracy":0.7402597403,"f1":0.6666666667,"recall":0.7407407407,"precision":0.6060606061,"roc_auc":0.8096296296}}
{"params":{"max_depth":3},"train":{"accuracy":0.7459283388,"f1":0.7067669173,"recall":0.8785046729,"precision":0.5911949686,"roc_auc":0.8822780374},"test":{"accuracy":0.7142857143,"f1":0.6857142857,"recall":0.8888888889,"precision":0.5581395349,"roc_auc":0.7881481481}}
{"params":{"max_depth":5},"train":{"accuracy":0.82247557,"f1":0.7770961145,"recall":0.8878504673,"precision":0.6909090909,"roc_auc":0.9365303738},"test":{"accuracy":0.7272727273,"f1":0.6865671642,"recall":0.8518518519,"precision":0.575,"roc_auc":0.7977777778}}
{"params":{"max_depth":10},"train":{"accuracy":0.9446254072,"f1":0.9201877934,"recall":0.9158878505,"precision":0.9245283019,"roc_auc":0.9907827103},"test":{"accuracy":0.7662337662,"f1":0.7096774194,"recall":0.8148148148,"precision":0.6285714286,"roc_auc":0.802962963}}
{"params":{"max_depth":3},"train":{"accuracy":0.7524429967,"f1":0.7121212121,"recall":0.8785046729,"precision":0.5987261146,"roc_auc":0.882453271},"test":{"accuracy":0.6883116883,"f1":0.6571428571,"recall":0.8518518519,"precision":0.5348837209,"roc_auc":0.7896296296}}
{"params":{"max_depth":5},"train":{"accuracy":0.828990228,"f1":0.7826086957,"recall":0.8831775701,"precision":0.7026022305,"roc_auc":0.9368574766},"test":{"accuracy":0.7272727273,"f1":0.6865671642,"recall":0.8518518519,"precision":0.575,"roc_auc":0.8014814815}}
{"params":{"max_depth":10},"train":{"accuracy":0.9478827362,"f1":0.9248826291,"recall":0.9205607477,"precision":0.929245283,"roc_auc":0.9901869159},"test":{"accuracy":0.7532467532,"f1":0.6885245902,"recall":0.7777777778,"precision":0.6176470588,"roc_auc":0.8037037037}}
