{"params":{"max_depth":3},"train":{"accuracy":0.7247557003,"f1":0.6943942134,"recall":0.8971962617,"precision":0.5663716814,"roc_auc":0.8767990654},"test":{"accuracy":0.6623376623,"f1":0.6486486486,"recall":0.8888888889,"precision":0.5106382979,"roc_auc":0.7892592593}}
{"params":{"max_depth":3},"train":{"accuracy":0.7508143322,"f1":0.7118644068,"recall":0.8831775701,"precision":0.596214511,"roc_auc":0.8788376168},"test":{"accuracy":0.7012987013,"f1":0.676056338,"recall":0.8888888889,"precision":0.5454545455,"roc_auc":0.7881481481}}
{"params":{"max_depth":5},"train":{"accuracy":0.825732899,"f1":0.7766179541,"recall":0.8691588785,"precision":0.7018867925,"roc_auc":0.929135514},"test":{"accuracy":0.7532467532,"f1":0.7076923077,"recall":0.8518518519,"precision":0.6052631579,"roc_auc":0.8066666667}}
{"params":{"max_depth":10},"train":{"accuracy":0.9283387622,"f1":0.8986175115,"recall":0.9112149533,"precision":0.8863636364,"roc_auc":0.9872429907},"test":{"accuracy":0.7272727273,"f1":0.6315789474,"recall":0.6666666667,"precision":0.6,"roc_auc":0.782962963}}
{"params":{"max_depth":5},"train":{"accuracy":0.819218241,"f1":0.7711340206,"recall":0.8738317757,"precision":0.6900369004,"roc_auc":0.9313084112},"test":{"accuracy":0.7142857143,"f1":0.6666666667,"recall":0.8148148148,"precision":0.5641025641,"roc_auc":0.7948148148}}
{"params":{"max_depth":3},"train":{"accuracy":0.7524429967,"f1":0.7132075472,"recall":0.8831775701,"precision":0.5981012658,"roc_auc":0.8801985981},"test":{"accuracy":0.7142857143,"f1":0.6857142857,"recall":0.8888888889,"precision":0.5581395349,"roc_auc":0.7881481481}}
{"params":{"max_depth":5},"train":{"accuracy":0.819218241,"f1":0.7711340206,"recall":0.8738317757,"precision":0.6900369004,"roc_auc":0.9338901869},"test":{"accuracy":0.7402597403,"f1":0.6875,"recall":0.8148148148,"precision":0.5945945946,"roc_auc":0.8}}
{"params":{"max_depth":10},"train":{"accuracy":0.9348534202,"f1":0.9061032864,"recall":0.9018691589,"precision":0.9103773585,"roc_auc":0.9887149533},"test":{"accuracy":0.7142857143,"f1":0.6206896552,"recall":0.6666666667,"precision":0.5806451613,"roc_auc":0.7844444444}}
{"params":{"max_depth":10},"train":{"accuracy":0.9381107492,"f1":0.9112149533,"recall":0.9112149533,"precision":0.9112149533,"roc_auc":0.9900584112},"test":{"accuracy":0.7532467532,"f1":0.6779661017,"recall":0.7407407407,"precision":0.625,"roc_auc":0.7948148148}}
{"params":{"max_depth":3},"train":{"accuracy":0.7573289902,"f1":0.7172675522,"recall":0.8831775701,"precision":0.6038338658,"roc_auc":0.8821261682},"test":{"accuracy":0.7012987013,"f1":0.676056338,"recall":0.8888888889,"precision":0.5454545455,"roc_auc":0.7903703704}}
{"params":{"max_depth":5},"train":{"accuracy":0.8241042345,"f1":0.7777777778,"recall":0.8831775701,"precision":0.6948529412,"roc_auc":0.9364485981},"test":{"accuracy":0.7532467532,"f1":0.7164179104,"recall":0.8888888889,"precision":0.6,"roc_auc":0.7992592593}}
{"params":{"max_depth":10},"train":{"accuracy":0.9397394137,"f1":0.9137529138,"recall":0.9158878505,"precision":0.911627907,"roc_auc":0.9903738318},"test":{"accuracy":0.7662337662,"f1":0.7,"recall":0.7777777778,"precision":0.6363636364,"roc_auc":0.7962962963}}
{"params":{"max_depth":3},"train":{"accuracy":0.7557003257,"f1":0.7148288973,"recall":0.8785046729,"precision":0.6025641026,"roc_auc":0.8831892523},"test":{"accuracy":0.7142857143,"f1":0.6857142857,"recall":0.8888888889,"precision":0.5581395349,"roc_auc":0.7925925926}}
{"params":{"max_depth":5},"train":{"accuracy":0.82247557,"f1":0.775257732,"recall":0.8785046729,"precision":0.6937269373,"roc_auc":0.9372196262},"test":{"accuracy":0.7402597403,"f1":0.696969697,"recall":0.8518518519,"precision":0.5897435897,"roc_auc":0.8022222222}}
{"params":{"max_depth":10},"train":{"accuracy":0.9462540717,"f1":0.9230769231,"recall":0.9252336449,"precision":0.9209302326,"roc_auc":0.990911215},"test":{"accuracy":0.7402597403,"f1":0.6774193548,"recall":0.7777777778,"precision":0.6,"roc_auc":0.8}}
