{"params":{"max_depth":3},"train":{"accuracy":0.8185531451,"f1":0.832120262,"recall":0.8993676439,"precision":0.7742296773,"roc_auc":0.8926427939},"test":{"accuracy":0.7407834101,"f1":0.2341729067,"recall":0.8229665072,"precision":0.1365079365,"roc_auc":0.8301904494}}
{"params":{"max_depth":5},"train":{"accuracy":0.8727118695,"f1":0.8707328315,"recall":0.8574021966,"precision":0.8844845345,"roc_auc":0.9495340021},"test":{"accuracy":0.8804147465,"f1":0.3438685209,"recall":0.6507177033,"precision":0.2336769759,"roc_auc":0.87012714}}
{"params":{"max_depth":3},"train":{"accuracy":0.8185228889,"f1":0.8320922681,"recall":0.8993373877,"precision":0.7742036309,"roc_auc":0.8944871439},"test":{"accuracy":0.7405529954,"f1":0.2340136054,"recall":0.8229665072,"precision":0.1363996828,"roc_auc":0.8320401585}}
{"params":{"max_depth":5},"train":{"accuracy":0.8731203292,"f1":0.8721786177,"recall":0.8657529273,"precision":0.8787004054,"roc_auc":0.9501573087},"test":{"accuracy":0.8735023041,"f1":0.3345454545,"recall":0.6602870813,"precision":0.224025974,"roc_auc":0.8713178106}}
{"params":{"max_depth":3},"train":{"accuracy":0.818538017,"f1":0.832103915,"recall":0.8993373877,"precision":0.7742237966,"roc_auc":0.8945838974},"test":{"accuracy":0.7405529954,"f1":0.2340136054,"recall":0.8229665072,"precision":0.1363996828,"roc_auc":0.8318623687}}
{"params":{"max_depth":10},"train":{"accuracy":0.9524522707,"f1":0.9522173404,"recall":0.9475356268,"precision":0.9569455479,"roc_auc":0.9907872608},"test":{"accuracy":0.9313364055,"f1":0.4501845018,"recall":0.5837320574,"precision":0.3663663664,"roc_auc":0.9133989824}}
{"params":{"max_depth":5},"train":{"accuracy":0.8730144322,"f1":0.8712339694,"recall":0.8591873166,"precision":0.883623238,"roc_auc":0.951395031},"test":{"accuracy":0.8794930876,"f1":0.3437892095,"recall":0.6555023923,"precision":0.2329931973,"roc_auc":0.87221313}}
{"params":{"max_depth":10},"train":{"accuracy":0.9535263683,"f1":0.9532860923,"recall":0.9483828023,"precision":0.9582403473,"roc_auc":0.991018295},"test":{"accuracy":0.9343317972,"f1":0.4712430427,"recall":0.6076555024,"precision":0.3848484848,"roc_auc":0.9156633414}}
{"params":{"max_depth":3},"train":{"accuracy":0.818538017,"f1":0.832108615,"recall":0.8993676439,"precision":0.7742095119,"roc_auc":0.895402178},"test":{"accuracy":0.7405529954,"f1":0.2340136054,"recall":0.8229665072,"precision":0.1363996828,"roc_auc":0.8326129081}}
{"params":{"max_depth":10},"train":{"accuracy":0.9559317419,"f1":0.9557731724,"recall":0.9523463738,"precision":0.9592247212,"roc_auc":0.9911280441},"test":{"accuracy":0.933640553,"f1":0.4666666667,"recall":0.6028708134,"precision":0.3806646526,"roc_auc":0.9164648434}}
{"params":{"max_depth":5},"train":{"accuracy":0.8730295604,"f1":0.8713302366,"recall":0.8598226983,"precision":0.8831499782,"roc_auc":0.9518384381},"test":{"accuracy":0.8790322581,"f1":0.3429286608,"recall":0.6555023923,"precision":0.2322033898,"roc_auc":0.873415383}}
{"params":{"max_depth":3},"train":{"accuracy":0.818538017,"f1":0.832108615,"recall":0.8993676439,"precision":0.7742095119,"roc_auc":0.895864413},"test":{"accuracy":0.7405529954,"f1":0.2340136054,"recall":0.8229665072,"precision":0.1363996828,"roc_auc":0.8329957064}}
{"params":{"max_depth":10},"train":{"accuracy":0.9554930259,"f1":0.9553457592,"recall":0.9521950924,"precision":0.9585173454,"roc_auc":0.9912572093},"test":{"accuracy":0.9331797235,"f1":0.4669117647,"recall":0.6076555024,"precision":0.3791044776,"roc_auc":0.91784894}}
{"params":{"max_depth":5},"train":{"accuracy":0.8730144322,"f1":0.8713208241,"recall":0.8598529545,"precision":0.8830987228,"roc_auc":0.9527961528},"test":{"accuracy":0.8783410138,"f1":0.3383458647,"recall":0.6459330144,"precision":0.2292020374,"roc_auc":0.8777709442}}
{"params":{"max_depth":10},"train":{"accuracy":0.9559771263,"f1":0.9558555825,"recall":0.9532238056,"precision":0.9585019319,"roc_auc":0.9912889431},"test":{"accuracy":0.9343317972,"f1":0.4712430427,"recall":0.6076555024,"precision":0.3848484848,"roc_auc":0.9166351046}}
