{"params":{"max_depth":3},"train":{"accuracy":0.818538017,"f1":0.8321274124,"recall":0.899488669,"precision":0.7741523879,"roc_auc":0.8939167723},"test":{"accuracy":0.7405529954,"f1":0.2340136054,"recall":0.8229665072,"precision":0.1363996828,"roc_auc":0.832544572}}
{"params":{"max_depth":5},"train":{"accuracy":0.8716529001,"f1":0.8697934252,"recall":0.8573719403,"precision":0.8825801227,"roc_auc":0.9486309443},"test":{"accuracy":0.8792626728,"f1":0.3417085427,"recall":0.6507177033,"precision":0.2316865417,"roc_auc":0.8641239826}}
{"params":{"max_depth":3},"train":{"accuracy":0.8185682733,"f1":0.8321413075,"recall":0.8994281565,"precision":0.774221273,"roc_auc":0.8938254991},"test":{"accuracy":0.7405529954,"f1":0.2340136054,"recall":0.8229665072,"precision":0.1363996828,"roc_auc":0.8322665944}}
{"params":{"max_depth":5},"train":{"accuracy":0.8725000756,"f1":0.8707005001,"recall":0.8585821912,"precision":0.88316579,"roc_auc":0.9487157824},"test":{"accuracy":0.8797235023,"f1":0.3458646617,"recall":0.6602870813,"precision":0.234295416,"roc_auc":0.8641813155}}
{"params":{"max_depth":3},"train":{"accuracy":0.818538017,"f1":0.8321180142,"recall":0.8994281565,"precision":0.7741809469,"roc_auc":0.8947720555},"test":{"accuracy":0.7405529954,"f1":0.2340136054,"recall":0.8229665072,"precision":0.1363996828,"roc_auc":0.8322196857}}
{"params":{"max_depth":10},"train":{"accuracy":0.9553720008,"f1":0.9552840599,"recall":0.9534053433,"precision":0.9571701953,"roc_auc":0.9905562431},"test":{"accuracy":0.932718894,"f1":0.4592592593,"recall":0.5933014354,"precision":0.3746223565,"roc_auc":0.9105844594}}
{"params":{"max_depth":5},"train":{"accuracy":0.8729539197,"f1":0.8713305142,"recall":0.8603370549,"precision":0.8826085607,"roc_auc":0.9490894054},"test":{"accuracy":0.8792626728,"f1":0.3466334165,"recall":0.6650717703,"precision":0.2344013491,"roc_auc":0.8669257649}}
{"params":{"max_depth":10},"train":{"accuracy":0.9558712293,"f1":0.9556666717,"recall":0.951257148,"precision":0.9601172662,"roc_auc":0.9910998646},"test":{"accuracy":0.9347926267,"f1":0.4629981025,"recall":0.5837320574,"precision":0.3836477987,"roc_auc":0.913228142}}
{"params":{"max_depth":3},"train":{"accuracy":0.8185682733,"f1":0.8321647984,"recall":0.8995794378,"precision":0.7741498724,"roc_auc":0.8974389223},"test":{"accuracy":0.7405529954,"f1":0.2340136054,"recall":0.8229665072,"precision":0.1363996828,"roc_auc":0.837416129}}
{"params":{"max_depth":10},"train":{"accuracy":0.957399171,"f1":0.9572698856,"recall":0.9543735439,"precision":0.9601838605,"roc_auc":0.9912284997},"test":{"accuracy":0.9341013825,"f1":0.4664179104,"recall":0.5980861244,"precision":0.3822629969,"roc_auc":0.9162835788}}
{"params":{"max_depth":5},"train":{"accuracy":0.8729387916,"f1":0.8713132211,"recall":0.8603067986,"precision":0.8826049168,"roc_auc":0.9513922627},"test":{"accuracy":0.8788018433,"f1":0.3441396509,"recall":0.6602870813,"precision":0.2327150084,"roc_auc":0.8727951456}}
{"params":{"max_depth":3},"train":{"accuracy":0.8185682733,"f1":0.8321647984,"recall":0.8995794378,"precision":0.7741498724,"roc_auc":0.8977659808},"test":{"accuracy":0.7405529954,"f1":0.2340136054,"recall":0.8229665072,"precision":0.1363996828,"roc_auc":0.8379581852}}
{"params":{"max_depth":10},"train":{"accuracy":0.9568243018,"f1":0.9566498572,"recall":0.9528002178,"precision":0.9605307305,"roc_auc":0.9913650814},"test":{"accuracy":0.9334101382,"f1":0.4638218924,"recall":0.5980861244,"precision":0.3787878788,"roc_auc":0.9159864903}}
{"params":{"max_depth":5},"train":{"accuracy":0.872984176,"f1":0.8713296144,"recall":0.860125261,"precision":0.8828297258,"roc_auc":0.9525152234},"test":{"accuracy":0.8785714286,"f1":0.338770389,"recall":0.6459330144,"precision":0.2295918367,"roc_auc":0.8740871622}}
{"params":{"max_depth":10},"train":{"accuracy":0.9569604551,"f1":0.9568147665,"recall":0.9535868809,"precision":0.960064579,"roc_auc":0.9913657844},"test":{"accuracy":0.933640553,"f1":0.4646840149,"recall":0.5980861244,"precision":0.3799392097,"roc_auc":0.9164943785}}
