{"params":{"max_depth":3},"train":{"accuracy":0.818538017,"f1":0.8321368095,"recall":0.8995491816,"precision":0.7741238348,"roc_auc":0.895107153},"test":{"accuracy":0.7405529954,"f1":0.2340136054,"recall":0.8229665072,"precision":0.1363996828,"roc_auc":0.8334972243}}
{"params":{"max_depth":5},"train":{"accuracy":0.8728026383,"f1":0.8709717022,"recall":0.8586124474,"precision":0.8836919628,"roc_auc":0.9497982916},"test":{"accuracy":0.8792626728,"f1":0.3400503778,"recall":0.6459330144,"precision":0.2307692308,"roc_auc":0.8742145686}}
{"params":{"max_depth":3},"train":{"accuracy":0.8185682733,"f1":0.8321647984,"recall":0.8995794378,"precision":0.7741498724,"roc_auc":0.8954172942},"test":{"accuracy":0.7405529954,"f1":0.2340136054,"recall":0.8229665072,"precision":0.1363996828,"roc_auc":0.8334769551}}
{"params":{"max_depth":5},"train":{"accuracy":0.8730598166,"f1":0.8713214434,"recall":0.8595503918,"precision":0.8834193669,"roc_auc":0.9500033629},"test":{"accuracy":0.8804147465,"f1":0.3455233291,"recall":0.6555023923,"precision":0.2345890411,"roc_auc":0.8738294538}}
{"params":{"max_depth":3},"train":{"accuracy":0.818538017,"f1":0.8321368095,"recall":0.8995491816,"precision":0.7741238348,"roc_auc":0.8953242775},"test":{"accuracy":0.7405529954,"f1":0.2340136054,"recall":0.8229665072,"precision":0.1363996828,"roc_auc":0.833452632}}
{"params":{"max_depth":10},"train":{"accuracy":0.9526186802,"f1":0.9523316693,"recall":0.9465976824,"precision":0.9581355465,"roc_auc":0.9906536988},"test":{"accuracy":0.9320276498,"f1":0.4506517691,"recall":0.5789473684,"precision":0.368902439,"roc_auc":0.9098576639}}
{"params":{"max_depth":5},"train":{"accuracy":0.8726664851,"f1":0.8709346009,"recall":0.8592478291,"precision":0.8829436637,"roc_auc":0.9503779009},"test":{"accuracy":0.8797235023,"f1":0.3442211055,"recall":0.6555023923,"precision":0.2333901193,"roc_auc":0.8732115328}}
{"params":{"max_depth":10},"train":{"accuracy":0.9557048198,"f1":0.9554974618,"recall":0.9510453541,"precision":0.9599914486,"roc_auc":0.991092346},"test":{"accuracy":0.934562212,"f1":0.4701492537,"recall":0.6028708134,"precision":0.3853211009,"roc_auc":0.9132003442}}
{"params":{"max_depth":3},"train":{"accuracy":0.8185228889,"f1":0.8321157668,"recall":0.899488669,"precision":0.7741322293,"roc_auc":0.8955125427},"test":{"accuracy":0.7405529954,"f1":0.2340136054,"recall":0.8229665072,"precision":0.1363996828,"roc_auc":0.8332522565}}
{"params":{"max_depth":10},"train":{"accuracy":0.9558712293,"f1":0.9557191651,"recall":0.9524371426,"precision":0.959023885,"roc_auc":0.9913090366},"test":{"accuracy":0.9331797235,"f1":0.4649446494,"recall":0.6028708134,"precision":0.3783783784,"roc_auc":0.9152469541}}
{"params":{"max_depth":5},"train":{"accuracy":0.8730446885,"f1":0.8713672594,"recall":0.8600042359,"precision":0.883034577,"roc_auc":0.9507022662},"test":{"accuracy":0.8790322581,"f1":0.3429286608,"recall":0.6555023923,"precision":0.2322033898,"roc_auc":0.8733464678}}
{"params":{"max_depth":3},"train":{"accuracy":0.818538017,"f1":0.8321180142,"recall":0.8994281565,"precision":0.7741809469,"roc_auc":0.8956333207},"test":{"accuracy":0.7405529954,"f1":0.2340136054,"recall":0.8229665072,"precision":0.1363996828,"roc_auc":0.8334364167}}
{"params":{"max_depth":5},"train":{"accuracy":0.8730900729,"f1":0.8714743148,"recall":0.8605185925,"precision":0.8827126009,"roc_auc":0.9521520493},"test":{"accuracy":0.8783410138,"f1":0.3416458853,"recall":0.6555023923,"precision":0.2310286678,"roc_auc":0.8770713673}}
{"params":{"max_depth":10},"train":{"accuracy":0.9556745636,"f1":0.9555400443,"recall":0.9526489365,"precision":0.9584487535,"roc_auc":0.9912635886},"test":{"accuracy":0.933640553,"f1":0.4686346863,"recall":0.6076555024,"precision":0.3813813814,"roc_auc":0.9146157134}}
{"params":{"max_depth":10},"train":{"accuracy":0.9562948171,"f1":0.9561748153,"recall":0.9535566246,"precision":0.9588074232,"roc_auc":0.9913154292},"test":{"accuracy":0.9334101382,"f1":0.467771639,"recall":0.6076555024,"precision":0.380239521,"roc_auc":0.9154172154}}
