{"params":{"max_depth":3},"train":{"accuracy":0.8184775045,"f1":0.8320620303,"recall":0.8993676439,"precision":0.7741288609,"roc_auc":0.8944200795},"test":{"accuracy":0.7410138249,"f1":0.2343324251,"recall":0.8229665072,"precision":0.1366163622,"roc_auc":0.8326233323}}
{"params":{"max_depth":5},"train":{"accuracy":0.8722428973,"f1":0.8709011695,"recall":0.8618498684,"precision":0.8801446051,"roc_auc":0.9490938261},"test":{"accuracy":0.8771889401,"f1":0.3427866831,"recall":0.6650717703,"precision":0.23089701,"roc_auc":0.8684598537}}
{"params":{"max_depth":3},"train":{"accuracy":0.8185531451,"f1":0.8321249615,"recall":0.8993979002,"precision":0.7742153926,"roc_auc":0.8944523383},"test":{"accuracy":0.7407834101,"f1":0.2341729067,"recall":0.8229665072,"precision":0.1365079365,"roc_auc":0.8326905102}}
{"params":{"max_depth":5},"train":{"accuracy":0.8728934072,"f1":0.8712179271,"recall":0.8598832108,"precision":0.8828554565,"roc_auc":0.9492400853},"test":{"accuracy":0.8790322581,"f1":0.3429286608,"recall":0.6555023923,"precision":0.2322033898,"roc_auc":0.8662360331}}
{"params":{"max_depth":3},"train":{"accuracy":0.8185531451,"f1":0.8321155623,"recall":0.8993373877,"precision":0.7742439634,"roc_auc":0.8948953225},"test":{"accuracy":0.7407834101,"f1":0.2341729067,"recall":0.8229665072,"precision":0.1365079365,"roc_auc":0.8329181043}}
{"params":{"max_depth":10},"train":{"accuracy":0.9549332849,"f1":0.9548232511,"recall":0.9524976551,"precision":0.9571602311,"roc_auc":0.9909160154},"test":{"accuracy":0.930875576,"f1":0.4423791822,"recall":0.5693779904,"precision":0.3617021277,"roc_auc":0.9120276263}}
{"params":{"max_depth":5},"train":{"accuracy":0.8728177665,"f1":0.8711748571,"recall":0.8600647484,"precision":0.8825757576,"roc_auc":0.9514653433},"test":{"accuracy":0.8790322581,"f1":0.3429286608,"recall":0.6555023923,"precision":0.2322033898,"roc_auc":0.8737246331}}
{"params":{"max_depth":10},"train":{"accuracy":0.9556594354,"f1":0.9554850174,"recall":0.9517412484,"precision":0.9592583557,"roc_auc":0.9912327204},"test":{"accuracy":0.9341013825,"f1":0.4541984733,"recall":0.5693779904,"precision":0.3777777778,"roc_auc":0.9156853479}}
{"params":{"max_depth":3},"train":{"accuracy":0.818538017,"f1":0.8321227135,"recall":0.8994584128,"precision":0.7741666667,"roc_auc":0.8958143076},"test":{"accuracy":0.7407834101,"f1":0.2341729067,"recall":0.8229665072,"precision":0.1365079365,"roc_auc":0.8327762199}}
{"params":{"max_depth":10},"train":{"accuracy":0.9548576442,"f1":0.954694522,"recall":0.951257148,"precision":0.9581568281,"roc_auc":0.9912964626},"test":{"accuracy":0.935483871,"f1":0.4756554307,"recall":0.6076555024,"precision":0.3907692308,"roc_auc":0.9153511957}}
{"params":{"max_depth":5},"train":{"accuracy":0.872984176,"f1":0.8712309438,"recall":0.8593688542,"precision":0.8834250879,"roc_auc":0.9523903086},"test":{"accuracy":0.8785714286,"f1":0.3404255319,"recall":0.6507177033,"precision":0.2305084746,"roc_auc":0.8778415968}}
{"params":{"max_depth":3},"train":{"accuracy":0.8185682733,"f1":0.8321554029,"recall":0.8995189253,"precision":0.7741784282,"roc_auc":0.8959574201},"test":{"accuracy":0.7405529954,"f1":0.2340136054,"recall":0.8229665072,"precision":0.1363996828,"roc_auc":0.8326013257}}
{"params":{"max_depth":10},"train":{"accuracy":0.9557048198,"f1":0.9555636496,"recall":0.9525279114,"precision":0.9586187997,"roc_auc":0.9913769578},"test":{"accuracy":0.9343317972,"f1":0.4652908068,"recall":0.5933014354,"precision":0.3827160494,"roc_auc":0.9168569076}}
{"params":{"max_depth":5},"train":{"accuracy":0.8731657136,"f1":0.8714662415,"recall":0.8599437233,"precision":0.8833017373,"roc_auc":0.9524845341},"test":{"accuracy":0.8788018433,"f1":0.3391959799,"recall":0.6459330144,"precision":0.2299829642,"roc_auc":0.8778676572}}
{"params":{"max_depth":10},"train":{"accuracy":0.9559771263,"f1":0.9558328021,"recall":0.952709449,"precision":0.9589767017,"roc_auc":0.9913341275},"test":{"accuracy":0.934562212,"f1":0.4701492537,"recall":0.6028708134,"precision":0.3853211009,"roc_auc":0.9172298608}}
