{"params":{"max_depth":3},"train":{"accuracy":0.8184775045,"f1":0.8320620303,"recall":0.8993676439,"precision":0.7741288609,"roc_auc":0.8922913109},"test":{"accuracy":0.7405529954,"f1":0.2340136054,"recall":0.8229665072,"precision":0.1363996828,"roc_auc":0.8311297819}}
{"params":{"max_depth":5},"train":{"accuracy":0.8713654655,"f1":0.8696358758,"recall":0.8580980908,"precision":0.8814881581,"roc_auc":0.948213972},"test":{"accuracy":0.8785714286,"f1":0.3437110834,"recall":0.6602870813,"precision":0.2323232323,"roc_auc":0.8664873711}}
{"params":{"max_depth":3},"train":{"accuracy":0.8185077607,"f1":0.8320759207,"recall":0.8993071314,"precision":0.7741977495,"roc_auc":0.8933975483},"test":{"accuracy":0.7410138249,"f1":0.2343324251,"recall":0.8229665072,"precision":0.1366163622,"roc_auc":0.8327212036}}
{"params":{"max_depth":5},"train":{"accuracy":0.8711687997,"f1":0.8693584512,"recall":0.8573114278,"precision":0.8817488719,"roc_auc":0.9500620931},"test":{"accuracy":0.8781105991,"f1":0.3412204234,"recall":0.6555023923,"precision":0.2306397306,"roc_auc":0.8746616492}}
{"params":{"max_depth":3},"train":{"accuracy":0.8185228889,"f1":0.8321157668,"recall":0.899488669,"precision":0.7741322293,"roc_auc":0.8939927014},"test":{"accuracy":0.7405529954,"f1":0.2340136054,"recall":0.8229665072,"precision":0.1363996828,"roc_auc":0.832071431}}
{"params":{"max_depth":10},"train":{"accuracy":0.9540407249,"f1":0.9538690476,"recall":0.9503192037,"precision":0.9574455114,"roc_auc":0.9908510452},"test":{"accuracy":0.931797235,"f1":0.4436090226,"recall":0.5645933014,"precision":0.3653250774,"roc_auc":0.9078214782}}
{"params":{"max_depth":5},"train":{"accuracy":0.8722126411,"f1":0.8706055361,"recall":0.859792442,"precision":0.8816940738,"roc_auc":0.9503509315},"test":{"accuracy":0.8788018433,"f1":0.3425,"recall":0.6555023923,"precision":0.2318104907,"roc_auc":0.8722345575}}
{"params":{"max_depth":10},"train":{"accuracy":0.9541163656,"f1":0.9538840487,"recall":0.9490786966,"precision":0.9587383092,"roc_auc":0.9910517265},"test":{"accuracy":0.9343317972,"f1":0.4672897196,"recall":0.5980861244,"precision":0.3834355828,"roc_auc":0.9140035836}}
{"params":{"max_depth":3},"train":{"accuracy":0.8185228889,"f1":0.8320969683,"recall":0.8993676439,"precision":0.7741893476,"roc_auc":0.8950700763},"test":{"accuracy":0.7405529954,"f1":0.2340136054,"recall":0.8229665072,"precision":0.1363996828,"roc_auc":0.8326354938}}
{"params":{"max_depth":10},"train":{"accuracy":0.9545096971,"f1":0.9543293692,"recall":0.9505612538,"precision":0.9581274779,"roc_auc":0.9911309205},"test":{"accuracy":0.9320276498,"f1":0.4485981308,"recall":0.5741626794,"precision":0.3680981595,"roc_auc":0.9140360143}}
{"params":{"max_depth":5},"train":{"accuracy":0.8729690478,"f1":0.8712728611,"recall":0.859792442,"precision":0.8830640149,"roc_auc":0.9517075308},"test":{"accuracy":0.8788018433,"f1":0.3425,"recall":0.6555023923,"precision":0.2318104907,"roc_auc":0.8724980571}}
{"params":{"max_depth":3},"train":{"accuracy":0.8185682733,"f1":0.8321554029,"recall":0.8995189253,"precision":0.7741784282,"roc_auc":0.8955095515},"test":{"accuracy":0.7405529954,"f1":0.2340136054,"recall":0.8229665072,"precision":0.1363996828,"roc_auc":0.8324773941}}
{"params":{"max_depth":10},"train":{"accuracy":0.9559317419,"f1":0.9557839134,"recall":0.952588424,"precision":0.9590009138,"roc_auc":0.9913056783},"test":{"accuracy":0.9338709677,"f1":0.4675324675,"recall":0.6028708134,"precision":0.3818181818,"roc_auc":0.9150448413}}
{"params":{"max_depth":5},"train":{"accuracy":0.8730598166,"f1":0.8713648419,"recall":0.8598832108,"precision":0.8831572405,"roc_auc":0.9529420907},"test":{"accuracy":0.8790322581,"f1":0.3429286608,"recall":0.6555023923,"precision":0.2322033898,"roc_auc":0.8781340524}}
{"params":{"max_depth":10},"train":{"accuracy":0.955614051,"f1":0.9554536621,"recall":0.9520135548,"precision":0.9589187212,"roc_auc":0.9912697568},"test":{"accuracy":0.9334101382,"f1":0.4658040665,"recall":0.6028708134,"precision":0.3795180723,"roc_auc":0.9156604458}}
