{"params":{"max_depth":3},"train":{"accuracy":0.8936900219,"f1":0.897208382,"recall":0.9279181053,"precision":0.8684662358,"roc_auc":0.9501666608},"test":{"accuracy":0.8603087479,"f1":0.0999115827,"recall":0.8759689922,"precision":0.0529770277,"roc_auc":0.9377701185}}
{"params":{"max_depth":5},"train":{"accuracy":0.9419623928,"f1":0.9432331782,"recall":0.9643484506,"precision":0.9230227685,"roc_auc":0.9785319601},"test":{"accuracy":0.9208233276,"f1":0.1685878963,"recall":0.9069767442,"precision":0.0929308975,"roc_auc":0.9705055019}}
{"params":{"max_depth":3},"train":{"accuracy":0.8936813686,"f1":0.8971991549,"recall":0.9279007987,"precision":0.8684641052,"roc_auc":0.9508725351},"test":{"accuracy":0.8603087479,"f1":0.0999115827,"recall":0.8759689922,"precision":0.0529770277,"roc_auc":0.9382984158}}
{"params":{"max_depth":5},"train":{"accuracy":0.9424296704,"f1":0.943714044,"recall":0.9652483927,"precision":0.9231195743,"roc_auc":0.9789891309},"test":{"accuracy":0.9205488851,"f1":0.1692969871,"recall":0.9147286822,"precision":0.0932806324,"roc_auc":0.9662206324}}
{"params":{"max_depth":3},"train":{"accuracy":0.8936900219,"f1":0.897208382,"recall":0.9279181053,"precision":0.8684662358,"roc_auc":0.9509197821},"test":{"accuracy":0.8603087479,"f1":0.0999115827,"recall":0.8759689922,"precision":0.0529770277,"roc_auc":0.9383611997}}
{"params":{"max_depth":10},"train":{"accuracy":0.9840043959,"f1":0.9841976807,"recall":0.9962358194,"precision":0.9724469972,"roc_auc":0.9956884829},"test":{"accuracy":0.9685077187,"f1":0.3279648609,"recall":0.8682170543,"precision":0.202166065,"roc_auc":0.9534449063}}
{"params":{"max_depth":5},"train":{"accuracy":0.9425205299,"f1":0.9438088189,"recall":0.9654474183,"precision":0.923118929,"roc_auc":0.9802702408},"test":{"accuracy":0.9205488851,"f1":0.1692969871,"recall":0.9147286822,"precision":0.0932806324,"roc_auc":0.9724185338}}
{"params":{"max_depth":10},"train":{"accuracy":0.9839741094,"f1":0.9841675572,"recall":0.996192553,"precision":0.9724294053,"roc_auc":0.9959764731},"test":{"accuracy":0.9680274443,"f1":0.3265895954,"recall":0.8759689922,"precision":0.2007104796,"roc_auc":0.9604646333}}
{"params":{"max_depth":3},"train":{"accuracy":0.8936900219,"f1":0.897208382,"recall":0.9279181053,"precision":0.8684662358,"roc_auc":0.9516347258},"test":{"accuracy":0.8603087479,"f1":0.0999115827,"recall":0.8759689922,"precision":0.0529770277,"roc_auc":0.938524599}}
{"params":{"max_depth":10},"train":{"accuracy":0.9840433357,"f1":0.9842355435,"recall":0.9962358194,"precision":0.9725209282,"roc_auc":0.9963795948},"test":{"accuracy":0.9683704974,"f1":0.3289665211,"recall":0.8759689922,"precision":0.2025089606,"roc_auc":0.9613497795}}
{"params":{"max_depth":5},"train":{"accuracy":0.9427325355,"f1":0.9440049412,"recall":0.9654560716,"precision":0.9234863221,"roc_auc":0.9806444942},"test":{"accuracy":0.9209605489,"f1":0.1700288184,"recall":0.9147286822,"precision":0.0937251787,"roc_auc":0.9729436114}}
{"params":{"max_depth":3},"train":{"accuracy":0.8936900219,"f1":0.897208382,"recall":0.9279181053,"precision":0.8684662358,"roc_auc":0.9515800112},"test":{"accuracy":0.8603087479,"f1":0.0999115827,"recall":0.8759689922,"precision":0.0529770277,"roc_auc":0.9407410866}}
{"params":{"max_depth":5},"train":{"accuracy":0.9424729368,"f1":0.9437544418,"recall":0.9652570459,"precision":0.9231889695,"roc_auc":0.9807443006},"test":{"accuracy":0.9205488851,"f1":0.1692969871,"recall":0.9147286822,"precision":0.0932806324,"roc_auc":0.9728349469}}
{"params":{"max_depth":10},"train":{"accuracy":0.9840779488,"f1":0.9842706811,"recall":0.9963310056,"precision":0.9724988386,"roc_auc":0.9965511964},"test":{"accuracy":0.9683704974,"f1":0.3289665211,"recall":0.8759689922,"precision":0.2025089606,"roc_auc":0.9715972448}}
{"params":{"max_depth":10},"train":{"accuracy":0.9839914159,"f1":0.9841868178,"recall":0.9963483122,"precision":0.9723186313,"roc_auc":0.9968179729},"test":{"accuracy":0.9682332762,"f1":0.326055313,"recall":0.8682170543,"precision":0.2007168459,"roc_auc":0.9716391008}}
