{"params":{"max_depth":3},"train":{"accuracy":0.8937203084,"f1":0.8972200372,"recall":0.9277709994,"precision":0.8686169825,"roc_auc":0.9504399044},"test":{"accuracy":0.860651801,"f1":0.1001329198,"recall":0.8759689922,"precision":0.0531015038,"roc_auc":0.9380990634}}
{"params":{"max_depth":5},"train":{"accuracy":0.9431046269,"f1":0.9444002841,"recall":0.9664079333,"precision":0.9233726612,"roc_auc":0.9784770628},"test":{"accuracy":0.9208919383,"f1":0.1699064075,"recall":0.9147286822,"precision":0.0936507937,"roc_auc":0.9690984978}}
{"params":{"max_depth":3},"train":{"accuracy":0.8936986752,"f1":0.8972167489,"recall":0.9279267586,"precision":0.8684743347,"roc_auc":0.9513805062},"test":{"accuracy":0.8603087479,"f1":0.0999115827,"recall":0.8759689922,"precision":0.0529770277,"roc_auc":0.9384631566}}
{"params":{"max_depth":5},"train":{"accuracy":0.9428709881,"f1":0.9441337,"recall":0.9654733782,"precision":0.9237169563,"roc_auc":0.9789870739},"test":{"accuracy":0.9213036021,"f1":0.1706435286,"recall":0.9147286822,"precision":0.0940988836,"roc_auc":0.9697432405}}
{"params":{"max_depth":3},"train":{"accuracy":0.8936900219,"f1":0.8972075219,"recall":0.927909452,"precision":0.8684722042,"roc_auc":0.9515430184},"test":{"accuracy":0.8603087479,"f1":0.0999115827,"recall":0.8759689922,"precision":0.0529770277,"roc_auc":0.9384473264}}
{"params":{"max_depth":10},"train":{"accuracy":0.9843115876,"f1":0.9845008292,"recall":0.9965213779,"precision":0.9727668201,"roc_auc":0.9952542616},"test":{"accuracy":0.9684391081,"f1":0.3274853801,"recall":0.8682170543,"precision":0.2018018018,"roc_auc":0.9588126645}}
{"params":{"max_depth":5},"train":{"accuracy":0.9429012746,"f1":0.9441758353,"recall":0.9657329768,"precision":0.9235600794,"roc_auc":0.9802261282},"test":{"accuracy":0.9211663808,"f1":0.1703971119,"recall":0.9147286822,"precision":0.0939490446,"roc_auc":0.9711236822}}
{"params":{"max_depth":10},"train":{"accuracy":0.9841341952,"f1":0.9843234994,"recall":0.9962098596,"precision":0.9727174409,"roc_auc":0.9958076622},"test":{"accuracy":0.9689193825,"f1":0.3328424153,"recall":0.8759689922,"precision":0.2054545455,"roc_auc":0.9722513783}}
{"params":{"max_depth":3},"train":{"accuracy":0.8936943485,"f1":0.8972129954,"recall":0.9279267586,"precision":0.8684673011,"roc_auc":0.9516388966},"test":{"accuracy":0.8603087479,"f1":0.0999115827,"recall":0.8759689922,"precision":0.0529770277,"roc_auc":0.9384682544}}
{"params":{"max_depth":10},"train":{"accuracy":0.9839481495,"f1":0.984144215,"recall":0.996313699,"precision":0.9722684321,"roc_auc":0.9963923008},"test":{"accuracy":0.9687135506,"f1":0.3313782991,"recall":0.8759689922,"precision":0.2043399638,"roc_auc":0.9718465024}}
{"params":{"max_depth":5},"train":{"accuracy":0.942568123,"f1":0.9438513079,"recall":0.9654214584,"precision":0.9232239646,"roc_auc":0.9805301832},"test":{"accuracy":0.9208233276,"f1":0.1697841727,"recall":0.9147286822,"precision":0.0935765266,"roc_auc":0.9718741381}}
{"params":{"max_depth":3},"train":{"accuracy":0.8936943485,"f1":0.8972129954,"recall":0.9279267586,"precision":0.8684673011,"roc_auc":0.951641867},"test":{"accuracy":0.8603087479,"f1":0.0999115827,"recall":0.8759689922,"precision":0.0529770277,"roc_auc":0.9384835479}}
{"params":{"max_depth":5},"train":{"accuracy":0.942568123,"f1":0.9438508329,"recall":0.9654128051,"precision":0.9232309691,"roc_auc":0.9807368015},"test":{"accuracy":0.9208919383,"f1":0.1699064075,"recall":0.9147286822,"precision":0.0936507937,"roc_auc":0.9721521045}}
{"params":{"max_depth":10},"train":{"accuracy":0.9839568028,"f1":0.9841524917,"recall":0.9963050457,"precision":0.9722928296,"roc_auc":0.996554077},"test":{"accuracy":0.9685763293,"f1":0.3284457478,"recall":0.8682170543,"precision":0.2025316456,"roc_auc":0.9719747533}}
{"params":{"max_depth":10},"train":{"accuracy":0.9839351696,"f1":0.9841314614,"recall":0.9963050457,"precision":0.9722517775,"roc_auc":0.996526136},"test":{"accuracy":0.9685077187,"f1":0.3279648609,"recall":0.8682170543,"precision":0.202166065,"roc_auc":0.9722288405}}
