{"params":{"max_depth":3},"train":{"accuracy":0.8936943485,"f1":0.8972129954,"recall":0.9279267586,"precision":0.8684673011,"roc_auc":0.948425218},"test":{"accuracy":0.8603087479,"f1":0.0999115827,"recall":0.8759689922,"precision":0.0529770277,"roc_auc":0.9360569756}}
{"params":{"max_depth":5},"train":{"accuracy":0.9428623348,"f1":0.9441299657,"recall":0.9655512578,"precision":0.9236385309,"roc_auc":0.9772438037},"test":{"accuracy":0.9209605489,"f1":0.1700288184,"recall":0.9147286822,"precision":0.0937251787,"roc_auc":0.9693193148}}
{"params":{"max_depth":3},"train":{"accuracy":0.8936943485,"f1":0.8972129954,"recall":0.9279267586,"precision":0.8684673011,"roc_auc":0.9506873569},"test":{"accuracy":0.8603087479,"f1":0.0999115827,"recall":0.8759689922,"precision":0.0529770277,"roc_auc":0.938459132}}
{"params":{"max_depth":5},"train":{"accuracy":0.9429618477,"f1":0.9442190111,"recall":0.965499338,"precision":0.923856523,"roc_auc":0.9798848297},"test":{"accuracy":0.9213722127,"f1":0.1707670043,"recall":0.9147286822,"precision":0.0941739824,"roc_auc":0.9712707147}}
{"params":{"max_depth":3},"train":{"accuracy":0.8936900219,"f1":0.897208382,"recall":0.9279181053,"precision":0.8684662358,"roc_auc":0.9507420248},"test":{"accuracy":0.8603087479,"f1":0.0999115827,"recall":0.8759689922,"precision":0.0529770277,"roc_auc":0.937992277}}
{"params":{"max_depth":10},"train":{"accuracy":0.9831607002,"f1":0.9833800219,"recall":0.9963569655,"precision":0.9707367658,"roc_auc":0.995098023},"test":{"accuracy":0.9665866209,"f1":0.3188811189,"recall":0.8837209302,"precision":0.1945392491,"roc_auc":0.9580133767}}
{"params":{"max_depth":5},"train":{"accuracy":0.9423041977,"f1":0.9436054453,"recall":0.965378192,"precision":0.9227931445,"roc_auc":0.9799169829},"test":{"accuracy":0.9201372213,"f1":0.1685714286,"recall":0.9147286822,"precision":0.0928402832,"roc_auc":0.9712304686}}
{"params":{"max_depth":10},"train":{"accuracy":0.9839481495,"f1":0.9841429951,"recall":0.9962358194,"precision":0.9723402279,"roc_auc":0.9963135976},"test":{"accuracy":0.9677530017,"f1":0.3208092486,"recall":0.8604651163,"precision":0.1971580817,"roc_auc":0.959201442}}
{"params":{"max_depth":3},"train":{"accuracy":0.8936900219,"f1":0.897208382,"recall":0.9279181053,"precision":0.8684662358,"roc_auc":0.9514026219},"test":{"accuracy":0.8603087479,"f1":0.0999115827,"recall":0.8759689922,"precision":0.0529770277,"roc_auc":0.9384789867}}
{"params":{"max_depth":10},"train":{"accuracy":0.9839005564,"f1":0.9840965915,"recall":0.9962271661,"precision":0.9722578793,"roc_auc":0.9963618533},"test":{"accuracy":0.967890223,"f1":0.323699422,"recall":0.8682170543,"precision":0.1989342806,"roc_auc":0.9660210117}}
{"params":{"max_depth":5},"train":{"accuracy":0.9423777507,"f1":0.943669478,"recall":0.9653089657,"precision":0.92297891,"roc_auc":0.9803156787},"test":{"accuracy":0.9203430532,"f1":0.1689334288,"recall":0.9147286822,"precision":0.0930599369,"roc_auc":0.9719320925}}
{"params":{"max_depth":3},"train":{"accuracy":0.8936900219,"f1":0.897208382,"recall":0.9279181053,"precision":0.8684662358,"roc_auc":0.9516250163},"test":{"accuracy":0.8603087479,"f1":0.0999115827,"recall":0.8759689922,"precision":0.0529770277,"roc_auc":0.9391505602}}
{"params":{"max_depth":5},"train":{"accuracy":0.9425248566,"f1":0.9438166131,"recall":0.9655166446,"precision":0.9230705593,"roc_auc":0.980288213},"test":{"accuracy":0.9206861063,"f1":0.1695402299,"recall":0.9147286822,"precision":0.0934283452,"roc_auc":0.9720488062}}
{"params":{"max_depth":10},"train":{"accuracy":0.9839524761,"f1":0.984147066,"recall":0.9962271661,"precision":0.9723564189,"roc_auc":0.9964610726},"test":{"accuracy":0.9682332762,"f1":0.326055313,"recall":0.8682170543,"precision":0.2007168459,"roc_auc":0.9767122575}}
{"params":{"max_depth":10},"train":{"accuracy":0.9839351696,"f1":0.9841305119,"recall":0.9962444727,"precision":0.9723076144,"roc_auc":0.9966418715},"test":{"accuracy":0.9683018868,"f1":0.3265306122,"recall":0.8682170543,"precision":0.2010771993,"roc_auc":0.9730501295}}
