{"params":{"max_depth":3},"train":{"accuracy":0.7727272727,"f1":0.4507042254,"recall":0.9580838323,"precision":0.2946593002,"roc_auc":0.9272092785},"test":{"accuracy":0.7371695179,"f1":0.4111498258,"recall":0.9516129032,"precision":0.2622222222,"roc_auc":0.9032258065}}
{"params":{"max_depth":5},"train":{"accuracy":0.831973582,"f1":0.529123571,"recall":0.9700598802,"precision":0.3637724551,"roc_auc":0.9458073309},"test":{"accuracy":0.800933126,"f1":0.4754098361,"recall":0.935483871,"precision":0.3186813187,"roc_auc":0.9143717728}}
{"params":{"max_depth":3},"train":{"accuracy":0.7836052836,"f1":0.4623552124,"recall":0.9560878244,"precision":0.3049013367,"roc_auc":0.9307191513},"test":{"accuracy":0.7511664075,"f1":0.4202898551,"recall":0.935483871,"precision":0.2710280374,"roc_auc":0.9126506024}}
{"params":{"max_depth":5},"train":{"accuracy":0.837995338,"f1":0.5345982143,"recall":0.9560878244,"precision":0.3710302091,"roc_auc":0.9474955834},"test":{"accuracy":0.8040435459,"f1":0.479338843,"recall":0.935483871,"precision":0.3222222222,"roc_auc":0.9194242407}}
{"params":{"max_depth":3},"train":{"accuracy":0.7871017871,"f1":0.4658869396,"recall":0.9540918164,"precision":0.3081882656,"roc_auc":0.9314158427},"test":{"accuracy":0.7604976672,"f1":0.4379562044,"recall":0.9677419355,"precision":0.2830188679,"roc_auc":0.9135805896}}
{"params":{"max_depth":10},"train":{"accuracy":0.8908313908,"f1":0.6317169069,"recall":0.9620758483,"precision":0.4702439024,"roc_auc":0.9681804886},"test":{"accuracy":0.8413685848,"f1":0.495049505,"recall":0.8064516129,"precision":0.3571428571,"roc_auc":0.9255455}}
{"params":{"max_depth":5},"train":{"accuracy":0.8395493395,"f1":0.5380313199,"recall":0.9600798403,"precision":0.3737373737,"roc_auc":0.9499849022},"test":{"accuracy":0.8055987558,"f1":0.4769874477,"recall":0.9193548387,"precision":0.3220338983,"roc_auc":0.9232274721}}
{"params":{"max_depth":10},"train":{"accuracy":0.8933566434,"f1":0.6381015162,"recall":0.9660678643,"precision":0.4763779528,"roc_auc":0.9677623449},"test":{"accuracy":0.8460342146,"f1":0.5123152709,"recall":0.8387096774,"precision":0.3687943262,"roc_auc":0.92998723}}
{"params":{"max_depth":3},"train":{"accuracy":0.7874902875,"f1":0.4663414634,"recall":0.9540918164,"precision":0.3085861846,"roc_auc":0.9334049783},"test":{"accuracy":0.7589424572,"f1":0.4363636364,"recall":0.9677419355,"precision":0.2816901408,"roc_auc":0.9137887957}}
{"params":{"max_depth":10},"train":{"accuracy":0.8974358974,"f1":0.6446837147,"recall":0.9560878244,"precision":0.4862944162,"roc_auc":0.9683340442},"test":{"accuracy":0.8491446345,"f1":0.5025641026,"recall":0.7903225806,"precision":0.3684210526,"roc_auc":0.9330131586}}
{"params":{"max_depth":5},"train":{"accuracy":0.8391608392,"f1":0.5369127517,"recall":0.9580838323,"precision":0.372960373,"roc_auc":0.9502005243},"test":{"accuracy":0.8055987558,"f1":0.4725738397,"recall":0.9032258065,"precision":0.32,"roc_auc":0.9223530065}}
{"params":{"max_depth":3},"train":{"accuracy":0.7865190365,"f1":0.4652068127,"recall":0.9540918164,"precision":0.3075933076,"roc_auc":0.9347927773},"test":{"accuracy":0.7604976672,"f1":0.4379562044,"recall":0.9677419355,"precision":0.2830188679,"roc_auc":0.9149963911}}
{"params":{"max_depth":10},"train":{"accuracy":0.898989899,"f1":0.6486486486,"recall":0.9580838323,"precision":0.4902962206,"roc_auc":0.9695438046},"test":{"accuracy":0.8460342146,"f1":0.4974619289,"recall":0.7903225806,"precision":0.362962963,"roc_auc":0.9334156904}}
{"params":{"max_depth":5},"train":{"accuracy":0.8393550894,"f1":0.5372132065,"recall":0.9580838323,"precision":0.3732503888,"roc_auc":0.9501313706},"test":{"accuracy":0.8024883359,"f1":0.4641350211,"recall":0.8870967742,"precision":0.3142857143,"roc_auc":0.9218949531}}
{"params":{"max_depth":10},"train":{"accuracy":0.8993783994,"f1":0.6485753053,"recall":0.9540918164,"precision":0.4912641316,"roc_auc":0.9696352936},"test":{"accuracy":0.8475894246,"f1":0.4948453608,"recall":0.7741935484,"precision":0.3636363636,"roc_auc":0.9329853978}}
