{"params":{"max_depth":3},"train":{"accuracy":0.8589412524,"f1":0.8715587342,"recall":0.9571766731,"precision":0.8,"roc_auc":0.8993503193},"test":{"accuracy":0.7558320373,"f1":0.4290909091,"recall":0.9516129032,"precision":0.2769953052,"roc_auc":0.888387652}}
{"params":{"max_depth":5},"train":{"accuracy":0.9052076609,"f1":0.9120319521,"recall":0.9827845922,"precision":0.8507824143,"roc_auc":0.9441001687},"test":{"accuracy":0.8195956454,"f1":0.5,"recall":0.935483871,"precision":0.3411764706,"roc_auc":0.9061406918}}
{"params":{"max_depth":3},"train":{"accuracy":0.860232408,"f1":0.8725846003,"recall":0.9571766731,"precision":0.8017303533,"roc_auc":0.9186781062},"test":{"accuracy":0.7558320373,"f1":0.4249084249,"recall":0.935483871,"precision":0.2748815166,"roc_auc":0.9054605519}}
{"params":{"max_depth":5},"train":{"accuracy":0.9001506348,"f1":0.9081188119,"recall":0.9868732516,"precision":0.8410049514,"roc_auc":0.9498927255},"test":{"accuracy":0.7978227061,"f1":0.4672131148,"recall":0.9193548387,"precision":0.3131868132,"roc_auc":0.9123591139}}
{"params":{"max_depth":3},"train":{"accuracy":0.8600172154,"f1":0.8724134549,"recall":0.9571766731,"precision":0.8014414414,"roc_auc":0.9208769883},"test":{"accuracy":0.7558320373,"f1":0.4249084249,"recall":0.935483871,"precision":0.2748815166,"roc_auc":0.9062517351}}
{"params":{"max_depth":10},"train":{"accuracy":0.9355498171,"f1":0.9390454869,"recall":0.9928986443,"precision":0.8907335907,"roc_auc":0.971926535},"test":{"accuracy":0.832037325,"f1":0.4905660377,"recall":0.8387096774,"precision":0.3466666667,"roc_auc":0.921242574}}
{"params":{"max_depth":5},"train":{"accuracy":0.9000430385,"f1":0.9079377663,"recall":0.9857972886,"precision":0.8414768553,"roc_auc":0.9484451652},"test":{"accuracy":0.799377916,"f1":0.4734693878,"recall":0.935483871,"precision":0.3169398907,"roc_auc":0.9107906279}}
{"params":{"max_depth":10},"train":{"accuracy":0.9352270282,"f1":0.9387589013,"recall":0.9928986443,"precision":0.8902180205,"roc_auc":0.9742984001},"test":{"accuracy":0.8351477449,"f1":0.5046728972,"recall":0.8709677419,"precision":0.3552631579,"roc_auc":0.9253372939}}
{"params":{"max_depth":3},"train":{"accuracy":0.8599096191,"f1":0.8723279074,"recall":0.9571766731,"precision":0.8012970636,"roc_auc":0.9204459548},"test":{"accuracy":0.7558320373,"f1":0.4249084249,"recall":0.935483871,"precision":0.2748815166,"roc_auc":0.9046138471}}
{"params":{"max_depth":10},"train":{"accuracy":0.9364105875,"f1":0.9398473282,"recall":0.9935442221,"precision":0.8916570104,"roc_auc":0.9774322841},"test":{"accuracy":0.8351477449,"f1":0.5046728972,"recall":0.8709677419,"precision":0.3552631579,"roc_auc":0.9274609961}}
{"params":{"max_depth":5},"train":{"accuracy":0.9003658274,"f1":0.9083168317,"recall":0.9870884442,"precision":0.8411883367,"roc_auc":0.9500995364},"test":{"accuracy":0.7962674961,"f1":0.4609053498,"recall":0.9032258065,"precision":0.3093922652,"roc_auc":0.9125117983}}
{"params":{"max_depth":3},"train":{"accuracy":0.8601248117,"f1":0.8724990192,"recall":0.9571766731,"precision":0.8015858713,"roc_auc":0.9215557225},"test":{"accuracy":0.7558320373,"f1":0.4249084249,"recall":0.935483871,"precision":0.2748815166,"roc_auc":0.9050996613}}
{"params":{"max_depth":10},"train":{"accuracy":0.936948569,"f1":0.9403501629,"recall":0.9939746073,"precision":0.8922155689,"roc_auc":0.9788899165},"test":{"accuracy":0.8382581649,"f1":0.5,"recall":0.8387096774,"precision":0.3561643836,"roc_auc":0.9261978791}}
{"params":{"max_depth":5},"train":{"accuracy":0.9002582311,"f1":0.9082450757,"recall":0.9873036368,"precision":0.8409090909,"roc_auc":0.9499053907},"test":{"accuracy":0.799377916,"f1":0.4691358025,"recall":0.9193548387,"precision":0.3149171271,"roc_auc":0.9131780579}}
{"params":{"max_depth":10},"train":{"accuracy":0.9370561653,"f1":0.9404580153,"recall":0.9941897999,"precision":0.8922363847,"roc_auc":0.9808171104},"test":{"accuracy":0.8398133748,"f1":0.5071770335,"recall":0.8548387097,"precision":0.3605442177,"roc_auc":0.9269335406}}
