{"params":{"max_depth":3},"train":{"accuracy":0.7935120435,"f1":0.4724565757,"recall":0.9500998004,"precision":0.3143989432,"roc_auc":0.9287736127},"test":{"accuracy":0.7620528771,"f1":0.4312267658,"recall":0.935483871,"precision":0.2801932367,"roc_auc":0.9128032869}}
{"params":{"max_depth":5},"train":{"accuracy":0.8457653458,"f1":0.5457665904,"recall":0.9520958084,"precision":0.3825180433,"roc_auc":0.9455848364},"test":{"accuracy":0.8040435459,"f1":0.4615384615,"recall":0.8709677419,"precision":0.3139534884,"roc_auc":0.9186885792}}
{"params":{"max_depth":3},"train":{"accuracy":0.7950660451,"f1":0.4738154613,"recall":0.9481037924,"precision":0.3158244681,"roc_auc":0.9319224688},"test":{"accuracy":0.768273717,"f1":0.4419475655,"recall":0.9516129032,"precision":0.287804878,"roc_auc":0.9104019766}}
{"params":{"max_depth":3},"train":{"accuracy":0.7923465423,"f1":0.4705299653,"recall":0.9481037924,"precision":0.312911726,"roc_auc":0.9323264382},"test":{"accuracy":0.768273717,"f1":0.4460966543,"recall":0.9677419355,"precision":0.2898550725,"roc_auc":0.9115818111}}
{"params":{"max_depth":5},"train":{"accuracy":0.8445998446,"f1":0.5459704881,"recall":0.9600798403,"precision":0.381443299,"roc_auc":0.9501238539},"test":{"accuracy":0.8055987558,"f1":0.4680851064,"recall":0.8870967742,"precision":0.3179190751,"roc_auc":0.9226583754}}
{"params":{"max_depth":10},"train":{"accuracy":0.8943278943,"f1":0.6353887399,"recall":0.9461077844,"precision":0.4783047427,"roc_auc":0.9660603476},"test":{"accuracy":0.8413685848,"f1":0.4848484848,"recall":0.7741935484,"precision":0.3529411765,"roc_auc":0.9283354617}}
{"params":{"max_depth":5},"train":{"accuracy":0.8409090909,"f1":0.5385915493,"recall":0.9540918164,"precision":0.3751962323,"roc_auc":0.9503710462},"test":{"accuracy":0.800933126,"f1":0.4666666667,"recall":0.9032258065,"precision":0.3146067416,"roc_auc":0.9226167342}}
{"params":{"max_depth":10},"train":{"accuracy":0.8995726496,"f1":0.6470989761,"recall":0.9461077844,"precision":0.4917012448,"roc_auc":0.9668152398},"test":{"accuracy":0.8491446345,"f1":0.4974093264,"recall":0.7741935484,"precision":0.3664122137,"roc_auc":0.929848426}}
{"params":{"max_depth":3},"train":{"accuracy":0.7904040404,"f1":0.4692572553,"recall":0.9520958084,"precision":0.3113577023,"roc_auc":0.933581084},"test":{"accuracy":0.768273717,"f1":0.4460966543,"recall":0.9677419355,"precision":0.2898550725,"roc_auc":0.9125395592}}
{"params":{"max_depth":10},"train":{"accuracy":0.9001554002,"f1":0.6489071038,"recall":0.9481037924,"precision":0.4932502596,"roc_auc":0.9690771244},"test":{"accuracy":0.8506998445,"f1":0.5,"recall":0.7741935484,"precision":0.3692307692,"roc_auc":0.932138693}}
{"params":{"max_depth":5},"train":{"accuracy":0.8387723388,"f1":0.5347533632,"recall":0.9520958084,"precision":0.3717848792,"roc_auc":0.9508001428},"test":{"accuracy":0.8024883359,"f1":0.4686192469,"recall":0.9032258065,"precision":0.3163841808,"roc_auc":0.9227277775}}
{"params":{"max_depth":3},"train":{"accuracy":0.7878787879,"f1":0.466796875,"recall":0.9540918164,"precision":0.3089851325,"roc_auc":0.9345069276},"test":{"accuracy":0.7636080871,"f1":0.4411764706,"recall":0.9677419355,"precision":0.2857142857,"roc_auc":0.9136222309}}
{"params":{"max_depth":10},"train":{"accuracy":0.8995726496,"f1":0.6480599047,"recall":0.9500998004,"precision":0.4917355372,"roc_auc":0.970396414},"test":{"accuracy":0.8522550544,"f1":0.5077720207,"recall":0.7903225806,"precision":0.3740458015,"roc_auc":0.9331103215}}
{"params":{"max_depth":5},"train":{"accuracy":0.837024087,"f1":0.5336297943,"recall":0.9580838323,"precision":0.3697996918,"roc_auc":0.9505886011},"test":{"accuracy":0.8040435459,"f1":0.475,"recall":0.9193548387,"precision":0.3202247191,"roc_auc":0.9228665815}}
{"params":{"max_depth":10},"train":{"accuracy":0.8976301476,"f1":0.6441593518,"recall":0.9520958084,"precision":0.4867346939,"roc_auc":0.9703648438},"test":{"accuracy":0.8475894246,"f1":0.5,"recall":0.7903225806,"precision":0.3656716418,"roc_auc":0.9327771917}}
