{"params":{"max_depth":3},"train":{"accuracy":0.7808857809,"f1":0.4613180516,"recall":0.9640718563,"precision":0.3032015066,"roc_auc":0.9277938635},"test":{"accuracy":0.7465007776,"f1":0.4280701754,"recall":0.9838709677,"precision":0.2735426009,"roc_auc":0.9091805008}}
{"params":{"max_depth":5},"train":{"accuracy":0.8372183372,"f1":0.5359911406,"recall":0.9660678643,"precision":0.3708812261,"roc_auc":0.9468259521},"test":{"accuracy":0.7978227061,"f1":0.4628099174,"recall":0.9032258065,"precision":0.3111111111,"roc_auc":0.9198684137}}
{"params":{"max_depth":3},"train":{"accuracy":0.7855477855,"f1":0.4640776699,"recall":0.9540918164,"precision":0.3066067992,"roc_auc":0.9310941276},"test":{"accuracy":0.7636080871,"f1":0.4452554745,"recall":0.9838709677,"precision":0.2877358491,"roc_auc":0.9133307423}}
{"params":{"max_depth":5},"train":{"accuracy":0.8397435897,"f1":0.5388485187,"recall":0.9620758483,"precision":0.3742236025,"roc_auc":0.9482128921},"test":{"accuracy":0.799377916,"f1":0.4691358025,"recall":0.9193548387,"precision":0.3149171271,"roc_auc":0.9214091389}}
{"params":{"max_depth":3},"train":{"accuracy":0.7913752914,"f1":0.46884273,"recall":0.9461077844,"precision":0.3116370809,"roc_auc":0.9319104421},"test":{"accuracy":0.7636080871,"f1":0.4411764706,"recall":0.9677419355,"precision":0.2857142857,"roc_auc":0.9143856532}}
{"params":{"max_depth":10},"train":{"accuracy":0.8923853924,"f1":0.6364829396,"recall":0.9680638723,"precision":0.4740957967,"roc_auc":0.9659497446},"test":{"accuracy":0.8460342146,"f1":0.5123152709,"recall":0.8387096774,"precision":0.3687943262,"roc_auc":0.9254344567}}
{"params":{"max_depth":5},"train":{"accuracy":0.8407148407,"f1":0.5408734602,"recall":0.9640718563,"precision":0.3758754864,"roc_auc":0.9481482484},"test":{"accuracy":0.8055987558,"f1":0.4813278008,"recall":0.935483871,"precision":0.3240223464,"roc_auc":0.9227277775}}
{"params":{"max_depth":10},"train":{"accuracy":0.8958818959,"f1":0.6431424767,"recall":0.9640718563,"precision":0.4825174825,"roc_auc":0.9668947021},"test":{"accuracy":0.8444790047,"f1":0.504950495,"recall":0.8225806452,"precision":0.3642857143,"roc_auc":0.9302093165}}
{"params":{"max_depth":3},"train":{"accuracy":0.7871017871,"f1":0.4653658537,"recall":0.9520958084,"precision":0.3079406068,"roc_auc":0.9319188178},"test":{"accuracy":0.7620528771,"f1":0.4395604396,"recall":0.9677419355,"precision":0.2843601896,"roc_auc":0.9145660985}}
{"params":{"max_depth":10},"train":{"accuracy":0.89996115,"f1":0.6508474576,"recall":0.9580838323,"precision":0.4928131417,"roc_auc":0.9683267423},"test":{"accuracy":0.8506998445,"f1":0.5102040816,"recall":0.8064516129,"precision":0.3731343284,"roc_auc":0.9327355505}}
{"params":{"max_depth":5},"train":{"accuracy":0.8399378399,"f1":0.5381165919,"recall":0.9580838323,"precision":0.3741231489,"roc_auc":0.948265509},"test":{"accuracy":0.8024883359,"f1":0.4730290456,"recall":0.9193548387,"precision":0.3184357542,"roc_auc":0.9228804619}}
{"params":{"max_depth":3},"train":{"accuracy":0.7884615385,"f1":0.4674816626,"recall":0.9540918164,"precision":0.3095854922,"roc_auc":0.9330340825},"test":{"accuracy":0.7620528771,"f1":0.4395604396,"recall":0.9677419355,"precision":0.2843601896,"roc_auc":0.9158014547}}
{"params":{"max_depth":10},"train":{"accuracy":0.8984071484,"f1":0.6459038592,"recall":0.9520958084,"precision":0.4887295082,"roc_auc":0.9690921578},"test":{"accuracy":0.8506998445,"f1":0.5051546392,"recall":0.7903225806,"precision":0.3712121212,"roc_auc":0.9340125479}}
{"params":{"max_depth":5},"train":{"accuracy":0.8387723388,"f1":0.5357941834,"recall":0.9560878244,"precision":0.3721833722,"roc_auc":0.9496943277},"test":{"accuracy":0.8071539658,"f1":0.4833333333,"recall":0.935483871,"precision":0.3258426966,"roc_auc":0.9232274721}}
{"params":{"max_depth":10},"train":{"accuracy":0.898018648,"f1":0.645030426,"recall":0.9520958084,"precision":0.4877300613,"roc_auc":0.9692487201},"test":{"accuracy":0.8506998445,"f1":0.5051546392,"recall":0.7903225806,"precision":0.3712121212,"roc_auc":0.9343179168}}
