{"params":{"max_depth":3},"train":{"accuracy":0.7859362859,"f1":0.4640077821,"recall":0.9520958084,"precision":0.3067524116,"roc_auc":0.9267080214},"test":{"accuracy":0.7558320373,"f1":0.4290909091,"recall":0.9516129032,"precision":0.2769953052,"roc_auc":0.9093748265}}
{"params":{"max_depth":5},"train":{"accuracy":0.8325563326,"f1":0.5263736264,"recall":0.9560878244,"precision":0.3631539045,"roc_auc":0.9468966092},"test":{"accuracy":0.799377916,"f1":0.4691358025,"recall":0.9193548387,"precision":0.3149171271,"roc_auc":0.9173560602}}
{"params":{"max_depth":3},"train":{"accuracy":0.7855477855,"f1":0.4630350195,"recall":0.9500998004,"precision":0.3061093248,"roc_auc":0.9289653961},"test":{"accuracy":0.766718507,"f1":0.4402985075,"recall":0.9516129032,"precision":0.286407767,"roc_auc":0.9103603354}}
{"params":{"max_depth":5},"train":{"accuracy":0.8374125874,"f1":0.5326633166,"recall":0.9520958084,"precision":0.3697674419,"roc_auc":0.9467890129},"test":{"accuracy":0.8040435459,"f1":0.475,"recall":0.9193548387,"precision":0.3202247191,"roc_auc":0.9196602077}}
{"params":{"max_depth":10},"train":{"accuracy":0.8964646465,"f1":0.6425217975,"recall":0.9560878244,"precision":0.4838383838,"roc_auc":0.9674453546},"test":{"accuracy":0.8491446345,"f1":0.5076142132,"recall":0.8064516129,"precision":0.3703703704,"roc_auc":0.9291127644}}
{"params":{"max_depth":3},"train":{"accuracy":0.7855477855,"f1":0.4635568513,"recall":0.9520958084,"precision":0.3063583815,"roc_auc":0.9304204159},"test":{"accuracy":0.765163297,"f1":0.43866171,"recall":0.9516129032,"precision":0.2850241546,"roc_auc":0.9120259841}}
{"params":{"max_depth":5},"train":{"accuracy":0.8391608392,"f1":0.5369127517,"recall":0.9580838323,"precision":0.372960373,"roc_auc":0.9481057253},"test":{"accuracy":0.8024883359,"f1":0.4730290456,"recall":0.9193548387,"precision":0.3184357542,"roc_auc":0.922061518}}
{"params":{"max_depth":10},"train":{"accuracy":0.8997668998,"f1":0.6485013624,"recall":0.9500998004,"precision":0.4922440538,"roc_auc":0.9674047644},"test":{"accuracy":0.8538102644,"f1":0.5204081633,"recall":0.8225806452,"precision":0.3805970149,"roc_auc":0.9319582477}}
{"params":{"max_depth":3},"train":{"accuracy":0.7874902875,"f1":0.4658203125,"recall":0.9520958084,"precision":0.3083387201,"roc_auc":0.9325646104},"test":{"accuracy":0.7604976672,"f1":0.4379562044,"recall":0.9677419355,"precision":0.2830188679,"roc_auc":0.9136777525}}
{"params":{"max_depth":10},"train":{"accuracy":0.8993783994,"f1":0.6490514905,"recall":0.9560878244,"precision":0.4912820513,"roc_auc":0.968672296},"test":{"accuracy":0.8460342146,"f1":0.5025125628,"recall":0.8064516129,"precision":0.3649635036,"roc_auc":0.9322774971}}
{"params":{"max_depth":5},"train":{"accuracy":0.8401320901,"f1":0.5389355742,"recall":0.9600798403,"precision":0.3746105919,"roc_auc":0.9494043976},"test":{"accuracy":0.8040435459,"f1":0.475,"recall":0.9193548387,"precision":0.3202247191,"roc_auc":0.924351785}}
{"params":{"max_depth":3},"train":{"accuracy":0.7878787879,"f1":0.4662756598,"recall":0.9520958084,"precision":0.3087378641,"roc_auc":0.9333512875},"test":{"accuracy":0.7636080871,"f1":0.4411764706,"recall":0.9677419355,"precision":0.2857142857,"roc_auc":0.9152878796}}
{"params":{"max_depth":10},"train":{"accuracy":0.8966588967,"f1":0.641509434,"recall":0.9500998004,"precision":0.484231943,"roc_auc":0.9689624409},"test":{"accuracy":0.8491446345,"f1":0.5125628141,"recall":0.8225806452,"precision":0.3722627737,"roc_auc":0.9329298762}}
{"params":{"max_depth":5},"train":{"accuracy":0.8395493395,"f1":0.5380313199,"recall":0.9600798403,"precision":0.3737373737,"roc_auc":0.9496606099},"test":{"accuracy":0.800933126,"f1":0.4666666667,"recall":0.9032258065,"precision":0.3146067416,"roc_auc":0.9238243296}}
{"params":{"max_depth":10},"train":{"accuracy":0.8982128982,"f1":0.6464237517,"recall":0.9560878244,"precision":0.4882772681,"roc_auc":0.9695721533},"test":{"accuracy":0.8506998445,"f1":0.5151515152,"recall":0.8225806452,"precision":0.375,"roc_auc":0.9336516573}}
