{"params":{"max_depth":3},"train":{"accuracy":0.8606627932,"f1":0.8728022788,"recall":0.9561007101,"precision":0.8028550777,"roc_auc":0.9026571169},"test":{"accuracy":0.7542768274,"f1":0.4233576642,"recall":0.935483871,"precision":0.2735849057,"roc_auc":0.8821275887}}
{"params":{"max_depth":3},"train":{"accuracy":0.8614159673,"f1":0.8734774067,"recall":0.9567462879,"precision":0.8035423821,"roc_auc":0.9052978686},"test":{"accuracy":0.7558320373,"f1":0.4249084249,"recall":0.935483871,"precision":0.2748815166,"roc_auc":0.8831824996}}
{"params":{"max_depth":5},"train":{"accuracy":0.8986442866,"f1":0.9068801898,"recall":0.9870884442,"precision":0.8387273725,"roc_auc":0.9395859633},"test":{"accuracy":0.7947122862,"f1":0.4590163934,"recall":0.9032258065,"precision":0.3076923077,"roc_auc":0.9023652213}}
{"params":{"max_depth":5},"train":{"accuracy":0.8988594792,"f1":0.9069859489,"recall":0.9862276738,"precision":0.8395310496,"roc_auc":0.9463286879},"test":{"accuracy":0.7962674961,"f1":0.4609053498,"recall":0.9032258065,"precision":0.3093922652,"roc_auc":0.9067236689}}
{"params":{"max_depth":3},"train":{"accuracy":0.8600172154,"f1":0.8724134549,"recall":0.9571766731,"precision":0.8014414414,"roc_auc":0.9061943655},"test":{"accuracy":0.7558320373,"f1":0.4249084249,"recall":0.935483871,"precision":0.2748815166,"roc_auc":0.8891927156}}
{"params":{"max_depth":10},"train":{"accuracy":0.9343662578,"f1":0.9379703071,"recall":0.9924682591,"precision":0.8891459418,"roc_auc":0.9745705745},"test":{"accuracy":0.8351477449,"f1":0.5,"recall":0.8548387097,"precision":0.3533333333,"roc_auc":0.9205763145}}
{"params":{"max_depth":5},"train":{"accuracy":0.9003658274,"f1":0.9083893945,"recall":0.9879492145,"precision":0.8406885186,"roc_auc":0.9489049096},"test":{"accuracy":0.7962674961,"f1":0.4653061224,"recall":0.9193548387,"precision":0.3114754098,"roc_auc":0.9099439232}}
{"params":{"max_depth":10},"train":{"accuracy":0.9352270282,"f1":0.9387339711,"recall":0.9924682591,"precision":0.8905194053,"roc_auc":0.9787678953},"test":{"accuracy":0.8382581649,"f1":0.5047619048,"recall":0.8548387097,"precision":0.3581081081,"roc_auc":0.9223807673}}
{"params":{"max_depth":3},"train":{"accuracy":0.8593716376,"f1":0.8719004214,"recall":0.9571766731,"precision":0.8005759539,"roc_auc":0.9185102171},"test":{"accuracy":0.7573872473,"f1":0.4306569343,"recall":0.9516129032,"precision":0.2783018868,"roc_auc":0.9015046361}}
{"params":{"max_depth":10},"train":{"accuracy":0.9352270282,"f1":0.9387589013,"recall":0.9928986443,"precision":0.8902180205,"roc_auc":0.9786753722},"test":{"accuracy":0.8367029549,"f1":0.5023696682,"recall":0.8548387097,"precision":0.355704698,"roc_auc":0.9263505635}}
{"params":{"max_depth":5},"train":{"accuracy":0.899505057,"f1":0.9075247525,"recall":0.9862276738,"precision":0.8404547955,"roc_auc":0.9492508987},"test":{"accuracy":0.7962674961,"f1":0.4653061224,"recall":0.9193548387,"precision":0.3114754098,"roc_auc":0.9102770529}}
{"params":{"max_depth":3},"train":{"accuracy":0.8598020228,"f1":0.8722423767,"recall":0.9571766731,"precision":0.8011527378,"roc_auc":0.9206826574},"test":{"accuracy":0.7542768274,"f1":0.4233576642,"recall":0.935483871,"precision":0.2735849057,"roc_auc":0.9012686691}}
{"params":{"max_depth":10},"train":{"accuracy":0.9359802023,"f1":0.9394648489,"recall":0.9935442221,"precision":0.8909687379,"roc_auc":0.9808523275},"test":{"accuracy":0.8382581649,"f1":0.5047619048,"recall":0.8548387097,"precision":0.3581081081,"roc_auc":0.9266559325}}
{"params":{"max_depth":5},"train":{"accuracy":0.899505057,"f1":0.9075064369,"recall":0.9860124812,"precision":0.8405797101,"roc_auc":0.950425289},"test":{"accuracy":0.799377916,"f1":0.4734693878,"recall":0.935483871,"precision":0.3169398907,"roc_auc":0.9120676253}}
{"params":{"max_depth":10},"train":{"accuracy":0.935872606,"f1":0.9393816111,"recall":0.9937594147,"precision":0.8906460945,"roc_auc":0.9815343728},"test":{"accuracy":0.8382581649,"f1":0.5047619048,"recall":0.8548387097,"precision":0.3581081081,"roc_auc":0.9270029426}}
