{"params":{"max_depth":3},"train":{"accuracy":0.8618463525,"f1":0.8737463127,"recall":0.9561007101,"precision":0.804454101,"roc_auc":0.9027629072},"test":{"accuracy":0.7558320373,"f1":0.4249084249,"recall":0.935483871,"precision":0.2748815166,"roc_auc":0.8836683138}}
{"params":{"max_depth":5},"train":{"accuracy":0.8999354422,"f1":0.9079936684,"recall":0.9875188294,"precision":0.8403222853,"roc_auc":0.9445094144},"test":{"accuracy":0.7947122862,"f1":0.4590163934,"recall":0.9032258065,"precision":0.3076923077,"roc_auc":0.9042945977}}
{"params":{"max_depth":3},"train":{"accuracy":0.8600172154,"f1":0.8723633866,"recall":0.9567462879,"precision":0.8016588532,"roc_auc":0.9088255777},"test":{"accuracy":0.7542768274,"f1":0.4233576642,"recall":0.935483871,"precision":0.2735849057,"roc_auc":0.889206596}}
{"params":{"max_depth":5},"train":{"accuracy":0.9000430385,"f1":0.9080653142,"recall":0.9873036368,"precision":0.8406009527,"roc_auc":0.9475286401},"test":{"accuracy":0.7978227061,"f1":0.4628099174,"recall":0.9032258065,"precision":0.3111111111,"roc_auc":0.9044195214}}
{"params":{"max_depth":3},"train":{"accuracy":0.8599096191,"f1":0.8723279074,"recall":0.9571766731,"precision":0.8012970636,"roc_auc":0.9087918888},"test":{"accuracy":0.7542768274,"f1":0.4233576642,"recall":0.935483871,"precision":0.2735849057,"roc_auc":0.8899144967}}
{"params":{"max_depth":10},"train":{"accuracy":0.9355498171,"f1":0.9390082476,"recall":0.9922530665,"precision":0.8911867027,"roc_auc":0.9751465053},"test":{"accuracy":0.8413685848,"f1":0.5142857143,"recall":0.8709677419,"precision":0.3648648649,"roc_auc":0.9247681972}}
{"params":{"max_depth":5},"train":{"accuracy":0.899505057,"f1":0.9075430608,"recall":0.9864428664,"precision":0.8403299725,"roc_auc":0.9476928246},"test":{"accuracy":0.7978227061,"f1":0.4628099174,"recall":0.9032258065,"precision":0.3111111111,"roc_auc":0.9097912387}}
{"params":{"max_depth":10},"train":{"accuracy":0.9370561653,"f1":0.9404094937,"recall":0.9933290295,"precision":0.8928433269,"roc_auc":0.9787740542},"test":{"accuracy":0.8398133748,"f1":0.5071770335,"recall":0.8548387097,"precision":0.3605442177,"roc_auc":0.9256565432}}
{"params":{"max_depth":3},"train":{"accuracy":0.8598020228,"f1":0.8722423767,"recall":0.9571766731,"precision":0.8011527378,"roc_auc":0.9204378278},"test":{"accuracy":0.7558320373,"f1":0.4290909091,"recall":0.9516129032,"precision":0.2769953052,"roc_auc":0.903517295}}
{"params":{"max_depth":10},"train":{"accuracy":0.9374865505,"f1":0.9407807563,"recall":0.9931138369,"precision":0.8936870643,"roc_auc":0.9779595454},"test":{"accuracy":0.8382581649,"f1":0.5,"recall":0.8387096774,"precision":0.3561643836,"roc_auc":0.9269613014}}
{"params":{"max_depth":5},"train":{"accuracy":0.899505057,"f1":0.9075979422,"recall":0.9870884442,"precision":0.839956052,"roc_auc":0.9513366739},"test":{"accuracy":0.799377916,"f1":0.4691358025,"recall":0.9193548387,"precision":0.3149171271,"roc_auc":0.9124562767}}
{"params":{"max_depth":3},"train":{"accuracy":0.8595868302,"f1":0.8720713656,"recall":0.9571766731,"precision":0.800864242,"roc_auc":0.9209103068},"test":{"accuracy":0.7558320373,"f1":0.4290909091,"recall":0.9516129032,"precision":0.2769953052,"roc_auc":0.9064321803}}
{"params":{"max_depth":10},"train":{"accuracy":0.9371637616,"f1":0.940517417,"recall":0.9935442221,"precision":0.8928640495,"roc_auc":0.9799682411},"test":{"accuracy":0.8382581649,"f1":0.5047619048,"recall":0.8548387097,"precision":0.3581081081,"roc_auc":0.9274609961}}
{"params":{"max_depth":5},"train":{"accuracy":0.8993974607,"f1":0.9074898585,"recall":0.9868732516,"precision":0.8399267399,"roc_auc":0.9528544138},"test":{"accuracy":0.799377916,"f1":0.4691358025,"recall":0.9193548387,"precision":0.3149171271,"roc_auc":0.9172311365}}
{"params":{"max_depth":10},"train":{"accuracy":0.936948569,"f1":0.9403380167,"recall":0.9937594147,"precision":0.8923671498,"roc_auc":0.9803172403},"test":{"accuracy":0.8382581649,"f1":0.5047619048,"recall":0.8548387097,"precision":0.3581081081,"roc_auc":0.9278496474}}
