{"params":{"max_depth":3},"train":{"accuracy":0.8589412524,"f1":0.8714831879,"recall":0.9565310953,"precision":0.8003240907,"roc_auc":0.8946526654},"test":{"accuracy":0.7542768274,"f1":0.4275362319,"recall":0.9516129032,"precision":0.2757009346,"roc_auc":0.8778524235}}
{"params":{"max_depth":5},"train":{"accuracy":0.8986442866,"f1":0.9068433544,"recall":0.986658059,"precision":0.8389752973,"roc_auc":0.9359076147},"test":{"accuracy":0.799377916,"f1":0.4691358025,"recall":0.9193548387,"precision":0.3149171271,"roc_auc":0.8998945089}}
{"params":{"max_depth":3},"train":{"accuracy":0.8593716376,"f1":0.8718250466,"recall":0.9565310953,"precision":0.8009009009,"roc_auc":0.9184304055},"test":{"accuracy":0.7558320373,"f1":0.4290909091,"recall":0.9516129032,"precision":0.2769953052,"roc_auc":0.897576481}}
{"params":{"max_depth":5},"train":{"accuracy":0.899505057,"f1":0.9075430608,"recall":0.9864428664,"precision":0.8403299725,"roc_auc":0.9475449173},"test":{"accuracy":0.799377916,"f1":0.4691358025,"recall":0.9193548387,"precision":0.3149171271,"roc_auc":0.9039892288}}
{"params":{"max_depth":3},"train":{"accuracy":0.8593716376,"f1":0.8719004214,"recall":0.9571766731,"precision":0.8005759539,"roc_auc":0.9189980935},"test":{"accuracy":0.7558320373,"f1":0.4290909091,"recall":0.9516129032,"precision":0.2769953052,"roc_auc":0.9021014935}}
{"params":{"max_depth":10},"train":{"accuracy":0.93372068,"f1":0.9374238115,"recall":0.9928986443,"precision":0.8878198961,"roc_auc":0.9733245228},"test":{"accuracy":0.8351477449,"f1":0.4952380952,"recall":0.8387096774,"precision":0.3513513514,"roc_auc":0.9210760091}}
{"params":{"max_depth":5},"train":{"accuracy":0.899505057,"f1":0.9076162216,"recall":0.9873036368,"precision":0.8398315944,"roc_auc":0.9502764787},"test":{"accuracy":0.799377916,"f1":0.4691358025,"recall":0.9193548387,"precision":0.3149171271,"roc_auc":0.9091249792}}
{"params":{"max_depth":10},"train":{"accuracy":0.9355498171,"f1":0.9390578899,"recall":0.9931138369,"precision":0.8905827866,"roc_auc":0.9762253394},"test":{"accuracy":0.8429237947,"f1":0.5167464115,"recall":0.8709677419,"precision":0.3673469388,"roc_auc":0.9243656654}}
{"params":{"max_depth":3},"train":{"accuracy":0.8598020228,"f1":0.8722423767,"recall":0.9571766731,"precision":0.8011527378,"roc_auc":0.9214652833},"test":{"accuracy":0.7573872473,"f1":0.4306569343,"recall":0.9516129032,"precision":0.2783018868,"roc_auc":0.9038643051}}
{"params":{"max_depth":10},"train":{"accuracy":0.9353346245,"f1":0.938879284,"recall":0.9933290295,"precision":0.8900887003,"roc_auc":0.9783802059},"test":{"accuracy":0.8382581649,"f1":0.5047619048,"recall":0.8548387097,"precision":0.3581081081,"roc_auc":0.9251846094}}
{"params":{"max_depth":5},"train":{"accuracy":0.9002582311,"f1":0.9082087335,"recall":0.9868732516,"precision":0.8411592076,"roc_auc":0.9509684338},"test":{"accuracy":0.7978227061,"f1":0.4672131148,"recall":0.9193548387,"precision":0.3131868132,"roc_auc":0.9149408695}}
{"params":{"max_depth":3},"train":{"accuracy":0.8598020228,"f1":0.8722423767,"recall":0.9571766731,"precision":0.8011527378,"roc_auc":0.9214640793},"test":{"accuracy":0.7573872473,"f1":0.4306569343,"recall":0.9516129032,"precision":0.2783018868,"roc_auc":0.9036699795}}
{"params":{"max_depth":10},"train":{"accuracy":0.9355498171,"f1":0.9390702879,"recall":0.9933290295,"precision":0.8904320988,"roc_auc":0.9785866926},"test":{"accuracy":0.8398133748,"f1":0.5071770335,"recall":0.8548387097,"precision":0.3605442177,"roc_auc":0.9271556271}}
{"params":{"max_depth":5},"train":{"accuracy":0.9002582311,"f1":0.9082087335,"recall":0.9868732516,"precision":0.8411592076,"roc_auc":0.9519013287},"test":{"accuracy":0.7978227061,"f1":0.4672131148,"recall":0.9193548387,"precision":0.3131868132,"roc_auc":0.917758592}}
{"params":{"max_depth":10},"train":{"accuracy":0.9357650097,"f1":0.9392490078,"recall":0.9931138369,"precision":0.8909266409,"roc_auc":0.9802066571},"test":{"accuracy":0.8398133748,"f1":0.5071770335,"recall":0.8548387097,"precision":0.3605442177,"roc_auc":0.9282244184}}
