{"params":{"max_depth":3},"train":{"accuracy":0.8588336561,"f1":0.8714733542,"recall":0.9571766731,"precision":0.799856141,"roc_auc":0.9163027217},"test":{"accuracy":0.7558320373,"f1":0.4249084249,"recall":0.935483871,"precision":0.2748815166,"roc_auc":0.8934817611}}
{"params":{"max_depth":5},"train":{"accuracy":0.9009038089,"f1":0.9087124591,"recall":0.9864428664,"precision":0.842337376,"roc_auc":0.9483792923},"test":{"accuracy":0.799377916,"f1":0.4691358025,"recall":0.9193548387,"precision":0.3149171271,"roc_auc":0.9091805008}}
{"params":{"max_depth":3},"train":{"accuracy":0.860232408,"f1":0.8725846003,"recall":0.9571766731,"precision":0.8017303533,"roc_auc":0.9176473165},"test":{"accuracy":0.7573872473,"f1":0.4306569343,"recall":0.9516129032,"precision":0.2783018868,"roc_auc":0.8984231858}}
{"params":{"max_depth":5},"train":{"accuracy":0.901656983,"f1":0.9093793377,"recall":0.9868732516,"precision":0.8431697003,"roc_auc":0.948350975},"test":{"accuracy":0.800933126,"f1":0.4666666667,"recall":0.9032258065,"precision":0.3146067416,"roc_auc":0.9127477653}}
{"params":{"max_depth":3},"train":{"accuracy":0.8592640413,"f1":0.8718149745,"recall":0.9571766731,"precision":0.8004318877,"roc_auc":0.9190634107},"test":{"accuracy":0.7558320373,"f1":0.4290909091,"recall":0.9516129032,"precision":0.2769953052,"roc_auc":0.9012547887}}
{"params":{"max_depth":10},"train":{"accuracy":0.9353346245,"f1":0.9389041374,"recall":0.9937594147,"precision":0.8897880539,"roc_auc":0.97726891},"test":{"accuracy":0.8382581649,"f1":0.5047619048,"recall":0.8548387097,"precision":0.3581081081,"roc_auc":0.92827994}}
{"params":{"max_depth":5},"train":{"accuracy":0.90058102,"f1":0.908496732,"recall":0.9870884442,"precision":0.841496973,"roc_auc":0.9488832143},"test":{"accuracy":0.7978227061,"f1":0.4628099174,"recall":0.9032258065,"precision":0.3111111111,"roc_auc":0.9120815057}}
{"params":{"max_depth":10},"train":{"accuracy":0.9368409727,"f1":0.9401935813,"recall":0.9928986443,"precision":0.8928018576,"roc_auc":0.9794452402},"test":{"accuracy":0.8382581649,"f1":0.5047619048,"recall":0.8548387097,"precision":0.3581081081,"roc_auc":0.9295708178}}
{"params":{"max_depth":3},"train":{"accuracy":0.8596944265,"f1":0.8721568627,"recall":0.9571766731,"precision":0.8010084639,"roc_auc":0.9198540941},"test":{"accuracy":0.7558320373,"f1":0.4249084249,"recall":0.935483871,"precision":0.2748815166,"roc_auc":0.9031147632}}
{"params":{"max_depth":10},"train":{"accuracy":0.9366257801,"f1":0.9400142581,"recall":0.9931138369,"precision":0.8923047177,"roc_auc":0.9803273122},"test":{"accuracy":0.8429237947,"f1":0.5167464115,"recall":0.8709677419,"precision":0.3673469388,"roc_auc":0.9286408306}}
{"params":{"max_depth":5},"train":{"accuracy":0.9017645793,"f1":0.9094335879,"recall":0.9864428664,"precision":0.8435774752,"roc_auc":0.9505924604},"test":{"accuracy":0.800933126,"f1":0.4754098361,"recall":0.935483871,"precision":0.3186813187,"roc_auc":0.9133307423}}
{"params":{"max_depth":3},"train":{"accuracy":0.8598020228,"f1":0.8722423767,"recall":0.9571766731,"precision":0.8011527378,"roc_auc":0.9199517806},"test":{"accuracy":0.7573872473,"f1":0.4306569343,"recall":0.9516129032,"precision":0.2783018868,"roc_auc":0.902767753}}
{"params":{"max_depth":10},"train":{"accuracy":0.9365181838,"f1":0.9399307677,"recall":0.9933290295,"precision":0.8919806763,"roc_auc":0.9803659098},"test":{"accuracy":0.8398133748,"f1":0.5024154589,"recall":0.8387096774,"precision":0.3586206897,"roc_auc":0.9269613014}}
{"params":{"max_depth":5},"train":{"accuracy":0.9011190015,"f1":0.9088926341,"recall":0.9864428664,"precision":0.8426470588,"roc_auc":0.9530512685},"test":{"accuracy":0.799377916,"f1":0.4734693878,"recall":0.935483871,"precision":0.3169398907,"roc_auc":0.916564877}}
{"params":{"max_depth":10},"train":{"accuracy":0.936948569,"f1":0.9403258656,"recall":0.9935442221,"precision":0.8925188479,"roc_auc":0.9804917051},"test":{"accuracy":0.8398133748,"f1":0.5071770335,"recall":0.8548387097,"precision":0.3605442177,"roc_auc":0.9267253345}}
