{"params":{"max_depth":3,"n_estimators":25},"train":{"accuracy":0.8635678933,"f1":0.8751476959,"recall":0.9563159027,"precision":0.8066799782,"roc_auc":0.9056161424},"test":{"accuracy":0.7558320373,"f1":0.4249084249,"recall":0.935483871,"precision":0.2748815166,"roc_auc":0.8839598023}}
{"params":{"max_depth":5,"n_estimators":25},"train":{"accuracy":0.9034861201,"f1":0.9109146886,"recall":0.9868732516,"precision":0.845813353,"roc_auc":0.9480208232},"test":{"accuracy":0.8040435459,"f1":0.479338843,"recall":0.935483871,"precision":0.3222222222,"roc_auc":0.9089722947}}
{"params":{"max_depth":3,"n_estimators":50},"train":{"accuracy":0.8666881859,"f1":0.8776054529,"recall":0.9558855175,"precision":0.8111760409,"roc_auc":0.9185974611},"test":{"accuracy":0.7604976672,"f1":0.4253731343,"recall":0.9193548387,"precision":0.2766990291,"roc_auc":0.899144967}}
{"params":{"max_depth":5,"n_estimators":50},"train":{"accuracy":0.9054228535,"f1":0.9125286098,"recall":0.986658059,"precision":0.8487597186,"roc_auc":0.9516346649},"test":{"accuracy":0.8040435459,"f1":0.479338843,"recall":0.935483871,"precision":0.3222222222,"roc_auc":0.9165371162}}
{"params":{"max_depth":3,"n_estimators":100},"train":{"accuracy":0.8638906822,"f1":0.8754062839,"recall":0.9563159027,"precision":0.807119506,"roc_auc":0.9197854659},"test":{"accuracy":0.7573872473,"f1":0.4264705882,"recall":0.935483871,"precision":0.2761904762,"roc_auc":0.9010743435}}
{"params":{"max_depth":10,"n_estimators":25},"train":{"accuracy":0.9378093394,"f1":0.9410685155,"recall":0.9931138369,"precision":0.8942065491,"roc_auc":0.9749246907},"test":{"accuracy":0.8429237947,"f1":0.5120772947,"recall":0.8548387097,"precision":0.3655172414,"roc_auc":0.9223946477}}
{"params":{"max_depth":5,"n_estimators":100},"train":{"accuracy":0.9032709275,"f1":0.9106450651,"recall":0.9857972886,"precision":0.846139638,"roc_auc":0.950606839},"test":{"accuracy":0.8040435459,"f1":0.479338843,"recall":0.935483871,"precision":0.3222222222,"roc_auc":0.9161623452}}
{"params":{"max_depth":10,"n_estimators":50},"train":{"accuracy":0.939853669,"f1":0.9428950863,"recall":0.9931138369,"precision":0.8975106962,"roc_auc":0.9782307242},"test":{"accuracy":0.8398133748,"f1":0.4975609756,"recall":0.8225806452,"precision":0.3566433566,"roc_auc":0.9282521792}}
{"params":{"max_depth":3,"n_estimators":250},"train":{"accuracy":0.862384334,"f1":0.8740769912,"recall":0.9552399397,"precision":0.8056261343,"roc_auc":0.9212969311},"test":{"accuracy":0.7558320373,"f1":0.4249084249,"recall":0.935483871,"precision":0.2748815166,"roc_auc":0.9022125368}}
{"params":{"max_depth":10,"n_estimators":100},"train":{"accuracy":0.9388853023,"f1":0.9420526423,"recall":0.9935442221,"precision":0.8956353055,"roc_auc":0.9784952346},"test":{"accuracy":0.8413685848,"f1":0.5048543689,"recall":0.8387096774,"precision":0.3611111111,"roc_auc":0.9286269502}}
{"params":{"max_depth":5,"n_estimators":250},"train":{"accuracy":0.9028405423,"f1":0.9103366101,"recall":0.9864428664,"precision":0.8451327434,"roc_auc":0.9521774624},"test":{"accuracy":0.8024883359,"f1":0.4773662551,"recall":0.935483871,"precision":0.320441989,"roc_auc":0.9158847371}}
{"params":{"max_depth":3,"n_estimators":500},"train":{"accuracy":0.8633527007,"f1":0.8748768473,"recall":0.9554551323,"precision":0.8068326367,"roc_auc":0.9225670861},"test":{"accuracy":0.7558320373,"f1":0.4249084249,"recall":0.935483871,"precision":0.2748815166,"roc_auc":0.9058214425}}
{"params":{"max_depth":10,"n_estimators":250},"train":{"accuracy":0.9378093394,"f1":0.9410925397,"recall":0.9935442221,"precision":0.8939012585,"roc_auc":0.9785630293},"test":{"accuracy":0.8398133748,"f1":0.5024154589,"recall":0.8387096774,"precision":0.3586206897,"roc_auc":0.9285575482}}
{"params":{"max_depth":5,"n_estimators":500},"train":{"accuracy":0.9031633312,"f1":0.9106078665,"recall":0.9864428664,"precision":0.8456004427,"roc_auc":0.9536823056},"test":{"accuracy":0.8024883359,"f1":0.4773662551,"recall":0.935483871,"precision":0.320441989,"roc_auc":0.9202987063}}
{"params":{"max_depth":10,"n_estimators":500},"train":{"accuracy":0.9373789542,"f1":0.9406848757,"recall":0.9931138369,"precision":0.8935140368,"roc_auc":0.979429704},"test":{"accuracy":0.8398133748,"f1":0.5024154589,"recall":0.8387096774,"precision":0.3586206897,"roc_auc":0.9264060852}}
