{"params":{"max_depth":3},"train":{"accuracy":0.7859362859,"f1":0.4624390244,"recall":0.9461077844,"precision":0.3060038735,"roc_auc":0.9292271923},"test":{"accuracy":0.7589424572,"f1":0.440433213,"recall":0.9838709677,"precision":0.2837209302,"roc_auc":0.9116234523}}
{"params":{"max_depth":5},"train":{"accuracy":0.8393550894,"f1":0.536174986,"recall":0.9540918164,"precision":0.3728549142,"roc_auc":0.9486978271},"test":{"accuracy":0.8024883359,"f1":0.4773662551,"recall":0.935483871,"precision":0.320441989,"roc_auc":0.9237410471}}
{"params":{"max_depth":3},"train":{"accuracy":0.7847707848,"f1":0.4621359223,"recall":0.9500998004,"precision":0.3053239256,"roc_auc":0.9308250295},"test":{"accuracy":0.7527216174,"f1":0.4259927798,"recall":0.9516129032,"precision":0.2744186047,"roc_auc":0.9145244573}}
{"params":{"max_depth":5},"train":{"accuracy":0.8420745921,"f1":0.538330494,"recall":0.9461077844,"precision":0.3761904762,"roc_auc":0.9506092184},"test":{"accuracy":0.800933126,"f1":0.4666666667,"recall":0.9032258065,"precision":0.3146067416,"roc_auc":0.9239214924}}
{"params":{"max_depth":10},"train":{"accuracy":0.8964646465,"f1":0.6396213658,"recall":0.9441117764,"precision":0.4836400818,"roc_auc":0.9683059102},"test":{"accuracy":0.8460342146,"f1":0.5025125628,"recall":0.8064516129,"precision":0.3649635036,"roc_auc":0.9340541891}}
{"params":{"max_depth":3},"train":{"accuracy":0.7841880342,"f1":0.4625060474,"recall":0.9540918164,"precision":0.3052362708,"roc_auc":0.9337140224},"test":{"accuracy":0.7573872473,"f1":0.4306569343,"recall":0.9516129032,"precision":0.2783018868,"roc_auc":0.9143023708}}
{"params":{"max_depth":5},"train":{"accuracy":0.8393550894,"f1":0.5351320967,"recall":0.9500998004,"precision":0.372456964,"roc_auc":0.9500501901},"test":{"accuracy":0.7978227061,"f1":0.4628099174,"recall":0.9032258065,"precision":0.3111111111,"roc_auc":0.9244350675}}
{"params":{"max_depth":10},"train":{"accuracy":0.8993783994,"f1":0.6476190476,"recall":0.9500998004,"precision":0.4912280702,"roc_auc":0.9689834877},"test":{"accuracy":0.8522550544,"f1":0.5177664975,"recall":0.8225806452,"precision":0.3777777778,"roc_auc":0.9341097107}}
{"params":{"max_depth":3},"train":{"accuracy":0.7853535354,"f1":0.4643722734,"recall":0.9560878244,"precision":0.3066581306,"roc_auc":0.9341480585},"test":{"accuracy":0.7604976672,"f1":0.4379562044,"recall":0.9677419355,"precision":0.2830188679,"roc_auc":0.9148437066}}
{"params":{"max_depth":10},"train":{"accuracy":0.8986013986,"f1":0.6477732794,"recall":0.9580838323,"precision":0.4892966361,"roc_auc":0.9699735455},"test":{"accuracy":0.8506998445,"f1":0.5102040816,"recall":0.8064516129,"precision":0.3731343284,"roc_auc":0.935483871}}
{"params":{"max_depth":5},"train":{"accuracy":0.8401320901,"f1":0.5389355742,"recall":0.9600798403,"precision":0.3746105919,"roc_auc":0.9500061637},"test":{"accuracy":0.8055987558,"f1":0.4769874477,"recall":0.9193548387,"precision":0.3220338983,"roc_auc":0.9243379046}}
{"params":{"max_depth":3},"train":{"accuracy":0.7863247863,"f1":0.464459591,"recall":0.9520958084,"precision":0.3071474565,"roc_auc":0.9346016381},"test":{"accuracy":0.7589424572,"f1":0.4363636364,"recall":0.9677419355,"precision":0.2816901408,"roc_auc":0.9165509966}}
{"params":{"max_depth":10},"train":{"accuracy":0.8958818959,"f1":0.6426666667,"recall":0.9620758483,"precision":0.4824824825,"roc_auc":0.9701956105},"test":{"accuracy":0.8475894246,"f1":0.51,"recall":0.8225806452,"precision":0.3695652174,"roc_auc":0.9340958303}}
{"params":{"max_depth":5},"train":{"accuracy":0.8393550894,"f1":0.5366946779,"recall":0.9560878244,"precision":0.3730529595,"roc_auc":0.9501678803},"test":{"accuracy":0.8055987558,"f1":0.4769874477,"recall":0.9193548387,"precision":0.3220338983,"roc_auc":0.9238798512}}
{"params":{"max_depth":10},"train":{"accuracy":0.897047397,"f1":0.644772118,"recall":0.9600798403,"precision":0.4853683148,"roc_auc":0.969945841},"test":{"accuracy":0.8475894246,"f1":0.5050505051,"recall":0.8064516129,"precision":0.3676470588,"roc_auc":0.9332074843}}
