{"params":{"max_depth":3,"n_estimators":25},"train":{"accuracy":0.8621691414,"f1":0.873830395,"recall":0.954594362,"precision":0.8056665456,"roc_auc":0.9046114472},"test":{"accuracy":0.7589424572,"f1":0.4280442804,"recall":0.935483871,"precision":0.2775119617,"roc_auc":0.8887207817}}
{"params":{"max_depth":5,"n_estimators":25},"train":{"accuracy":0.9013341941,"f1":0.9091269448,"recall":0.9870884442,"precision":0.842578986,"roc_auc":0.9414125998},"test":{"accuracy":0.7978227061,"f1":0.4672131148,"recall":0.9193548387,"precision":0.3131868132,"roc_auc":0.9034756538}}
{"params":{"max_depth":3,"n_estimators":50},"train":{"accuracy":0.8621691414,"f1":0.8737557899,"recall":0.9539487842,"precision":0.806,"roc_auc":0.9193550807},"test":{"accuracy":0.7573872473,"f1":0.4264705882,"recall":0.935483871,"precision":0.2761904762,"roc_auc":0.9011298651}}
{"params":{"max_depth":5,"n_estimators":50},"train":{"accuracy":0.9007962126,"f1":0.9086223984,"recall":0.9864428664,"precision":0.8421826199,"roc_auc":0.9470541236},"test":{"accuracy":0.799377916,"f1":0.4691358025,"recall":0.9193548387,"precision":0.3149171271,"roc_auc":0.9085558825}}
{"params":{"max_depth":3,"n_estimators":100},"train":{"accuracy":0.8617387562,"f1":0.873336619,"recall":0.9533032064,"precision":0.8057475446,"roc_auc":0.9192840213},"test":{"accuracy":0.7573872473,"f1":0.4264705882,"recall":0.935483871,"precision":0.2761904762,"roc_auc":0.90232358}}
{"params":{"max_depth":10,"n_estimators":25},"train":{"accuracy":0.9373789542,"f1":0.9406364749,"recall":0.9922530665,"precision":0.894124491,"roc_auc":0.976670682},"test":{"accuracy":0.8398133748,"f1":0.5071770335,"recall":0.8548387097,"precision":0.3605442177,"roc_auc":0.923019266}}
{"params":{"max_depth":5,"n_estimators":100},"train":{"accuracy":0.9011190015,"f1":0.9088745662,"recall":0.9862276738,"precision":0.8427730783,"roc_auc":0.948480035},"test":{"accuracy":0.799377916,"f1":0.4647302905,"recall":0.9032258065,"precision":0.312849162,"roc_auc":0.9098467603}}
{"params":{"max_depth":10,"n_estimators":50},"train":{"accuracy":0.9373789542,"f1":0.9406727829,"recall":0.9928986443,"precision":0.893666473,"roc_auc":0.9789366642},"test":{"accuracy":0.8429237947,"f1":0.5167464115,"recall":0.8709677419,"precision":0.3673469388,"roc_auc":0.9265865305}}
{"params":{"max_depth":3,"n_estimators":250},"train":{"accuracy":0.8627071229,"f1":0.874186551,"recall":0.9539487842,"precision":0.806733394,"roc_auc":0.9223389041},"test":{"accuracy":0.7573872473,"f1":0.4264705882,"recall":0.935483871,"precision":0.2761904762,"roc_auc":0.9036699795}}
{"params":{"max_depth":10,"n_estimators":100},"train":{"accuracy":0.9375941468,"f1":0.9408887077,"recall":0.9933290295,"precision":0.8937076476,"roc_auc":0.9791352555},"test":{"accuracy":0.8413685848,"f1":0.5096153846,"recall":0.8548387097,"precision":0.3630136986,"roc_auc":0.9276553217}}
{"params":{"max_depth":5,"n_estimators":250},"train":{"accuracy":0.9025177534,"f1":0.9100476569,"recall":0.9862276738,"precision":0.8447926267,"roc_auc":0.9471911022},"test":{"accuracy":0.800933126,"f1":0.4710743802,"recall":0.9193548387,"precision":0.3166666667,"roc_auc":0.911373605}}
{"params":{"max_depth":3,"n_estimators":500},"train":{"accuracy":0.8631375081,"f1":0.874679803,"recall":0.9552399397,"precision":0.8066509177,"roc_auc":0.9223874116},"test":{"accuracy":0.7558320373,"f1":0.4249084249,"recall":0.935483871,"precision":0.2748815166,"roc_auc":0.9053772694}}
{"params":{"max_depth":10,"n_estimators":250},"train":{"accuracy":0.9377017431,"f1":0.9409725762,"recall":0.9931138369,"precision":0.8940333204,"roc_auc":0.978616677},"test":{"accuracy":0.8413685848,"f1":0.5048543689,"recall":0.8387096774,"precision":0.3611111111,"roc_auc":0.92725279}}
{"params":{"max_depth":5,"n_estimators":500},"train":{"accuracy":0.902732946,"f1":0.9102462272,"recall":0.9864428664,"precision":0.8449769585,"roc_auc":0.9512916163},"test":{"accuracy":0.800933126,"f1":0.4710743802,"recall":0.9193548387,"precision":0.3166666667,"roc_auc":0.915607129}}
{"params":{"max_depth":10,"n_estimators":500},"train":{"accuracy":0.9373789542,"f1":0.9406727829,"recall":0.9928986443,"precision":0.893666473,"roc_auc":0.9800258481},"test":{"accuracy":0.8398133748,"f1":0.5024154589,"recall":0.8387096774,"precision":0.3586206897,"roc_auc":0.9259202709}}
