{"params":{"max_depth":3,"n_estimators":25},"train":{"accuracy":0.8628147192,"f1":0.8741983226,"recall":0.9533032064,"precision":0.8072157434,"roc_auc":0.9184174856},"test":{"accuracy":0.7620528771,"f1":0.4312267658,"recall":0.935483871,"precision":0.2801932367,"roc_auc":0.8992282494}}
{"params":{"max_depth":5,"n_estimators":25},"train":{"accuracy":0.9039165053,"f1":0.9111531191,"recall":0.9853669034,"precision":0.8473353072,"roc_auc":0.9432477337},"test":{"accuracy":0.8071539658,"f1":0.4789915966,"recall":0.9193548387,"precision":0.3238636364,"roc_auc":0.9158430959}}
{"params":{"max_depth":3,"n_estimators":50},"train":{"accuracy":0.8610931784,"f1":0.87289554,"recall":0.9539487842,"precision":0.8045372051,"roc_auc":0.9181429726},"test":{"accuracy":0.7573872473,"f1":0.4264705882,"recall":0.935483871,"precision":0.2761904762,"roc_auc":0.9010743435}}
{"params":{"max_depth":5,"n_estimators":50},"train":{"accuracy":0.901656983,"f1":0.9094152626,"recall":0.9873036368,"precision":0.8429175087,"roc_auc":0.9451904871},"test":{"accuracy":0.800933126,"f1":0.4710743802,"recall":0.9193548387,"precision":0.3166666667,"roc_auc":0.9149963911}}
{"params":{"max_depth":10,"n_estimators":25},"train":{"accuracy":0.9379169357,"f1":0.9412244066,"recall":0.9941897999,"precision":0.8936170213,"roc_auc":0.9774378874},"test":{"accuracy":0.8413685848,"f1":0.5096153846,"recall":0.8548387097,"precision":0.3630136986,"roc_auc":0.9226028538}}
{"params":{"max_depth":3,"n_estimators":100},"train":{"accuracy":0.8625995266,"f1":0.8742738998,"recall":0.9554551323,"precision":0.8058076225,"roc_auc":0.9185140143},"test":{"accuracy":0.7573872473,"f1":0.4264705882,"recall":0.935483871,"precision":0.2761904762,"roc_auc":0.9034756538}}
{"params":{"max_depth":5,"n_estimators":100},"train":{"accuracy":0.9026253497,"f1":0.9102449668,"recall":0.9875188294,"precision":0.8441869021,"roc_auc":0.9484345607},"test":{"accuracy":0.799377916,"f1":0.4691358025,"recall":0.9193548387,"precision":0.3149171271,"roc_auc":0.9104991394}}
{"params":{"max_depth":10,"n_estimators":50},"train":{"accuracy":0.9367333764,"f1":0.9401587625,"recall":0.9939746073,"precision":0.8918710176,"roc_auc":0.9788728057},"test":{"accuracy":0.8398133748,"f1":0.5071770335,"recall":0.8548387097,"precision":0.3605442177,"roc_auc":0.9252956527}}
{"params":{"max_depth":3,"n_estimators":250},"train":{"accuracy":0.8632451044,"f1":0.8748153255,"recall":0.9556703249,"precision":0.8065746458,"roc_auc":0.9177255768},"test":{"accuracy":0.7558320373,"f1":0.4249084249,"recall":0.935483871,"precision":0.2748815166,"roc_auc":0.9010049414}}
{"params":{"max_depth":10,"n_estimators":100},"train":{"accuracy":0.9371637616,"f1":0.9405416412,"recall":0.9939746073,"precision":0.8925603865,"roc_auc":0.9784994486},"test":{"accuracy":0.8398133748,"f1":0.5024154589,"recall":0.8387096774,"precision":0.3586206897,"roc_auc":0.9270029426}}
{"params":{"max_depth":5,"n_estimators":250},"train":{"accuracy":0.902732946,"f1":0.9102284012,"recall":0.9862276738,"precision":0.8451041859,"roc_auc":0.9498965691},"test":{"accuracy":0.800933126,"f1":0.4710743802,"recall":0.9193548387,"precision":0.3166666667,"roc_auc":0.9121509078}}
{"params":{"max_depth":3,"n_estimators":500},"train":{"accuracy":0.863460297,"f1":0.8750369276,"recall":0.9561007101,"precision":0.8066448802,"roc_auc":0.9214552345},"test":{"accuracy":0.7558320373,"f1":0.4249084249,"recall":0.935483871,"precision":0.2748815166,"roc_auc":0.9054605519}}
{"params":{"max_depth":10,"n_estimators":250},"train":{"accuracy":0.9377017431,"f1":0.9410206784,"recall":0.9939746073,"precision":0.8934235977,"roc_auc":0.9797857419},"test":{"accuracy":0.8398133748,"f1":0.5024154589,"recall":0.8387096774,"precision":0.3586206897,"roc_auc":0.92657265}}
{"params":{"max_depth":5,"n_estimators":500},"train":{"accuracy":0.9026253497,"f1":0.9101558622,"recall":0.9864428664,"precision":0.8448212311,"roc_auc":0.9507687081},"test":{"accuracy":0.8024883359,"f1":0.4773662551,"recall":0.935483871,"precision":0.320441989,"roc_auc":0.914718783}}
{"params":{"max_depth":10,"n_estimators":500},"train":{"accuracy":0.9371637616,"f1":0.940493173,"recall":0.9931138369,"precision":0.8931681827,"roc_auc":0.9803911245},"test":{"accuracy":0.8398133748,"f1":0.5024154589,"recall":0.8387096774,"precision":0.3586206897,"roc_auc":0.9261839987}}
