{"params":{"max_depth":3,"n_estimators":25},"train":{"accuracy":0.8628147192,"f1":0.8745449178,"recall":0.9563159027,"precision":0.8056562727,"roc_auc":0.9088383818},"test":{"accuracy":0.7558320373,"f1":0.4249084249,"recall":0.935483871,"precision":0.2748815166,"roc_auc":0.8924407307}}
{"params":{"max_depth":3,"n_estimators":50},"train":{"accuracy":0.8625995266,"f1":0.874372848,"recall":0.9563159027,"precision":0.8053642624,"roc_auc":0.9095364496},"test":{"accuracy":0.7573872473,"f1":0.4264705882,"recall":0.935483871,"precision":0.2761904762,"roc_auc":0.8914691022}}
{"params":{"max_depth":5,"n_estimators":25},"train":{"accuracy":0.8990746718,"f1":0.9070182395,"recall":0.984506133,"precision":0.8408380812,"roc_auc":0.9478726843},"test":{"accuracy":0.7962674961,"f1":0.4653061224,"recall":0.9193548387,"precision":0.3114754098,"roc_auc":0.900852257}}
{"params":{"max_depth":5,"n_estimators":50},"train":{"accuracy":0.9012265978,"f1":0.9089285714,"recall":0.9857972886,"precision":0.8431805632,"roc_auc":0.9484768861},"test":{"accuracy":0.7978227061,"f1":0.4672131148,"recall":0.9193548387,"precision":0.3131868132,"roc_auc":0.9042251957}}
{"params":{"max_depth":3,"n_estimators":100},"train":{"accuracy":0.8614159673,"f1":0.8731784167,"recall":0.9541639768,"precision":0.8048647667,"roc_auc":0.9115248857},"test":{"accuracy":0.7573872473,"f1":0.4264705882,"recall":0.935483871,"precision":0.2761904762,"roc_auc":0.8933568375}}
{"params":{"max_depth":10,"n_estimators":25},"train":{"accuracy":0.9371637616,"f1":0.94045677,"recall":0.9924682591,"precision":0.8936252664,"roc_auc":0.9722545104},"test":{"accuracy":0.8398133748,"f1":0.5071770335,"recall":0.8548387097,"precision":0.3605442177,"roc_auc":0.920048859}}
{"params":{"max_depth":5,"n_estimators":100},"train":{"accuracy":0.90058102,"f1":0.908406027,"recall":0.9860124812,"precision":0.8421246094,"roc_auc":0.949399269},"test":{"accuracy":0.799377916,"f1":0.4691358025,"recall":0.9193548387,"precision":0.3149171271,"roc_auc":0.9100272056}}
{"params":{"max_depth":10,"n_estimators":50},"train":{"accuracy":0.9375941468,"f1":0.940900754,"recall":0.9935442221,"precision":0.8935552545,"roc_auc":0.9739333553},"test":{"accuracy":0.8413685848,"f1":0.5096153846,"recall":0.8548387097,"precision":0.3630136986,"roc_auc":0.9246293931}}
{"params":{"max_depth":3,"n_estimators":250},"train":{"accuracy":0.8616311599,"f1":0.8733254531,"recall":0.9539487842,"precision":0.8052679382,"roc_auc":0.9119443422},"test":{"accuracy":0.7558320373,"f1":0.4249084249,"recall":0.935483871,"precision":0.2748815166,"roc_auc":0.8962300816}}
{"params":{"max_depth":10,"n_estimators":100},"train":{"accuracy":0.9381321283,"f1":0.9413564508,"recall":0.9931138369,"precision":0.8947266382,"roc_auc":0.9780451686},"test":{"accuracy":0.8398133748,"f1":0.5024154589,"recall":0.8387096774,"precision":0.3586206897,"roc_auc":0.924795958}}
{"params":{"max_depth":5,"n_estimators":250},"train":{"accuracy":0.9019797719,"f1":0.9095602105,"recall":0.9857972886,"precision":0.8442683376,"roc_auc":0.9487393358},"test":{"accuracy":0.800933126,"f1":0.4710743802,"recall":0.9193548387,"precision":0.3166666667,"roc_auc":0.9110821165}}
{"params":{"max_depth":3,"n_estimators":500},"train":{"accuracy":0.8625995266,"f1":0.8742986514,"recall":0.9556703249,"precision":0.8056966618,"roc_auc":0.9211819255},"test":{"accuracy":0.7558320373,"f1":0.4249084249,"recall":0.935483871,"precision":0.2748815166,"roc_auc":0.9024901449}}
{"params":{"max_depth":10,"n_estimators":250},"train":{"accuracy":0.9373789542,"f1":0.9406848757,"recall":0.9931138369,"precision":0.8935140368,"roc_auc":0.9788241593},"test":{"accuracy":0.8398133748,"f1":0.5024154589,"recall":0.8387096774,"precision":0.3586206897,"roc_auc":0.9261007162}}
{"params":{"max_depth":5,"n_estimators":500},"train":{"accuracy":0.9023025608,"f1":0.9098490866,"recall":0.9860124812,"precision":0.8446082949,"roc_auc":0.9506582638},"test":{"accuracy":0.8024883359,"f1":0.4773662551,"recall":0.935483871,"precision":0.320441989,"roc_auc":0.9166759203}}
{"params":{"max_depth":10,"n_estimators":500},"train":{"accuracy":0.9370561653,"f1":0.9403852033,"recall":0.9928986443,"precision":0.8931475029,"roc_auc":0.9786585624},"test":{"accuracy":0.8398133748,"f1":0.5024154589,"recall":0.8387096774,"precision":0.3586206897,"roc_auc":0.9265587696}}
