{"params":{"max_depth":3,"n_estimators":25},"train":{"accuracy":0.8647514526,"f1":0.8759253776,"recall":0.9548095546,"precision":0.8090809628,"roc_auc":0.9067595065},"test":{"accuracy":0.7589424572,"f1":0.4280442804,"recall":0.935483871,"precision":0.2775119617,"roc_auc":0.8926489368}}
{"params":{"max_depth":5,"n_estimators":25},"train":{"accuracy":0.9030557349,"f1":0.9104640763,"recall":0.9857972886,"precision":0.8458271787,"roc_auc":0.9415803268},"test":{"accuracy":0.8055987558,"f1":0.4813278008,"recall":0.935483871,"precision":0.3240223464,"roc_auc":0.8989784021}}
{"params":{"max_depth":3,"n_estimators":50},"train":{"accuracy":0.8630299118,"f1":0.8745442003,"recall":0.9548095546,"precision":0.8067272727,"roc_auc":0.9175737102},"test":{"accuracy":0.7589424572,"f1":0.4280442804,"recall":0.935483871,"precision":0.2775119617,"roc_auc":0.9020320915}}
{"params":{"max_depth":5,"n_estimators":50},"train":{"accuracy":0.9024101571,"f1":0.9099215414,"recall":0.9857972886,"precision":0.8448911841,"roc_auc":0.9428646057},"test":{"accuracy":0.8024883359,"f1":0.4773662551,"recall":0.935483871,"precision":0.320441989,"roc_auc":0.8995752596}}
{"params":{"max_depth":3,"n_estimators":100},"train":{"accuracy":0.8631375081,"f1":0.8747291708,"recall":0.9556703249,"precision":0.8064281823,"roc_auc":0.9177497263},"test":{"accuracy":0.7573872473,"f1":0.4264705882,"recall":0.935483871,"precision":0.2761904762,"roc_auc":0.903142524}}
{"params":{"max_depth":10,"n_estimators":25},"train":{"accuracy":0.9363029912,"f1":0.9397271431,"recall":0.9931138369,"precision":0.8917874396,"roc_auc":0.9703313452},"test":{"accuracy":0.8398133748,"f1":0.5071770335,"recall":0.8548387097,"precision":0.3605442177,"roc_auc":0.9220892788}}
{"params":{"max_depth":5,"n_estimators":100},"train":{"accuracy":0.9025177534,"f1":0.9100297915,"recall":0.9860124812,"precision":0.8449197861,"roc_auc":0.9440705317},"test":{"accuracy":0.800933126,"f1":0.4710743802,"recall":0.9193548387,"precision":0.3166666667,"roc_auc":0.9011715063}}
{"params":{"max_depth":10,"n_estimators":50},"train":{"accuracy":0.9357650097,"f1":0.9392242696,"recall":0.9926834517,"precision":0.8912287481,"roc_auc":0.974611858},"test":{"accuracy":0.8382581649,"f1":0.5094339623,"recall":0.8709677419,"precision":0.36,"roc_auc":0.9226583754}}
{"params":{"max_depth":3,"n_estimators":250},"train":{"accuracy":0.8629223155,"f1":0.8746062992,"recall":0.9561007101,"precision":0.8059132958,"roc_auc":0.9201782723},"test":{"accuracy":0.7573872473,"f1":0.4264705882,"recall":0.935483871,"precision":0.2761904762,"roc_auc":0.9031841652}}
{"params":{"max_depth":10,"n_estimators":100},"train":{"accuracy":0.935872606,"f1":0.9393075356,"recall":0.9924682591,"precision":0.8915522907,"roc_auc":0.9766041839},"test":{"accuracy":0.8398133748,"f1":0.5118483412,"recall":0.8709677419,"precision":0.3624161074,"roc_auc":0.9238659708}}
{"params":{"max_depth":5,"n_estimators":250},"train":{"accuracy":0.9020873682,"f1":0.909632572,"recall":0.985582096,"precision":0.8445509865,"roc_auc":0.9483576433},"test":{"accuracy":0.8024883359,"f1":0.4773662551,"recall":0.935483871,"precision":0.320441989,"roc_auc":0.9095413914}}
{"params":{"max_depth":3,"n_estimators":500},"train":{"accuracy":0.8629223155,"f1":0.8743837507,"recall":0.9541639768,"precision":0.8069153776,"roc_auc":0.9212330726},"test":{"accuracy":0.7573872473,"f1":0.4264705882,"recall":0.935483871,"precision":0.2761904762,"roc_auc":0.9016156793}}
{"params":{"max_depth":10,"n_estimators":250},"train":{"accuracy":0.9366257801,"f1":0.9400264739,"recall":0.9933290295,"precision":0.8921530731,"roc_auc":0.9774729887},"test":{"accuracy":0.8413685848,"f1":0.5096153846,"recall":0.8548387097,"precision":0.3630136986,"roc_auc":0.9249070013}}
{"params":{"max_depth":5,"n_estimators":500},"train":{"accuracy":0.9030557349,"f1":0.9104640763,"recall":0.9857972886,"precision":0.8458271787,"roc_auc":0.950994482},"test":{"accuracy":0.800933126,"f1":0.4710743802,"recall":0.9193548387,"precision":0.3166666667,"roc_auc":0.9146216201}}
{"params":{"max_depth":10,"n_estimators":500},"train":{"accuracy":0.9368409727,"f1":0.9402057655,"recall":0.9931138369,"precision":0.8926499033,"roc_auc":0.9793573942},"test":{"accuracy":0.8398133748,"f1":0.5024154589,"recall":0.8387096774,"precision":0.3586206897,"roc_auc":0.925684304}}
