{"params":{"max_depth":3,"n_estimators":25},"train":{"accuracy":0.929739617,"f1":0.9334013259,"recall":0.9847213256,"precision":0.887165568,"roc_auc":0.9790246723},"test":{"accuracy":0.8460342146,"f1":0.5170731707,"recall":0.8548387097,"precision":0.3706293706,"roc_auc":0.9227832991}}
{"params":{"max_depth":3,"n_estimators":100},"train":{"accuracy":0.9869808479,"f1":0.9871015883,"recall":0.9963417258,"precision":0.9780312632,"roc_auc":0.9995166849},"test":{"accuracy":0.9222395023,"f1":0.6478873239,"recall":0.7419354839,"precision":0.575,"roc_auc":0.9525845317}}
{"params":{"max_depth":3,"n_estimators":50},"train":{"accuracy":0.9655691844,"f1":0.9665201925,"recall":0.9939746073,"precision":0.9405416412,"roc_auc":0.995999696},"test":{"accuracy":0.8958009331,"f1":0.6035502959,"recall":0.8225806452,"precision":0.476635514,"roc_auc":0.9462828272}}
{"params":{"max_depth":5,"n_estimators":25},"train":{"accuracy":0.9753604476,"f1":0.9758617055,"recall":0.9961265332,"precision":0.9564049587,"roc_auc":0.9984622782},"test":{"accuracy":0.9144634526,"f1":0.6496815287,"recall":0.8225806452,"precision":0.5368421053,"roc_auc":0.9448253845}}
{"params":{"max_depth":5,"n_estimators":50},"train":{"accuracy":0.9954809555,"f1":0.9954964615,"recall":0.998924037,"precision":0.9920923274,"roc_auc":0.9999521177},"test":{"accuracy":0.9237947123,"f1":0.637037037,"recall":0.6935483871,"precision":0.5890410959,"roc_auc":0.9532507912}}
{"params":{"max_depth":10,"n_estimators":25},"train":{"accuracy":0.9988164407,"f1":0.9988173315,"recall":0.9995696148,"precision":0.9980661796,"roc_auc":0.9999974531},"test":{"accuracy":0.9206842924,"f1":0.6277372263,"recall":0.6935483871,"precision":0.5733333333,"roc_auc":0.9567208928}}
{"params":{"max_depth":5,"n_estimators":100},"train":{"accuracy":1.0,"f1":1.0,"recall":1.0,"precision":1.0,"roc_auc":1.0},"test":{"accuracy":0.934681182,"f1":0.6557377049,"recall":0.6451612903,"precision":0.6666666667,"roc_auc":0.9579978902}}
{"params":{"max_depth":10,"n_estimators":50},"train":{"accuracy":1.0,"f1":1.0,"recall":1.0,"precision":1.0,"roc_auc":1.0},"test":{"accuracy":0.9377916019,"f1":0.6774193548,"recall":0.6774193548,"precision":0.6774193548,"roc_auc":0.961134862}}
{"params":{"max_depth":3,"n_estimators":250},"train":{"accuracy":0.9997848074,"f1":0.9997848537,"recall":1.0,"precision":0.9995698,"roc_auc":1.0},"test":{"accuracy":0.933125972,"f1":0.6666666667,"recall":0.6935483871,"precision":0.6417910448,"roc_auc":0.9600521903}}
{"params":{"max_depth":10,"n_estimators":100},"train":{"accuracy":1.0,"f1":1.0,"recall":1.0,"precision":1.0,"roc_auc":1.0},"test":{"accuracy":0.9455676516,"f1":0.7107438017,"recall":0.6935483871,"precision":0.7288135593,"roc_auc":0.9614957526}}
{"params":{"max_depth":5,"n_estimators":250},"train":{"accuracy":1.0,"f1":1.0,"recall":1.0,"precision":1.0,"roc_auc":1.0},"test":{"accuracy":0.9393468118,"f1":0.6776859504,"recall":0.6612903226,"precision":0.6949152542,"roc_auc":0.957276109}}
{"params":{"max_depth":3,"n_estimators":500},"train":{"accuracy":1.0,"f1":1.0,"recall":1.0,"precision":1.0,"roc_auc":1.0},"test":{"accuracy":0.9315707621,"f1":0.6451612903,"recall":0.6451612903,"precision":0.6451612903,"roc_auc":0.9591638443}}
{"params":{"max_depth":5,"n_estimators":500},"train":{"accuracy":1.0,"f1":1.0,"recall":1.0,"precision":1.0,"roc_auc":1.0},"test":{"accuracy":0.9377916019,"f1":0.6610169492,"recall":0.6290322581,"precision":0.6964285714,"roc_auc":0.9579701294}}
{"params":{"max_depth":10,"n_estimators":250},"train":{"accuracy":1.0,"f1":1.0,"recall":1.0,"precision":1.0,"roc_auc":1.0},"test":{"accuracy":0.9393468118,"f1":0.6722689076,"recall":0.6451612903,"precision":0.701754386,"roc_auc":0.9607739715}}
{"params":{"max_depth":10,"n_estimators":500},"train":{"accuracy":1.0,"f1":1.0,"recall":1.0,"precision":1.0,"roc_auc":1.0},"test":{"accuracy":0.9393468118,"f1":0.6776859504,"recall":0.6612903226,"precision":0.6949152542,"roc_auc":0.9617455999}}
