{"params":{"max_depth":3},"train":{"accuracy":0.8648345485,"f1":0.8766001024,"recall":0.9601794728,"precision":0.8064060292,"roc_auc":0.9374748552},"test":{"accuracy":0.6639004149,"f1":0.1818181818,"recall":0.5,"precision":0.1111111111,"roc_auc":0.6626806178}}
{"params":{"max_depth":5},"train":{"accuracy":0.9304542905,"f1":0.9336543606,"recall":0.9786876052,"precision":0.8925831202,"roc_auc":0.9805735228},"test":{"accuracy":0.7883817427,"f1":0.1639344262,"recall":0.2777777778,"precision":0.1162790698,"roc_auc":0.6918285999}}
{"params":{"max_depth":3},"train":{"accuracy":0.867638811,"f1":0.8795918367,"recall":0.9669097027,"precision":0.8067384183,"roc_auc":0.940722641},"test":{"accuracy":0.6639004149,"f1":0.1649484536,"recall":0.4444444444,"precision":0.1012658228,"roc_auc":0.6660438465}}
{"params":{"max_depth":5},"train":{"accuracy":0.9338194055,"f1":0.9366272825,"recall":0.9781267527,"precision":0.8985059248,"roc_auc":0.9831327465},"test":{"accuracy":0.7883817427,"f1":0.1639344262,"recall":0.2777777778,"precision":0.1162790698,"roc_auc":0.716118585}}
{"params":{"max_depth":3},"train":{"accuracy":0.8611890073,"f1":0.874715262,"recall":0.9691531127,"precision":0.7970479705,"roc_auc":0.9430390278},"test":{"accuracy":0.6680497925,"f1":0.1666666667,"recall":0.4444444444,"precision":0.1025641026,"roc_auc":0.6616841056}}
{"params":{"max_depth":10},"train":{"accuracy":0.970555244,"f1":0.9711141678,"recall":0.9899046551,"precision":0.9530237581,"roc_auc":0.9974039733},"test":{"accuracy":0.8589211618,"f1":0.2272727273,"recall":0.2777777778,"precision":0.1923076923,"roc_auc":0.6999252616}}
{"params":{"max_depth":5},"train":{"accuracy":0.9340998317,"f1":0.9372161368,"recall":0.9837352776,"precision":0.8948979592,"roc_auc":0.9841575684},"test":{"accuracy":0.7883817427,"f1":0.1904761905,"recall":0.3333333333,"precision":0.1333333333,"roc_auc":0.7078973592}}
{"params":{"max_depth":10},"train":{"accuracy":0.971676949,"f1":0.9721225504,"recall":0.9876612451,"precision":0.9570652174,"roc_auc":0.9977675995},"test":{"accuracy":0.8589211618,"f1":0.2272727273,"recall":0.2777777778,"precision":0.1923076923,"roc_auc":0.74040857}}
{"params":{"max_depth":3},"train":{"accuracy":0.8603477285,"f1":0.8741152679,"recall":0.9697139652,"precision":0.7956741832,"roc_auc":0.9451097468},"test":{"accuracy":0.6763485477,"f1":0.1875,"recall":0.5,"precision":0.1153846154,"roc_auc":0.6591928251}}
{"params":{"max_depth":10},"train":{"accuracy":0.9756029164,"f1":0.9759469173,"recall":0.9899046551,"precision":0.9623773173,"roc_auc":0.9982281087},"test":{"accuracy":0.8630705394,"f1":0.2666666667,"recall":0.3333333333,"precision":0.2222222222,"roc_auc":0.7331838565}}
{"params":{"max_depth":5},"train":{"accuracy":0.933258553,"f1":0.9362955032,"recall":0.9809310151,"precision":0.8955453149,"roc_auc":0.9843400106},"test":{"accuracy":0.7717842324,"f1":0.2028985507,"recall":0.3888888889,"precision":0.137254902,"roc_auc":0.711509716}}
{"params":{"max_depth":3},"train":{"accuracy":0.8614694335,"f1":0.8743641913,"recall":0.9641054403,"precision":0.7999069335,"roc_auc":0.9447604329},"test":{"accuracy":0.6721991701,"f1":0.1855670103,"recall":0.5,"precision":0.1139240506,"roc_auc":0.6659192825}}
{"params":{"max_depth":10},"train":{"accuracy":0.9772854739,"f1":0.9775809577,"recall":0.9904655076,"precision":0.9650273224,"roc_auc":0.9983089495},"test":{"accuracy":0.8630705394,"f1":0.2666666667,"recall":0.3333333333,"precision":0.2222222222,"roc_auc":0.7366716492}}
{"params":{"max_depth":5},"train":{"accuracy":0.9340998317,"f1":0.9370479507,"recall":0.9809310151,"precision":0.8969230769,"roc_auc":0.9843304167},"test":{"accuracy":0.7593360996,"f1":0.1714285714,"recall":0.3333333333,"precision":0.1153846154,"roc_auc":0.7182361734}}
{"params":{"max_depth":10},"train":{"accuracy":0.9770050477,"f1":0.9773230088,"recall":0.9910263601,"precision":0.9639934534,"roc_auc":0.998283156},"test":{"accuracy":0.8630705394,"f1":0.2666666667,"recall":0.3333333333,"precision":0.2222222222,"roc_auc":0.7391629297}}
