{"params":{"max_depth":3},"train":{"accuracy":0.8561413348,"f1":0.8700278693,"recall":0.9629837353,"precision":0.7934380776,"roc_auc":0.9443200552},"test":{"accuracy":0.6763485477,"f1":0.1875,"recall":0.5,"precision":0.1153846154,"roc_auc":0.6885899352}}
{"params":{"max_depth":5},"train":{"accuracy":0.9329781268,"f1":0.9361133387,"recall":0.9820527201,"precision":0.8942798774,"roc_auc":0.9829106703},"test":{"accuracy":0.7883817427,"f1":0.1904761905,"recall":0.3333333333,"precision":0.1333333333,"roc_auc":0.716492277}}
{"params":{"max_depth":3},"train":{"accuracy":0.8606281548,"f1":0.8736975858,"recall":0.9641054403,"precision":0.7987918216,"roc_auc":0.9436634206},"test":{"accuracy":0.6680497925,"f1":0.1666666667,"recall":0.4444444444,"precision":0.1025641026,"roc_auc":0.6651718984}}
{"params":{"max_depth":5},"train":{"accuracy":0.9340998317,"f1":0.9369804237,"recall":0.9798093102,"precision":0.8977389517,"roc_auc":0.9837197071},"test":{"accuracy":0.7925311203,"f1":0.1935483871,"recall":0.3333333333,"precision":0.1363636364,"roc_auc":0.696935725}}
{"params":{"max_depth":3},"train":{"accuracy":0.864273696,"f1":0.8765935747,"recall":0.9641054403,"precision":0.8036465638,"roc_auc":0.9430932887},"test":{"accuracy":0.6680497925,"f1":0.1666666667,"recall":0.4444444444,"precision":0.1025641026,"roc_auc":0.6590682611}}
{"params":{"max_depth":10},"train":{"accuracy":0.9750420639,"f1":0.9754211544,"recall":0.9904655076,"precision":0.9608269859,"roc_auc":0.9981411341},"test":{"accuracy":0.8630705394,"f1":0.2325581395,"recall":0.2777777778,"precision":0.2,"roc_auc":0.7262082711}}
{"params":{"max_depth":5},"train":{"accuracy":0.9329781268,"f1":0.9360449558,"recall":0.9809310151,"precision":0.895087001,"roc_auc":0.983244571},"test":{"accuracy":0.7883817427,"f1":0.1904761905,"recall":0.3333333333,"precision":0.1333333333,"roc_auc":0.7075236672}}
{"params":{"max_depth":10},"train":{"accuracy":0.9758833427,"f1":0.9761904762,"recall":0.9887829501,"precision":0.9639147075,"roc_auc":0.9983119378},"test":{"accuracy":0.867219917,"f1":0.2380952381,"recall":0.2777777778,"precision":0.2083333333,"roc_auc":0.6960637768}}
{"params":{"max_depth":3},"train":{"accuracy":0.8628715648,"f1":0.8754140127,"recall":0.9635445878,"precision":0.802054155,"roc_auc":0.9440673098},"test":{"accuracy":0.6804979253,"f1":0.1720430108,"recall":0.4444444444,"precision":0.1066666667,"roc_auc":0.6569506726}}
{"params":{"max_depth":10},"train":{"accuracy":0.9761637689,"f1":0.9764868603,"recall":0.9899046551,"precision":0.9634279476,"roc_auc":0.9982296815},"test":{"accuracy":0.8589211618,"f1":0.2608695652,"recall":0.3333333333,"precision":0.2142857143,"roc_auc":0.7055306428}}
{"params":{"max_depth":5},"train":{"accuracy":0.9318564218,"f1":0.9350788138,"recall":0.9814918676,"precision":0.8928571429,"roc_auc":0.9836440565},"test":{"accuracy":0.7800829876,"f1":0.2089552239,"recall":0.3888888889,"precision":0.1428571429,"roc_auc":0.6965620329}}
{"params":{"max_depth":3},"train":{"accuracy":0.8606281548,"f1":0.8737617475,"recall":0.9646662928,"precision":0.7985143918,"roc_auc":0.9445388286},"test":{"accuracy":0.6721991701,"f1":0.1684210526,"recall":0.4444444444,"precision":0.1038961039,"roc_auc":0.6604384654}}
{"params":{"max_depth":10},"train":{"accuracy":0.9758833427,"f1":0.976256212,"recall":0.9915872126,"precision":0.9613920609,"roc_auc":0.99826617},"test":{"accuracy":0.8630705394,"f1":0.2325581395,"recall":0.2777777778,"precision":0.2,"roc_auc":0.7125062282}}
{"params":{"max_depth":5},"train":{"accuracy":0.932136848,"f1":0.9353632479,"recall":0.9820527201,"precision":0.8929117797,"roc_auc":0.9836163756},"test":{"accuracy":0.77593361,"f1":0.2058823529,"recall":0.3888888889,"precision":0.14,"roc_auc":0.7025411061}}
{"params":{"max_depth":10},"train":{"accuracy":0.9764441952,"f1":0.9768211921,"recall":0.9927089176,"precision":0.9614340033,"roc_auc":0.9982128528},"test":{"accuracy":0.867219917,"f1":0.2727272727,"recall":0.3333333333,"precision":0.2307692308,"roc_auc":0.7252117588}}
