{"params":{"max_depth":3},"train":{"accuracy":0.8600673023,"f1":0.8721496285,"recall":0.9545709478,"precision":0.8028301887,"roc_auc":0.9377106146},"test":{"accuracy":0.6846473029,"f1":0.1739130435,"recall":0.4444444444,"precision":0.1081081081,"roc_auc":0.6467364225}}
{"params":{"max_depth":5},"train":{"accuracy":0.928771733,"f1":0.93212186,"recall":0.9781267527,"precision":0.8902501276,"roc_auc":0.9840138165},"test":{"accuracy":0.7676348548,"f1":0.1764705882,"recall":0.3333333333,"precision":0.12,"roc_auc":0.6783756851}}
{"params":{"max_depth":3},"train":{"accuracy":0.8651149748,"f1":0.8767614655,"recall":0.9596186203,"precision":0.8070754717,"roc_auc":0.9428959051},"test":{"accuracy":0.6887966805,"f1":0.1935483871,"recall":0.5,"precision":0.12,"roc_auc":0.6656701545}}
{"params":{"max_depth":5},"train":{"accuracy":0.9324172743,"f1":0.9354060574,"recall":0.9786876052,"precision":0.8957905544,"roc_auc":0.9850483896},"test":{"accuracy":0.8174273859,"f1":0.2413793103,"recall":0.3888888889,"precision":0.175,"roc_auc":0.7009217738}}
{"params":{"max_depth":3},"train":{"accuracy":0.8628715648,"f1":0.8752232712,"recall":0.9618620303,"precision":0.8029026217,"roc_auc":0.942011375},"test":{"accuracy":0.6680497925,"f1":0.1836734694,"recall":0.5,"precision":0.1125,"roc_auc":0.6649227703}}
{"params":{"max_depth":10},"train":{"accuracy":0.9713965227,"f1":0.9718853363,"recall":0.9887829501,"precision":0.9555555556,"roc_auc":0.9979393468},"test":{"accuracy":0.8547717842,"f1":0.2553191489,"recall":0.3333333333,"precision":0.2068965517,"roc_auc":0.7100149477}}
{"params":{"max_depth":5},"train":{"accuracy":0.9340998317,"f1":0.9370479507,"recall":0.9809310151,"precision":0.8969230769,"roc_auc":0.9838158038},"test":{"accuracy":0.7800829876,"f1":0.1846153846,"recall":0.3333333333,"precision":0.1276595745,"roc_auc":0.7052815147}}
{"params":{"max_depth":10},"train":{"accuracy":0.9750420639,"f1":0.9754211544,"recall":0.9904655076,"precision":0.9608269859,"roc_auc":0.9981441224},"test":{"accuracy":0.8755186722,"f1":0.2857142857,"recall":0.3333333333,"precision":0.25,"roc_auc":0.7085201794}}
{"params":{"max_depth":3},"train":{"accuracy":0.8606281548,"f1":0.8732466208,"recall":0.9601794728,"precision":0.800748363,"roc_auc":0.943629134},"test":{"accuracy":0.6597510373,"f1":0.18,"recall":0.5,"precision":0.1097560976,"roc_auc":0.663303438}}
{"params":{"max_depth":10},"train":{"accuracy":0.9747616377,"f1":0.9751518498,"recall":0.9904655076,"precision":0.9603045133,"roc_auc":0.9980249059},"test":{"accuracy":0.8589211618,"f1":0.2608695652,"recall":0.3333333333,"precision":0.2142857143,"roc_auc":0.7000498256}}
{"params":{"max_depth":5},"train":{"accuracy":0.9324172743,"f1":0.9355787223,"recall":0.9814918676,"precision":0.8937691522,"roc_auc":0.9839872366},"test":{"accuracy":0.7676348548,"f1":0.2,"recall":0.3888888889,"precision":0.1346153846,"roc_auc":0.7110114599}}
{"params":{"max_depth":3},"train":{"accuracy":0.8628715648,"f1":0.8755408501,"recall":0.9646662928,"precision":0.8014911463,"roc_auc":0.9445732724},"test":{"accuracy":0.6556016598,"f1":0.1616161616,"recall":0.4444444444,"precision":0.0987654321,"roc_auc":0.6605630294}}
{"params":{"max_depth":10},"train":{"accuracy":0.9758833427,"f1":0.9762693157,"recall":0.9921480651,"precision":0.9608908202,"roc_auc":0.9979805535},"test":{"accuracy":0.8713692946,"f1":0.2790697674,"recall":0.3333333333,"precision":0.24,"roc_auc":0.7349277529}}
{"params":{"max_depth":5},"train":{"accuracy":0.9312955693,"f1":0.9345094894,"recall":0.9803701626,"precision":0.8927477017,"roc_auc":0.9837849774},"test":{"accuracy":0.77593361,"f1":0.2058823529,"recall":0.3888888889,"precision":0.14,"roc_auc":0.7060288989}}
{"params":{"max_depth":10},"train":{"accuracy":0.9747616377,"f1":0.9751655629,"recall":0.9910263601,"precision":0.9598044541,"roc_auc":0.9981312256},"test":{"accuracy":0.867219917,"f1":0.2727272727,"recall":0.3333333333,"precision":0.2307692308,"roc_auc":0.7319382162}}
