{"params":{"max_depth":3},"train":{"accuracy":0.8477285474,"f1":0.8610897928,"recall":0.9439147504,"precision":0.7916274694,"roc_auc":0.9372250981},"test":{"accuracy":0.6639004149,"f1":0.1818181818,"recall":0.5,"precision":0.1111111111,"roc_auc":0.6335326358}}
{"params":{"max_depth":5},"train":{"accuracy":0.931015143,"f1":0.9341541756,"recall":0.9786876052,"precision":0.8934971838,"roc_auc":0.9806752815},"test":{"accuracy":0.7800829876,"f1":0.1846153846,"recall":0.3333333333,"precision":0.1276595745,"roc_auc":0.6238166418}}
{"params":{"max_depth":3},"train":{"accuracy":0.863151991,"f1":0.8740320083,"recall":0.9495232754,"precision":0.8096604495,"roc_auc":0.9421244577},"test":{"accuracy":0.6846473029,"f1":0.1914893617,"recall":0.5,"precision":0.1184210526,"roc_auc":0.6474838067}}
{"params":{"max_depth":5},"train":{"accuracy":0.9338194055,"f1":0.9367292225,"recall":0.9798093102,"precision":0.8972778634,"roc_auc":0.9829271845},"test":{"accuracy":0.7800829876,"f1":0.1846153846,"recall":0.3333333333,"precision":0.1276595745,"roc_auc":0.658445441}}
{"params":{"max_depth":3},"train":{"accuracy":0.8656758273,"f1":0.8770218228,"recall":0.9579360628,"precision":0.8087121212,"roc_auc":0.9441199979},"test":{"accuracy":0.6887966805,"f1":0.1935483871,"recall":0.5,"precision":0.12,"roc_auc":0.663428002}}
{"params":{"max_depth":10},"train":{"accuracy":0.9753224902,"f1":0.9756771697,"recall":0.9899046551,"precision":0.961852861,"roc_auc":0.9975038447},"test":{"accuracy":0.8506224066,"f1":0.2173913043,"recall":0.2777777778,"precision":0.1785714286,"roc_auc":0.6309167912}}
{"params":{"max_depth":5},"train":{"accuracy":0.9335389792,"f1":0.9365121886,"recall":0.9803701626,"precision":0.8964102564,"roc_auc":0.9830187201},"test":{"accuracy":0.7717842324,"f1":0.2028985507,"recall":0.3888888889,"precision":0.137254902,"roc_auc":0.687344295}}
{"params":{"max_depth":10},"train":{"accuracy":0.9770050477,"f1":0.9773230088,"recall":0.9910263601,"precision":0.9639934534,"roc_auc":0.9981134533},"test":{"accuracy":0.8713692946,"f1":0.2790697674,"recall":0.3333333333,"precision":0.24,"roc_auc":0.6761335326}}
{"params":{"max_depth":3},"train":{"accuracy":0.8662366798,"f1":0.8775353017,"recall":0.9584969153,"precision":0.8091856061,"roc_auc":0.9449880139},"test":{"accuracy":0.6887966805,"f1":0.1935483871,"recall":0.5,"precision":0.12,"roc_auc":0.6664175386}}
{"params":{"max_depth":10},"train":{"accuracy":0.9781267527,"f1":0.9784053156,"recall":0.9910263601,"precision":0.9661016949,"roc_auc":0.9981260355},"test":{"accuracy":0.8589211618,"f1":0.2608695652,"recall":0.3333333333,"precision":0.2142857143,"roc_auc":0.7102640757}}
{"params":{"max_depth":5},"train":{"accuracy":0.9346606842,"f1":0.9375502546,"recall":0.9809310151,"precision":0.8978439425,"roc_auc":0.9839944714},"test":{"accuracy":0.7800829876,"f1":0.2089552239,"recall":0.3888888889,"precision":0.1428571429,"roc_auc":0.7055306428}}
{"params":{"max_depth":3},"train":{"accuracy":0.8656758273,"f1":0.8774622666,"recall":0.9618620303,"precision":0.8066792098,"roc_auc":0.9449895866},"test":{"accuracy":0.6929460581,"f1":0.1956521739,"recall":0.5,"precision":0.1216216216,"roc_auc":0.6618086697}}
{"params":{"max_depth":10},"train":{"accuracy":0.9784071789,"f1":0.9787234043,"recall":0.9932697701,"precision":0.9645969499,"roc_auc":0.9982372309},"test":{"accuracy":0.8713692946,"f1":0.2790697674,"recall":0.3333333333,"precision":0.24,"roc_auc":0.7242152466}}
{"params":{"max_depth":5},"train":{"accuracy":0.9324172743,"f1":0.9355097672,"recall":0.9803701626,"precision":0.8945752303,"roc_auc":0.984173768},"test":{"accuracy":0.77593361,"f1":0.2058823529,"recall":0.3888888889,"precision":0.14,"roc_auc":0.7007972098}}
{"params":{"max_depth":10},"train":{"accuracy":0.9781267527,"f1":0.9784530387,"recall":0.9932697701,"precision":0.9640718563,"roc_auc":0.99829621},"test":{"accuracy":0.8713692946,"f1":0.2790697674,"recall":0.3333333333,"precision":0.24,"roc_auc":0.7234678625}}
