{"params":{"max_depth":3},"train":{"accuracy":0.8555804823,"f1":0.8682527501,"recall":0.9517666854,"precision":0.7982126058,"roc_auc":0.9401540819},"test":{"accuracy":0.6597510373,"f1":0.1632653061,"recall":0.4444444444,"precision":0.1,"roc_auc":0.6616841056}}
{"params":{"max_depth":5},"train":{"accuracy":0.9326977005,"f1":0.9356568365,"recall":0.9786876052,"precision":0.896250642,"roc_auc":0.9836486176},"test":{"accuracy":0.77593361,"f1":0.1818181818,"recall":0.3333333333,"precision":0.125,"roc_auc":0.6878425511}}
{"params":{"max_depth":3},"train":{"accuracy":0.8628715648,"f1":0.874001546,"recall":0.9512058329,"precision":0.8083889418,"roc_auc":0.9437060428},"test":{"accuracy":0.6804979253,"f1":0.1720430108,"recall":0.4444444444,"precision":0.1066666667,"roc_auc":0.6614349776}}
{"params":{"max_depth":5},"train":{"accuracy":0.9335389792,"f1":0.9365121886,"recall":0.9803701626,"precision":0.8964102564,"roc_auc":0.9841023639},"test":{"accuracy":0.7925311203,"f1":0.1935483871,"recall":0.3333333333,"precision":0.1363636364,"roc_auc":0.6904583956}}
{"params":{"max_depth":3},"train":{"accuracy":0.860908581,"f1":0.8720990201,"recall":0.9484015704,"precision":0.8071599045,"roc_auc":0.9437422167},"test":{"accuracy":0.6639004149,"f1":0.1649484536,"recall":0.4444444444,"precision":0.1012658228,"roc_auc":0.6642999502}}
{"params":{"max_depth":10},"train":{"accuracy":0.9736399327,"f1":0.9740187949,"recall":0.9882220976,"precision":0.9602179837,"roc_auc":0.9979833845},"test":{"accuracy":0.8589211618,"f1":0.2608695652,"recall":0.3333333333,"precision":0.2142857143,"roc_auc":0.7181116094}}
{"params":{"max_depth":5},"train":{"accuracy":0.933258553,"f1":0.936329588,"recall":0.9814918676,"precision":0.895140665,"roc_auc":0.9841610285},"test":{"accuracy":0.77593361,"f1":0.1818181818,"recall":0.3333333333,"precision":0.125,"roc_auc":0.6955655207}}
{"params":{"max_depth":10},"train":{"accuracy":0.9775659002,"f1":0.9778638628,"recall":0.9910263601,"precision":0.9650464227,"roc_auc":0.9980981973},"test":{"accuracy":0.8630705394,"f1":0.2666666667,"recall":0.3333333333,"precision":0.2222222222,"roc_auc":0.7324364723}}
{"params":{"max_depth":3},"train":{"accuracy":0.8597868761,"f1":0.8718605843,"recall":0.9540100953,"precision":0.8027371402,"roc_auc":0.943908302},"test":{"accuracy":0.6804979253,"f1":0.1720430108,"recall":0.4444444444,"precision":0.1066666667,"roc_auc":0.6565769806}}
{"params":{"max_depth":10},"train":{"accuracy":0.9784071789,"f1":0.9786998617,"recall":0.9921480651,"precision":0.9656113537,"roc_auc":0.9983605366},"test":{"accuracy":0.867219917,"f1":0.2727272727,"recall":0.3333333333,"precision":0.2307692308,"roc_auc":0.7269556552}}
{"params":{"max_depth":5},"train":{"accuracy":0.9349411105,"f1":0.9378682378,"recall":0.9820527201,"precision":0.8974884675,"roc_auc":0.9844213232},"test":{"accuracy":0.77593361,"f1":0.1818181818,"recall":0.3333333333,"precision":0.125,"roc_auc":0.6963129048}}
{"params":{"max_depth":3},"train":{"accuracy":0.8628715648,"f1":0.8750319448,"recall":0.9601794728,"precision":0.8037558685,"roc_auc":0.9446709419},"test":{"accuracy":0.6846473029,"f1":0.1739130435,"recall":0.4444444444,"precision":0.1081081081,"roc_auc":0.6590682611}}
{"params":{"max_depth":10},"train":{"accuracy":0.9775659002,"f1":0.9778638628,"recall":0.9910263601,"precision":0.9650464227,"roc_auc":0.9983083204},"test":{"accuracy":0.8630705394,"f1":0.2666666667,"recall":0.3333333333,"precision":0.2222222222,"roc_auc":0.7314399601}}
{"params":{"max_depth":5},"train":{"accuracy":0.9340998317,"f1":0.9370142053,"recall":0.9803701626,"precision":0.8973305955,"roc_auc":0.9844392529},"test":{"accuracy":0.7800829876,"f1":0.2089552239,"recall":0.3888888889,"precision":0.1428571429,"roc_auc":0.6995515695}}
{"params":{"max_depth":10},"train":{"accuracy":0.9781267527,"f1":0.9784172662,"recall":0.9915872126,"precision":0.9655925724,"roc_auc":0.9983470107},"test":{"accuracy":0.8713692946,"f1":0.2790697674,"recall":0.3333333333,"precision":0.24,"roc_auc":0.7304434479}}
