{"params":{"max_depth":5},"train":{"accuracy":0.9774703557,"f1":0.8843813387,"recall":0.9316239316,"precision":0.8416988417,"roc_auc":0.992867566},"test":{"accuracy":0.9525316456,"f1":0.7540983607,"recall":0.7931034483,"precision":0.71875,"roc_auc":0.9819175778}}
{"params":{"max_depth":3},"train":{"accuracy":0.9683794466,"f1":0.8418972332,"recall":0.9102564103,"precision":0.7830882353,"roc_auc":0.9809097576},"test":{"accuracy":0.9556962025,"f1":0.78125,"recall":0.8620689655,"precision":0.7142857143,"roc_auc":0.976450799}}
{"params":{"max_depth":3},"train":{"accuracy":0.9683794466,"f1":0.8418972332,"recall":0.9102564103,"precision":0.7830882353,"roc_auc":0.9836374669},"test":{"accuracy":0.9556962025,"f1":0.78125,"recall":0.8620689655,"precision":0.7142857143,"roc_auc":0.9760302775}}
{"params":{"max_depth":5},"train":{"accuracy":0.9778656126,"f1":0.8857142857,"recall":0.9273504274,"precision":0.84765625,"roc_auc":0.9937944846},"test":{"accuracy":0.9525316456,"f1":0.7540983607,"recall":0.7931034483,"precision":0.71875,"roc_auc":0.9826384717}}
{"params":{"max_depth":10},"train":{"accuracy":0.9873517787,"f1":0.9330543933,"recall":0.952991453,"precision":0.9139344262,"roc_auc":0.9984430373},"test":{"accuracy":0.9556962025,"f1":0.7666666667,"recall":0.7931034483,"precision":0.7419354839,"roc_auc":0.9855220473}}
{"params":{"max_depth":3},"train":{"accuracy":0.9683794466,"f1":0.8418972332,"recall":0.9102564103,"precision":0.7830882353,"roc_auc":0.9840683537},"test":{"accuracy":0.9556962025,"f1":0.78125,"recall":0.8620689655,"precision":0.7142857143,"roc_auc":0.9768713204}}
{"params":{"max_depth":10},"train":{"accuracy":0.9873517787,"f1":0.9324894515,"recall":0.9444444444,"precision":0.9208333333,"roc_auc":0.9985193499},"test":{"accuracy":0.9556962025,"f1":0.7666666667,"recall":0.7931034483,"precision":0.7419354839,"roc_auc":0.9840802595}}
{"params":{"max_depth":5},"train":{"accuracy":0.9774703557,"f1":0.883910387,"recall":0.9273504274,"precision":0.8443579767,"roc_auc":0.9941350993},"test":{"accuracy":0.9556962025,"f1":0.7741935484,"recall":0.8275862069,"precision":0.7272727273,"roc_auc":0.9820978013}}
{"params":{"max_depth":10},"train":{"accuracy":0.9889328063,"f1":0.9414225941,"recall":0.9615384615,"precision":0.9221311475,"roc_auc":0.998503529},"test":{"accuracy":0.9588607595,"f1":0.7868852459,"recall":0.8275862069,"precision":0.75,"roc_auc":0.9854619728}}
{"params":{"max_depth":3},"train":{"accuracy":0.9683794466,"f1":0.8418972332,"recall":0.9102564103,"precision":0.7830882353,"roc_auc":0.9849608386},"test":{"accuracy":0.9556962025,"f1":0.78125,"recall":0.8620689655,"precision":0.7142857143,"roc_auc":0.9776522888}}
{"params":{"max_depth":5},"train":{"accuracy":0.9782608696,"f1":0.8875255624,"recall":0.9273504274,"precision":0.8509803922,"roc_auc":0.9945399282},"test":{"accuracy":0.9556962025,"f1":0.7741935484,"recall":0.8275862069,"precision":0.7272727273,"roc_auc":0.9824582482}}
{"params":{"max_depth":10},"train":{"accuracy":0.9889328063,"f1":0.9414225941,"recall":0.9615384615,"precision":0.9221311475,"roc_auc":0.9985407546},"test":{"accuracy":0.9588607595,"f1":0.7868852459,"recall":0.8275862069,"precision":0.75,"roc_auc":0.9855821218}}
{"params":{"max_depth":3},"train":{"accuracy":0.9683794466,"f1":0.8418972332,"recall":0.9102564103,"precision":0.7830882353,"roc_auc":0.9855694779},"test":{"accuracy":0.9556962025,"f1":0.78125,"recall":0.8620689655,"precision":0.7142857143,"roc_auc":0.9774119909}}
{"params":{"max_depth":5},"train":{"accuracy":0.9786561265,"f1":0.8897959184,"recall":0.9316239316,"precision":0.8515625,"roc_auc":0.9946879002},"test":{"accuracy":0.9556962025,"f1":0.7741935484,"recall":0.8275862069,"precision":0.7272727273,"roc_auc":0.9825783972}}
{"params":{"max_depth":10},"train":{"accuracy":0.9881422925,"f1":0.9369747899,"recall":0.952991453,"precision":0.9214876033,"roc_auc":0.9985537836},"test":{"accuracy":0.9556962025,"f1":0.7666666667,"recall":0.7931034483,"precision":0.7419354839,"roc_auc":0.9852216749}}
