{"params":{"max_depth":3,"n_estimators":25},"train":{"accuracy":0.9555749129,"f1":0.9547069272,"recall":0.9364111498,"precision":0.9737318841,"roc_auc":0.9815173374},"test":{"accuracy":0.9556962025,"f1":0.78125,"recall":0.8620689655,"precision":0.7142857143,"roc_auc":0.9524810765}}
{"params":{"max_depth":5,"n_estimators":25},"train":{"accuracy":0.9695121951,"f1":0.9691629956,"recall":0.9581881533,"precision":0.9803921569,"roc_auc":0.9943780996},"test":{"accuracy":0.9525316456,"f1":0.7619047619,"recall":0.8275862069,"precision":0.7058823529,"roc_auc":0.9797548961}}
{"params":{"max_depth":5,"n_estimators":50},"train":{"accuracy":0.9699477352,"f1":0.9695498676,"recall":0.9568815331,"precision":0.9825581395,"roc_auc":0.9943955516},"test":{"accuracy":0.9525316456,"f1":0.7540983607,"recall":0.7931034483,"precision":0.71875,"roc_auc":0.9806560135}}
{"params":{"max_depth":3,"n_estimators":50},"train":{"accuracy":0.9610191638,"f1":0.9604769265,"recall":0.9472996516,"precision":0.974025974,"roc_auc":0.9817705804},"test":{"accuracy":0.9556962025,"f1":0.78125,"recall":0.8620689655,"precision":0.7142857143,"roc_auc":0.9523609276}}
{"params":{"max_depth":10,"n_estimators":25},"train":{"accuracy":0.9880226481,"f1":0.9880356754,"recall":0.9891114983,"precision":0.9869621904,"roc_auc":0.9991740673},"test":{"accuracy":0.9588607595,"f1":0.8,"recall":0.8965517241,"precision":0.7222222222,"roc_auc":0.9845608555}}
{"params":{"max_depth":3,"n_estimators":100},"train":{"accuracy":0.9610191638,"f1":0.9604769265,"recall":0.9472996516,"precision":0.974025974,"roc_auc":0.9828981284},"test":{"accuracy":0.9556962025,"f1":0.78125,"recall":0.8620689655,"precision":0.7142857143,"roc_auc":0.9579478553}}
{"params":{"max_depth":10,"n_estimators":50},"train":{"accuracy":0.9886759582,"f1":0.9886808881,"recall":0.9891114983,"precision":0.9882506527,"roc_auc":0.9991875357},"test":{"accuracy":0.9651898734,"f1":0.8253968254,"recall":0.8965517241,"precision":0.7647058824,"roc_auc":0.9855821218}}
{"params":{"max_depth":5,"n_estimators":100},"train":{"accuracy":0.9703832753,"f1":0.9699911739,"recall":0.9573170732,"precision":0.9830053667,"roc_auc":0.9951349833},"test":{"accuracy":0.9525316456,"f1":0.7540983607,"recall":0.7931034483,"precision":0.71875,"roc_auc":0.9825783972}}
{"params":{"max_depth":3,"n_estimators":250},"train":{"accuracy":0.962543554,"f1":0.9620811287,"recall":0.9503484321,"precision":0.9741071429,"roc_auc":0.9866959202},"test":{"accuracy":0.9556962025,"f1":0.78125,"recall":0.8620689655,"precision":0.7142857143,"roc_auc":0.9590291962}}
{"params":{"max_depth":10,"n_estimators":100},"train":{"accuracy":0.9884581882,"f1":0.9884657236,"recall":0.9891114983,"precision":0.9878207916,"roc_auc":0.9992250953},"test":{"accuracy":0.9651898734,"f1":0.8253968254,"recall":0.8965517241,"precision":0.7647058824,"roc_auc":0.9863030157}}
{"params":{"max_depth":5,"n_estimators":250},"train":{"accuracy":0.9714721254,"f1":0.9711135612,"recall":0.9590592334,"precision":0.9834747655,"roc_auc":0.99522101},"test":{"accuracy":0.9525316456,"f1":0.7540983607,"recall":0.7931034483,"precision":0.71875,"roc_auc":0.9834795146}}
{"params":{"max_depth":3,"n_estimators":500},"train":{"accuracy":0.9612369338,"f1":0.9607064018,"recall":0.9477351916,"precision":0.9740376007,"roc_auc":0.9867330056},"test":{"accuracy":0.9556962025,"f1":0.78125,"recall":0.8620689655,"precision":0.7142857143,"roc_auc":0.9581280788}}
{"params":{"max_depth":10,"n_estimators":250},"train":{"accuracy":0.9899825784,"f1":0.9899869395,"recall":0.9904181185,"precision":0.9895561358,"roc_auc":0.9992503248},"test":{"accuracy":0.9588607595,"f1":0.7868852459,"recall":0.8275862069,"precision":0.75,"roc_auc":0.9849813769}}
{"params":{"max_depth":5,"n_estimators":500},"train":{"accuracy":0.9716898955,"f1":0.971353019,"recall":0.9599303136,"precision":0.9830508475,"roc_auc":0.9955469063},"test":{"accuracy":0.9525316456,"f1":0.7540983607,"recall":0.7931034483,"precision":0.71875,"roc_auc":0.9831190676}}
{"params":{"max_depth":10,"n_estimators":500},"train":{"accuracy":0.9902003484,"f1":0.9902067465,"recall":0.9908536585,"precision":0.9895606786,"roc_auc":0.9992630343},"test":{"accuracy":0.9620253165,"f1":0.8064516129,"recall":0.8620689655,"precision":0.7575757576,"roc_auc":0.9853418239}}
