{"params":{"max_depth":3,"n_estimators":25},"train":{"accuracy":0.962761324,"f1":0.9623098964,"recall":0.9507839721,"precision":0.974118697,"roc_auc":0.9821017881},"test":{"accuracy":0.9556962025,"f1":0.78125,"recall":0.8620689655,"precision":0.7142857143,"roc_auc":0.9561456206}}
{"params":{"max_depth":5,"n_estimators":25},"train":{"accuracy":0.9690766551,"f1":0.968722467,"recall":0.9577526132,"precision":0.9799465241,"roc_auc":0.9944611861},"test":{"accuracy":0.9556962025,"f1":0.7741935484,"recall":0.8275862069,"precision":0.7272727273,"roc_auc":0.9835996636}}
{"params":{"max_depth":3,"n_estimators":50},"train":{"accuracy":0.9610191638,"f1":0.9604769265,"recall":0.9472996516,"precision":0.974025974,"roc_auc":0.986552321},"test":{"accuracy":0.9556962025,"f1":0.78125,"recall":0.8620689655,"precision":0.7142857143,"roc_auc":0.9608915055}}
{"params":{"max_depth":5,"n_estimators":50},"train":{"accuracy":0.9716898955,"f1":0.971353019,"recall":0.9599303136,"precision":0.9830508475,"roc_auc":0.9944822423},"test":{"accuracy":0.9556962025,"f1":0.7741935484,"recall":0.8275862069,"precision":0.7272727273,"roc_auc":0.9836597381}}
{"params":{"max_depth":3,"n_estimators":100},"train":{"accuracy":0.9612369338,"f1":0.9607064018,"recall":0.9477351916,"precision":0.9740376007,"roc_auc":0.9867436285},"test":{"accuracy":0.9556962025,"f1":0.78125,"recall":0.8620689655,"precision":0.7142857143,"roc_auc":0.956686291}}
{"params":{"max_depth":10,"n_estimators":25},"train":{"accuracy":0.9899825784,"f1":0.9899738448,"recall":0.9891114983,"precision":0.9908376963,"roc_auc":0.9992129548},"test":{"accuracy":0.9620253165,"f1":0.8064516129,"recall":0.8620689655,"precision":0.7575757576,"roc_auc":0.9867836117}}
{"params":{"max_depth":5,"n_estimators":100},"train":{"accuracy":0.9725609756,"f1":0.9722589168,"recall":0.9616724739,"precision":0.9830810329,"roc_auc":0.9946364644},"test":{"accuracy":0.9525316456,"f1":0.7540983607,"recall":0.7931034483,"precision":0.71875,"roc_auc":0.9835395891}}
{"params":{"max_depth":10,"n_estimators":50},"train":{"accuracy":0.9902003484,"f1":0.990193942,"recall":0.9895470383,"precision":0.9908416921,"roc_auc":0.9992004349},"test":{"accuracy":0.9620253165,"f1":0.8064516129,"recall":0.8620689655,"precision":0.7575757576,"roc_auc":0.9852817494}}
{"params":{"max_depth":3,"n_estimators":250},"train":{"accuracy":0.9610191638,"f1":0.9604769265,"recall":0.9472996516,"precision":0.974025974,"roc_auc":0.9867707549},"test":{"accuracy":0.9556962025,"f1":0.78125,"recall":0.8620689655,"precision":0.7142857143,"roc_auc":0.9580680043}}
{"params":{"max_depth":10,"n_estimators":100},"train":{"accuracy":0.9899825784,"f1":0.9899782135,"recall":0.9895470383,"precision":0.9904097646,"roc_auc":0.9992559208},"test":{"accuracy":0.9620253165,"f1":0.8064516129,"recall":0.8620689655,"precision":0.7575757576,"roc_auc":0.9853418239}}
{"params":{"max_depth":5,"n_estimators":250},"train":{"accuracy":0.9725609756,"f1":0.972246696,"recall":0.9612369338,"precision":0.9835115865,"roc_auc":0.9951752935},"test":{"accuracy":0.9525316456,"f1":0.7540983607,"recall":0.7931034483,"precision":0.71875,"roc_auc":0.9833593656}}
{"params":{"max_depth":3,"n_estimators":500},"train":{"accuracy":0.9610191638,"f1":0.9604769265,"recall":0.9472996516,"precision":0.974025974,"roc_auc":0.9866772352},"test":{"accuracy":0.9556962025,"f1":0.78125,"recall":0.8620689655,"precision":0.7142857143,"roc_auc":0.9547639072}}
{"params":{"max_depth":10,"n_estimators":250},"train":{"accuracy":0.9897648084,"f1":0.989762579,"recall":0.9895470383,"precision":0.9899782135,"roc_auc":0.9992526011},"test":{"accuracy":0.9620253165,"f1":0.8064516129,"recall":0.8620689655,"precision":0.7575757576,"roc_auc":0.9855821218}}
{"params":{"max_depth":5,"n_estimators":500},"train":{"accuracy":0.9719076655,"f1":0.9715671148,"recall":0.9599303136,"precision":0.9834895136,"roc_auc":0.9955434918},"test":{"accuracy":0.9525316456,"f1":0.7540983607,"recall":0.7931034483,"precision":0.71875,"roc_auc":0.9831190676}}
{"params":{"max_depth":10,"n_estimators":500},"train":{"accuracy":0.9902003484,"f1":0.990202482,"recall":0.9904181185,"precision":0.9899869395,"roc_auc":0.9992406503},"test":{"accuracy":0.9620253165,"f1":0.8064516129,"recall":0.8620689655,"precision":0.7575757576,"roc_auc":0.9853418239}}
