{"params":{"max_depth":5},"train":{"accuracy":0.9695121951,"f1":0.9691901408,"recall":0.9590592334,"precision":0.9795373665,"roc_auc":0.9947780718},"test":{"accuracy":0.9556962025,"f1":0.78125,"recall":0.8620689655,"precision":0.7142857143,"roc_auc":0.9809563859}}
{"params":{"max_depth":3},"train":{"accuracy":0.9555749129,"f1":0.9547069272,"recall":0.9364111498,"precision":0.9737318841,"roc_auc":0.982404921},"test":{"accuracy":0.9556962025,"f1":0.78125,"recall":0.8620689655,"precision":0.7142857143,"roc_auc":0.952901598}}
{"params":{"max_depth":3},"train":{"accuracy":0.9555749129,"f1":0.9547069272,"recall":0.9364111498,"precision":0.9737318841,"roc_auc":0.9823089352},"test":{"accuracy":0.9556962025,"f1":0.78125,"recall":0.8620689655,"precision":0.7142857143,"roc_auc":0.9504385438}}
{"params":{"max_depth":5},"train":{"accuracy":0.9706010453,"f1":0.970257766,"recall":0.9590592334,"precision":0.9817209095,"roc_auc":0.9948737731},"test":{"accuracy":0.9556962025,"f1":0.7741935484,"recall":0.8275862069,"precision":0.7272727273,"roc_auc":0.9811366094}}
{"params":{"max_depth":10},"train":{"accuracy":0.9906358885,"f1":0.9906460735,"recall":0.9917247387,"precision":0.9895697523,"roc_auc":0.9994380281},"test":{"accuracy":0.9588607595,"f1":0.7868852459,"recall":0.8275862069,"precision":0.75,"roc_auc":0.9850414514}}
{"params":{"max_depth":3},"train":{"accuracy":0.9555749129,"f1":0.9547069272,"recall":0.9364111498,"precision":0.9737318841,"roc_auc":0.9826133011},"test":{"accuracy":0.9556962025,"f1":0.78125,"recall":0.8620689655,"precision":0.7142857143,"roc_auc":0.9543433858}}
{"params":{"max_depth":10},"train":{"accuracy":0.9904181185,"f1":0.9904347826,"recall":0.9921602787,"precision":0.9887152778,"roc_auc":0.9994377436},"test":{"accuracy":0.9620253165,"f1":0.8064516129,"recall":0.8620689655,"precision":0.7575757576,"roc_auc":0.9854619728}}
{"params":{"max_depth":5},"train":{"accuracy":0.9710365854,"f1":0.9706725469,"recall":0.9586236934,"precision":0.9830281376,"roc_auc":0.9952850321},"test":{"accuracy":0.9556962025,"f1":0.7741935484,"recall":0.8275862069,"precision":0.7272727273,"roc_auc":0.9823981737}}
{"params":{"max_depth":3},"train":{"accuracy":0.9555749129,"f1":0.9547069272,"recall":0.9364111498,"precision":0.9737318841,"roc_auc":0.9827474156},"test":{"accuracy":0.9556962025,"f1":0.78125,"recall":0.8620689655,"precision":0.7142857143,"roc_auc":0.9551243542}}
{"params":{"max_depth":10},"train":{"accuracy":0.9906358885,"f1":0.9906542056,"recall":0.9925958188,"precision":0.9887201735,"roc_auc":0.9994356569},"test":{"accuracy":0.9651898734,"f1":0.8253968254,"recall":0.8965517241,"precision":0.7647058824,"roc_auc":0.9861828668}}
{"params":{"max_depth":5},"train":{"accuracy":0.9721254355,"f1":0.9718185821,"recall":0.9612369338,"precision":0.982635797,"roc_auc":0.9952762113},"test":{"accuracy":0.9556962025,"f1":0.7741935484,"recall":0.8275862069,"precision":0.7272727273,"roc_auc":0.9831190676}}
{"params":{"max_depth":3},"train":{"accuracy":0.9555749129,"f1":0.9547069272,"recall":0.9364111498,"precision":0.9737318841,"roc_auc":0.9874523296},"test":{"accuracy":0.9556962025,"f1":0.78125,"recall":0.8620689655,"precision":0.7142857143,"roc_auc":0.9558452481}}
{"params":{"max_depth":10},"train":{"accuracy":0.9908536585,"f1":0.9908655937,"recall":0.9921602787,"precision":0.9895742832,"roc_auc":0.9994045469},"test":{"accuracy":0.9620253165,"f1":0.8064516129,"recall":0.8620689655,"precision":0.7575757576,"roc_auc":0.9860627178}}
{"params":{"max_depth":5},"train":{"accuracy":0.9716898955,"f1":0.971353019,"recall":0.9599303136,"precision":0.9830508475,"roc_auc":0.9956063757},"test":{"accuracy":0.9556962025,"f1":0.7741935484,"recall":0.8275862069,"precision":0.7272727273,"roc_auc":0.9836597381}}
{"params":{"max_depth":10},"train":{"accuracy":0.9908536585,"f1":0.9908616188,"recall":0.9917247387,"precision":0.99,"roc_auc":0.9994312939},"test":{"accuracy":0.9620253165,"f1":0.8064516129,"recall":0.8620689655,"precision":0.7575757576,"roc_auc":0.9854619728}}
