{"params":{"max_depth":3},"train":{"accuracy":0.9691699605,"f1":0.8452380952,"recall":0.9102564103,"precision":0.7888888889,"roc_auc":0.9837444906},"test":{"accuracy":0.9588607595,"f1":0.7936507937,"recall":0.8620689655,"precision":0.7352941176,"roc_auc":0.9777123633}}
{"params":{"max_depth":5},"train":{"accuracy":0.9790513834,"f1":0.893360161,"recall":0.9487179487,"precision":0.8441064639,"roc_auc":0.9943147131},"test":{"accuracy":0.9556962025,"f1":0.7741935484,"recall":0.8275862069,"precision":0.7272727273,"roc_auc":0.9828787697}}
{"params":{"max_depth":3},"train":{"accuracy":0.9683794466,"f1":0.8418972332,"recall":0.9102564103,"precision":0.7830882353,"roc_auc":0.9838710578},"test":{"accuracy":0.9556962025,"f1":0.78125,"recall":0.8620689655,"precision":0.7142857143,"roc_auc":0.9767511715}}
{"params":{"max_depth":5},"train":{"accuracy":0.9778656126,"f1":0.8852459016,"recall":0.9230769231,"precision":0.8503937008,"roc_auc":0.9943752047},"test":{"accuracy":0.9525316456,"f1":0.7540983607,"recall":0.7931034483,"precision":0.71875,"roc_auc":0.9813769074}}
{"params":{"max_depth":10},"train":{"accuracy":0.9877470356,"f1":0.9347368421,"recall":0.9487179487,"precision":0.9211618257,"roc_auc":0.9984951532},"test":{"accuracy":0.9588607595,"f1":0.7796610169,"recall":0.7931034483,"precision":0.7666666667,"roc_auc":0.9842004085}}
{"params":{"max_depth":3},"train":{"accuracy":0.9687747036,"f1":0.8435643564,"recall":0.9102564103,"precision":0.7859778598,"roc_auc":0.9842461062},"test":{"accuracy":0.9556962025,"f1":0.78125,"recall":0.8620689655,"precision":0.7142857143,"roc_auc":0.976090352}}
{"params":{"max_depth":10},"train":{"accuracy":0.9861660079,"f1":0.9260042283,"recall":0.9358974359,"precision":0.9163179916,"roc_auc":0.9984383841},"test":{"accuracy":0.9525316456,"f1":0.7457627119,"recall":0.7586206897,"precision":0.7333333333,"roc_auc":0.984020185}}
{"params":{"max_depth":5},"train":{"accuracy":0.9782608696,"f1":0.8875255624,"recall":0.9273504274,"precision":0.8509803922,"roc_auc":0.994607865},"test":{"accuracy":0.9556962025,"f1":0.7741935484,"recall":0.8275862069,"precision":0.7272727273,"roc_auc":0.9817373543}}
{"params":{"max_depth":10},"train":{"accuracy":0.9881422925,"f1":0.9367088608,"recall":0.9487179487,"precision":0.925,"roc_auc":0.9986077608},"test":{"accuracy":0.9588607595,"f1":0.7868852459,"recall":0.8275862069,"precision":0.75,"roc_auc":0.984380632}}
{"params":{"max_depth":3},"train":{"accuracy":0.9687747036,"f1":0.8435643564,"recall":0.9102564103,"precision":0.7859778598,"roc_auc":0.9848389246},"test":{"accuracy":0.9556962025,"f1":0.78125,"recall":0.8620689655,"precision":0.7142857143,"roc_auc":0.9771716929}}
{"params":{"max_depth":5},"train":{"accuracy":0.9782608696,"f1":0.8875255624,"recall":0.9273504274,"precision":0.8509803922,"roc_auc":0.9944896736},"test":{"accuracy":0.9556962025,"f1":0.7741935484,"recall":0.8275862069,"precision":0.7272727273,"roc_auc":0.9829388442}}
{"params":{"max_depth":10},"train":{"accuracy":0.9889328063,"f1":0.9414225941,"recall":0.9615384615,"precision":0.9221311475,"roc_auc":0.9985686739},"test":{"accuracy":0.9588607595,"f1":0.7868852459,"recall":0.8275862069,"precision":0.75,"roc_auc":0.984260483}}
{"params":{"max_depth":3},"train":{"accuracy":0.9687747036,"f1":0.8435643564,"recall":0.9102564103,"precision":0.7859778598,"roc_auc":0.9847923926},"test":{"accuracy":0.9556962025,"f1":0.78125,"recall":0.8620689655,"precision":0.7142857143,"roc_auc":0.9768112459}}
{"params":{"max_depth":10},"train":{"accuracy":0.9881422925,"f1":0.9369747899,"recall":0.952991453,"precision":0.9214876033,"roc_auc":0.99856309},"test":{"accuracy":0.9588607595,"f1":0.7868852459,"recall":0.8275862069,"precision":0.75,"roc_auc":0.9848612279}}
{"params":{"max_depth":5},"train":{"accuracy":0.9782608696,"f1":0.8875255624,"recall":0.9273504274,"precision":0.8509803922,"roc_auc":0.9944971187},"test":{"accuracy":0.9556962025,"f1":0.7741935484,"recall":0.8275862069,"precision":0.7272727273,"roc_auc":0.9823380992}}
