{"params":{"max_depth":3,"n_estimators":25},"train":{"accuracy":0.962325784,"f1":0.9618522602,"recall":0.949912892,"precision":0.9740955784,"roc_auc":0.9812201799},"test":{"accuracy":0.9556962025,"f1":0.78125,"recall":0.8620689655,"precision":0.7142857143,"roc_auc":0.9482758621}}
{"params":{"max_depth":5,"n_estimators":25},"train":{"accuracy":0.9727787456,"f1":0.972485142,"recall":0.9621080139,"precision":0.9830885625,"roc_auc":0.9945968181},"test":{"accuracy":0.9525316456,"f1":0.7540983607,"recall":0.7931034483,"precision":0.71875,"roc_auc":0.9831791421}}
{"params":{"max_depth":5,"n_estimators":50},"train":{"accuracy":0.9714721254,"f1":0.9711135612,"recall":0.9590592334,"precision":0.9834747655,"roc_auc":0.9947745625},"test":{"accuracy":0.9525316456,"f1":0.7540983607,"recall":0.7931034483,"precision":0.71875,"roc_auc":0.984020185}}
{"params":{"max_depth":3,"n_estimators":50},"train":{"accuracy":0.962325784,"f1":0.9618522602,"recall":0.949912892,"precision":0.9740955784,"roc_auc":0.9866888066},"test":{"accuracy":0.9556962025,"f1":0.78125,"recall":0.8620689655,"precision":0.7142857143,"roc_auc":0.9584284513}}
{"params":{"max_depth":10,"n_estimators":25},"train":{"accuracy":0.9895470383,"f1":0.989551589,"recall":0.9899825784,"precision":0.9891209748,"roc_auc":0.9992622756},"test":{"accuracy":0.9588607595,"f1":0.7868852459,"recall":0.8275862069,"precision":0.75,"roc_auc":0.9866033882}}
{"params":{"max_depth":3,"n_estimators":100},"train":{"accuracy":0.962543554,"f1":0.9620811287,"recall":0.9503484321,"precision":0.9741071429,"roc_auc":0.9869098015},"test":{"accuracy":0.9556962025,"f1":0.78125,"recall":0.8620689655,"precision":0.7142857143,"roc_auc":0.9586687492}}
{"params":{"max_depth":10,"n_estimators":50},"train":{"accuracy":0.9897648084,"f1":0.9897670368,"recall":0.9899825784,"precision":0.989551589,"roc_auc":0.9993054312},"test":{"accuracy":0.9651898734,"f1":0.8253968254,"recall":0.8965517241,"precision":0.7647058824,"roc_auc":0.9855821218}}
{"params":{"max_depth":5,"n_estimators":100},"train":{"accuracy":0.9727787456,"f1":0.9724730236,"recall":0.9616724739,"precision":0.983518931,"roc_auc":0.9952436786},"test":{"accuracy":0.9525316456,"f1":0.7540983607,"recall":0.7931034483,"precision":0.71875,"roc_auc":0.9832992911}}
{"params":{"max_depth":10,"n_estimators":100},"train":{"accuracy":0.9893292683,"f1":0.989336235,"recall":0.9899825784,"precision":0.9886907351,"roc_auc":0.9992814348},"test":{"accuracy":0.9620253165,"f1":0.8064516129,"recall":0.8620689655,"precision":0.7575757576,"roc_auc":0.9855821218}}
{"params":{"max_depth":3,"n_estimators":250},"train":{"accuracy":0.9616724739,"f1":0.9611650485,"recall":0.9486062718,"precision":0.9740608229,"roc_auc":0.9869607346},"test":{"accuracy":0.9556962025,"f1":0.78125,"recall":0.8620689655,"precision":0.7142857143,"roc_auc":0.9594497176}}
{"params":{"max_depth":5,"n_estimators":250},"train":{"accuracy":0.9723432056,"f1":0.9720202688,"recall":0.9608013937,"precision":0.9835042354,"roc_auc":0.9954127918},"test":{"accuracy":0.9525316456,"f1":0.7540983607,"recall":0.7931034483,"precision":0.71875,"roc_auc":0.9832992911}}
{"params":{"max_depth":3,"n_estimators":500},"train":{"accuracy":0.9610191638,"f1":0.9604769265,"recall":0.9472996516,"precision":0.974025974,"roc_auc":0.9866926005},"test":{"accuracy":0.9556962025,"f1":0.78125,"recall":0.8620689655,"precision":0.7142857143,"roc_auc":0.9575273339}}
{"params":{"max_depth":10,"n_estimators":250},"train":{"accuracy":0.9902003484,"f1":0.990202482,"recall":0.9904181185,"precision":0.9899869395,"roc_auc":0.9992673973},"test":{"accuracy":0.9620253165,"f1":0.8064516129,"recall":0.8620689655,"precision":0.7575757576,"roc_auc":0.9852216749}}
{"params":{"max_depth":5,"n_estimators":500},"train":{"accuracy":0.9725609756,"f1":0.972246696,"recall":0.9612369338,"precision":0.9835115865,"roc_auc":0.9953680238},"test":{"accuracy":0.9525316456,"f1":0.7540983607,"recall":0.7931034483,"precision":0.71875,"roc_auc":0.9836597381}}
{"params":{"max_depth":10,"n_estimators":500},"train":{"accuracy":0.9902003484,"f1":0.9902067465,"recall":0.9908536585,"precision":0.9895606786,"roc_auc":0.9992753645},"test":{"accuracy":0.9620253165,"f1":0.8064516129,"recall":0.8620689655,"precision":0.7575757576,"roc_auc":0.9854619728}}
