{"params":{"max_depth":3},"train":{"accuracy":0.9691699605,"f1":0.8452380952,"recall":0.9102564103,"precision":0.7888888889,"roc_auc":0.9819846481},"test":{"accuracy":0.9588607595,"f1":0.7936507937,"recall":0.8620689655,"precision":0.7352941176,"roc_auc":0.9693019344}}
{"params":{"max_depth":5},"train":{"accuracy":0.9778656126,"f1":0.8857142857,"recall":0.9273504274,"precision":0.84765625,"roc_auc":0.9945389976},"test":{"accuracy":0.9556962025,"f1":0.7741935484,"recall":0.8275862069,"precision":0.7272727273,"roc_auc":0.9796948216}}
{"params":{"max_depth":3},"train":{"accuracy":0.9699604743,"f1":0.8486055777,"recall":0.9102564103,"precision":0.7947761194,"roc_auc":0.9828436299},"test":{"accuracy":0.9588607595,"f1":0.7936507937,"recall":0.8620689655,"precision":0.7352941176,"roc_auc":0.9717649886}}
{"params":{"max_depth":5},"train":{"accuracy":0.9778656126,"f1":0.8857142857,"recall":0.9273504274,"precision":0.84765625,"roc_auc":0.9948126061},"test":{"accuracy":0.9556962025,"f1":0.7741935484,"recall":0.8275862069,"precision":0.7272727273,"roc_auc":0.9812567584}}
{"params":{"max_depth":10},"train":{"accuracy":0.9881422925,"f1":0.9361702128,"recall":0.9401709402,"precision":0.9322033898,"roc_auc":0.9985919399},"test":{"accuracy":0.9651898734,"f1":0.813559322,"recall":0.8275862069,"precision":0.8,"roc_auc":0.9827586207}}
{"params":{"max_depth":3},"train":{"accuracy":0.9687747036,"f1":0.8435643564,"recall":0.9102564103,"precision":0.7859778598,"roc_auc":0.9843280026},"test":{"accuracy":0.9556962025,"f1":0.78125,"recall":0.8620689655,"precision":0.7142857143,"roc_auc":0.9756097561}}
{"params":{"max_depth":10},"train":{"accuracy":0.9885375494,"f1":0.9384288747,"recall":0.9444444444,"precision":0.9324894515,"roc_auc":0.9986077608},"test":{"accuracy":0.9620253165,"f1":0.8,"recall":0.8275862069,"precision":0.7741935484,"roc_auc":0.9826985462}}
{"params":{"max_depth":5},"train":{"accuracy":0.9782608696,"f1":0.8875255624,"recall":0.9273504274,"precision":0.8509803922,"roc_auc":0.9946422988},"test":{"accuracy":0.9556962025,"f1":0.7741935484,"recall":0.8275862069,"precision":0.7272727273,"roc_auc":0.9816172053}}
{"params":{"max_depth":10},"train":{"accuracy":0.9873517787,"f1":0.9324894515,"recall":0.9444444444,"precision":0.9208333333,"roc_auc":0.9986040382},"test":{"accuracy":0.9588607595,"f1":0.7868852459,"recall":0.8275862069,"precision":0.75,"roc_auc":0.9830589932}}
{"params":{"max_depth":3},"train":{"accuracy":0.9687747036,"f1":0.8435643564,"recall":0.9102564103,"precision":0.7859778598,"roc_auc":0.9840115846},"test":{"accuracy":0.9556962025,"f1":0.78125,"recall":0.8620689655,"precision":0.7142857143,"roc_auc":0.9750090112}}
{"params":{"max_depth":5},"train":{"accuracy":0.9782608696,"f1":0.8875255624,"recall":0.9273504274,"precision":0.8509803922,"roc_auc":0.9947744498},"test":{"accuracy":0.9556962025,"f1":0.7741935484,"recall":0.8275862069,"precision":0.7272727273,"roc_auc":0.9813769074}}
{"params":{"max_depth":10},"train":{"accuracy":0.9881422925,"f1":0.936440678,"recall":0.9444444444,"precision":0.9285714286,"roc_auc":0.9985723964},"test":{"accuracy":0.9588607595,"f1":0.7868852459,"recall":0.8275862069,"precision":0.75,"roc_auc":0.984140334}}
{"params":{"max_depth":3},"train":{"accuracy":0.9687747036,"f1":0.8435643564,"recall":0.9102564103,"precision":0.7859778598,"roc_auc":0.9851590652},"test":{"accuracy":0.9556962025,"f1":0.78125,"recall":0.8620689655,"precision":0.7142857143,"roc_auc":0.976691097}}
{"params":{"max_depth":10},"train":{"accuracy":0.9885375494,"f1":0.9389473684,"recall":0.952991453,"precision":0.9253112033,"roc_auc":0.9985798416},"test":{"accuracy":0.9588607595,"f1":0.7868852459,"recall":0.8275862069,"precision":0.75,"roc_auc":0.984500781}}
{"params":{"max_depth":5},"train":{"accuracy":0.9782608696,"f1":0.8875255624,"recall":0.9273504274,"precision":0.8509803922,"roc_auc":0.9949335894},"test":{"accuracy":0.9556962025,"f1":0.7741935484,"recall":0.8275862069,"precision":0.7272727273,"roc_auc":0.9817373543}}
