{"params":{"max_depth":3},"train":{"accuracy":0.9555749129,"f1":0.9547069272,"recall":0.9364111498,"precision":0.9737318841,"roc_auc":0.9835883342},"test":{"accuracy":0.9556962025,"f1":0.78125,"recall":0.8620689655,"precision":0.7142857143,"roc_auc":0.9503784693}}
{"params":{"max_depth":5},"train":{"accuracy":0.9729965157,"f1":0.9727831431,"recall":0.9651567944,"precision":0.9805309735,"roc_auc":0.9947078846},"test":{"accuracy":0.9556962025,"f1":0.78125,"recall":0.8620689655,"precision":0.7142857143,"roc_auc":0.9832392166}}
{"params":{"max_depth":3},"train":{"accuracy":0.9555749129,"f1":0.9547069272,"recall":0.9364111498,"precision":0.9737318841,"roc_auc":0.9863304725},"test":{"accuracy":0.9556962025,"f1":0.78125,"recall":0.8620689655,"precision":0.7142857143,"roc_auc":0.9504986183}}
{"params":{"max_depth":10},"train":{"accuracy":0.9904181185,"f1":0.9904389396,"recall":0.9925958188,"precision":0.9882914137,"roc_auc":0.9993258234},"test":{"accuracy":0.9588607595,"f1":0.7936507937,"recall":0.8620689655,"precision":0.7352941176,"roc_auc":0.9854619728}}
{"params":{"max_depth":5},"train":{"accuracy":0.9721254355,"f1":0.9718185821,"recall":0.9612369338,"precision":0.982635797,"roc_auc":0.9947086434},"test":{"accuracy":0.9556962025,"f1":0.7741935484,"recall":0.8275862069,"precision":0.7272727273,"roc_auc":0.9823380992}}
{"params":{"max_depth":3},"train":{"accuracy":0.9555749129,"f1":0.9547069272,"recall":0.9364111498,"precision":0.9737318841,"roc_auc":0.9866189988},"test":{"accuracy":0.9556962025,"f1":0.78125,"recall":0.8620689655,"precision":0.7142857143,"roc_auc":0.9548840562}}
{"params":{"max_depth":5},"train":{"accuracy":0.9738675958,"f1":0.9736147757,"recall":0.9642857143,"precision":0.9831261101,"roc_auc":0.9952226224},"test":{"accuracy":0.9556962025,"f1":0.7741935484,"recall":0.8275862069,"precision":0.7272727273,"roc_auc":0.9832992911}}
{"params":{"max_depth":10},"train":{"accuracy":0.9906358885,"f1":0.9906501413,"recall":0.9921602787,"precision":0.989144594,"roc_auc":0.9994378384},"test":{"accuracy":0.9620253165,"f1":0.8064516129,"recall":0.8620689655,"precision":0.7575757576,"roc_auc":0.9848011534}}
{"params":{"max_depth":3},"train":{"accuracy":0.9555749129,"f1":0.9547069272,"recall":0.9364111498,"precision":0.9737318841,"roc_auc":0.9867587093},"test":{"accuracy":0.9556962025,"f1":0.78125,"recall":0.8620689655,"precision":0.7142857143,"roc_auc":0.9578877808}}
{"params":{"max_depth":10},"train":{"accuracy":0.9899825784,"f1":0.9900043459,"recall":0.9921602787,"precision":0.9878577624,"roc_auc":0.9994196277},"test":{"accuracy":0.9620253165,"f1":0.8064516129,"recall":0.8620689655,"precision":0.7575757576,"roc_auc":0.9850414514}}
{"params":{"max_depth":5},"train":{"accuracy":0.9734320557,"f1":0.973175022,"recall":0.9638501742,"precision":0.9826820604,"roc_auc":0.9953923048},"test":{"accuracy":0.9525316456,"f1":0.7540983607,"recall":0.7931034483,"precision":0.71875,"roc_auc":0.9835395891}}
{"params":{"max_depth":3},"train":{"accuracy":0.9555749129,"f1":0.9547069272,"recall":0.9364111498,"precision":0.9737318841,"roc_auc":0.986719063},"test":{"accuracy":0.9556962025,"f1":0.78125,"recall":0.8620689655,"precision":0.7142857143,"roc_auc":0.9585486003}}
{"params":{"max_depth":10},"train":{"accuracy":0.9906358885,"f1":0.9906460735,"recall":0.9917247387,"precision":0.9895697523,"roc_auc":0.9994361312},"test":{"accuracy":0.9588607595,"f1":0.7868852459,"recall":0.8275862069,"precision":0.75,"roc_auc":0.9852216749}}
{"params":{"max_depth":5},"train":{"accuracy":0.9734320557,"f1":0.9731868132,"recall":0.9642857143,"precision":0.9822537711,"roc_auc":0.9953458294},"test":{"accuracy":0.9493670886,"f1":0.7419354839,"recall":0.7931034483,"precision":0.696969697,"roc_auc":0.9836597381}}
{"params":{"max_depth":10},"train":{"accuracy":0.9906358885,"f1":0.9906420022,"recall":0.9912891986,"precision":0.9899956503,"roc_auc":0.9994422963},"test":{"accuracy":0.9588607595,"f1":0.7868852459,"recall":0.8275862069,"precision":0.75,"roc_auc":0.9849813769}}
