{"params":{"max_depth":3},"train":{"accuracy":0.9687747036,"f1":0.8435643564,"recall":0.9102564103,"precision":0.7859778598,"roc_auc":0.9836570103},"test":{"accuracy":0.9556962025,"f1":0.78125,"recall":0.8620689655,"precision":0.7142857143,"roc_auc":0.9784933317}}
{"params":{"max_depth":5},"train":{"accuracy":0.9778656126,"f1":0.8866396761,"recall":0.9358974359,"precision":0.8423076923,"roc_auc":0.9941583653},"test":{"accuracy":0.9556962025,"f1":0.7741935484,"recall":0.8275862069,"precision":0.7272727273,"roc_auc":0.9837798871}}
{"params":{"max_depth":3},"train":{"accuracy":0.9687747036,"f1":0.8435643564,"recall":0.9102564103,"precision":0.7859778598,"roc_auc":0.984412691},"test":{"accuracy":0.9556962025,"f1":0.78125,"recall":0.8620689655,"precision":0.7142857143,"roc_auc":0.9757299051}}
{"params":{"max_depth":5},"train":{"accuracy":0.9782608696,"f1":0.8879837067,"recall":0.9316239316,"precision":0.8482490272,"roc_auc":0.9947539757},"test":{"accuracy":0.9588607595,"f1":0.7936507937,"recall":0.8620689655,"precision":0.7352941176,"roc_auc":0.9810164604}}
{"params":{"max_depth":10},"train":{"accuracy":0.9901185771,"f1":0.9473684211,"recall":0.9615384615,"precision":0.9336099585,"roc_auc":0.9984821242},"test":{"accuracy":0.9556962025,"f1":0.7666666667,"recall":0.7931034483,"precision":0.7419354839,"roc_auc":0.9848612279}}
{"params":{"max_depth":10},"train":{"accuracy":0.9893280632,"f1":0.9431578947,"recall":0.9572649573,"precision":0.9294605809,"roc_auc":0.9984942226},"test":{"accuracy":0.9588607595,"f1":0.7868852459,"recall":0.8275862069,"precision":0.75,"roc_auc":0.984140334}}
{"params":{"max_depth":3},"train":{"accuracy":0.9687747036,"f1":0.8435643564,"recall":0.9102564103,"precision":0.7859778598,"roc_auc":0.9844387489},"test":{"accuracy":0.9556962025,"f1":0.78125,"recall":0.8620689655,"precision":0.7142857143,"roc_auc":0.976090352}}
{"params":{"max_depth":5},"train":{"accuracy":0.9778656126,"f1":0.8857142857,"recall":0.9273504274,"precision":0.84765625,"roc_auc":0.9950285148},"test":{"accuracy":0.9525316456,"f1":0.7540983607,"recall":0.7931034483,"precision":0.71875,"roc_auc":0.9820978013}}
{"params":{"max_depth":10},"train":{"accuracy":0.9881422925,"f1":0.9367088608,"recall":0.9487179487,"precision":0.925,"roc_auc":0.9985053903},"test":{"accuracy":0.9556962025,"f1":0.7666666667,"recall":0.7931034483,"precision":0.7419354839,"roc_auc":0.983900036}}
{"params":{"max_depth":3},"train":{"accuracy":0.9687747036,"f1":0.8435643564,"recall":0.9102564103,"precision":0.7859778598,"roc_auc":0.9847021204},"test":{"accuracy":0.9556962025,"f1":0.78125,"recall":0.8620689655,"precision":0.7142857143,"roc_auc":0.9757299051}}
{"params":{"max_depth":5},"train":{"accuracy":0.9782608696,"f1":0.8875255624,"recall":0.9273504274,"precision":0.8509803922,"roc_auc":0.9950340987},"test":{"accuracy":0.9525316456,"f1":0.7540983607,"recall":0.7931034483,"precision":0.71875,"roc_auc":0.9814970563}}
{"params":{"max_depth":10},"train":{"accuracy":0.9885375494,"f1":0.9389473684,"recall":0.952991453,"precision":0.9253112033,"roc_auc":0.9985556449},"test":{"accuracy":0.9556962025,"f1":0.7666666667,"recall":0.7931034483,"precision":0.7419354839,"roc_auc":0.98462093}}
{"params":{"max_depth":3},"train":{"accuracy":0.9691699605,"f1":0.8452380952,"recall":0.9102564103,"precision":0.7888888889,"roc_auc":0.9848091441},"test":{"accuracy":0.9556962025,"f1":0.78125,"recall":0.8620689655,"precision":0.7142857143,"roc_auc":0.976450799}}
{"params":{"max_depth":5},"train":{"accuracy":0.9778656126,"f1":0.8852459016,"recall":0.9230769231,"precision":0.8503937008,"roc_auc":0.994973607},"test":{"accuracy":0.9525316456,"f1":0.7540983607,"recall":0.7931034483,"precision":0.71875,"roc_auc":0.9818575033}}
{"params":{"max_depth":10},"train":{"accuracy":0.9885375494,"f1":0.9389473684,"recall":0.952991453,"precision":0.9253112033,"roc_auc":0.998602177},"test":{"accuracy":0.9556962025,"f1":0.7666666667,"recall":0.7931034483,"precision":0.7419354839,"roc_auc":0.9847410789}}
