{"params":{"max_depth":3},"train":{"accuracy":0.9687747036,"f1":0.8435643564,"recall":0.9102564103,"precision":0.7859778598,"roc_auc":0.9853507773},"test":{"accuracy":0.9556962025,"f1":0.78125,"recall":0.8620689655,"precision":0.7142857143,"roc_auc":0.9808362369}}
{"params":{"max_depth":5},"train":{"accuracy":0.9794466403,"f1":0.8943089431,"recall":0.9401709402,"precision":0.8527131783,"roc_auc":0.9942374698},"test":{"accuracy":0.9556962025,"f1":0.7741935484,"recall":0.8275862069,"precision":0.7272727273,"roc_auc":0.9848612279}}
{"params":{"max_depth":3},"train":{"accuracy":0.9687747036,"f1":0.8435643564,"recall":0.9102564103,"precision":0.7859778598,"roc_auc":0.9852046666},"test":{"accuracy":0.9556962025,"f1":0.78125,"recall":0.8620689655,"precision":0.7142857143,"roc_auc":0.9794545236}}
{"params":{"max_depth":5},"train":{"accuracy":0.9790513834,"f1":0.8920570265,"recall":0.9358974359,"precision":0.8521400778,"roc_auc":0.9944189449},"test":{"accuracy":0.9556962025,"f1":0.7741935484,"recall":0.8275862069,"precision":0.7272727273,"roc_auc":0.984500781}}
{"params":{"max_depth":10},"train":{"accuracy":0.9901185771,"f1":0.9475890985,"recall":0.9658119658,"precision":0.9300411523,"roc_auc":0.9985686739},"test":{"accuracy":0.9651898734,"f1":0.813559322,"recall":0.8275862069,"precision":0.8,"roc_auc":0.9860026433}}
{"params":{"max_depth":3},"train":{"accuracy":0.9687747036,"f1":0.8435643564,"recall":0.9102564103,"precision":0.7859778598,"roc_auc":0.9848817341},"test":{"accuracy":0.9556962025,"f1":0.78125,"recall":0.8620689655,"precision":0.7142857143,"roc_auc":0.9787336297}}
{"params":{"max_depth":10},"train":{"accuracy":0.9881422925,"f1":0.9369747899,"recall":0.952991453,"precision":0.9214876033,"roc_auc":0.9985240031},"test":{"accuracy":0.9620253165,"f1":0.8064516129,"recall":0.8620689655,"precision":0.7575757576,"roc_auc":0.984500781}}
{"params":{"max_depth":5},"train":{"accuracy":0.9782608696,"f1":0.8879837067,"recall":0.9316239316,"precision":0.8482490272,"roc_auc":0.9949028783},"test":{"accuracy":0.9556962025,"f1":0.7741935484,"recall":0.8275862069,"precision":0.7272727273,"roc_auc":0.9832992911}}
{"params":{"max_depth":10},"train":{"accuracy":0.9885375494,"f1":0.9389473684,"recall":0.952991453,"precision":0.9253112033,"roc_auc":0.9985407546},"test":{"accuracy":0.9620253165,"f1":0.8064516129,"recall":0.8620689655,"precision":0.7575757576,"roc_auc":0.9847410789}}
{"params":{"max_depth":10},"train":{"accuracy":0.9885375494,"f1":0.9392033543,"recall":0.9572649573,"precision":0.9218106996,"roc_auc":0.9985295869},"test":{"accuracy":0.9588607595,"f1":0.7868852459,"recall":0.8275862069,"precision":0.75,"roc_auc":0.984380632}}
{"params":{"max_depth":3},"train":{"accuracy":0.9687747036,"f1":0.8435643564,"recall":0.9102564103,"precision":0.7859778598,"roc_auc":0.9844396796},"test":{"accuracy":0.9556962025,"f1":0.78125,"recall":0.8620689655,"precision":0.7142857143,"roc_auc":0.9772918419}}
{"params":{"max_depth":5},"train":{"accuracy":0.9774703557,"f1":0.8834355828,"recall":0.9230769231,"precision":0.8470588235,"roc_auc":0.9946776631},"test":{"accuracy":0.9525316456,"f1":0.7540983607,"recall":0.7931034483,"precision":0.71875,"roc_auc":0.9831791421}}
{"params":{"max_depth":3},"train":{"accuracy":0.9687747036,"f1":0.8435643564,"recall":0.9102564103,"precision":0.7859778598,"roc_auc":0.984132568},"test":{"accuracy":0.9556962025,"f1":0.78125,"recall":0.8620689655,"precision":0.7142857143,"roc_auc":0.9769313949}}
{"params":{"max_depth":5},"train":{"accuracy":0.9782608696,"f1":0.8875255624,"recall":0.9273504274,"precision":0.8509803922,"roc_auc":0.9946758018},"test":{"accuracy":0.9556962025,"f1":0.7741935484,"recall":0.8275862069,"precision":0.7272727273,"roc_auc":0.9823380992}}
{"params":{"max_depth":10},"train":{"accuracy":0.9893280632,"f1":0.9433962264,"recall":0.9615384615,"precision":0.9259259259,"roc_auc":0.9985668126},"test":{"accuracy":0.9620253165,"f1":0.8064516129,"recall":0.8620689655,"precision":0.7575757576,"roc_auc":0.98462093}}
