{"params":{"max_depth":3},"train":{"accuracy":0.9555749129,"f1":0.9547069272,"recall":0.9364111498,"precision":0.9737318841,"roc_auc":0.9825940471},"test":{"accuracy":0.9556962025,"f1":0.78125,"recall":0.8620689655,"precision":0.7142857143,"roc_auc":0.9538627899}}
{"params":{"max_depth":5},"train":{"accuracy":0.975174216,"f1":0.9749670619,"recall":0.9668989547,"precision":0.9831709477,"roc_auc":0.9947741831},"test":{"accuracy":0.9556962025,"f1":0.7741935484,"recall":0.8275862069,"precision":0.7272727273,"roc_auc":0.9823981737}}
{"params":{"max_depth":5},"train":{"accuracy":0.9736498258,"f1":0.9733890477,"recall":0.9638501742,"precision":0.9831186139,"roc_auc":0.9947249572},"test":{"accuracy":0.9556962025,"f1":0.7741935484,"recall":0.8275862069,"precision":0.7272727273,"roc_auc":0.9822179503}}
{"params":{"max_depth":3},"train":{"accuracy":0.9555749129,"f1":0.9547069272,"recall":0.9364111498,"precision":0.9737318841,"roc_auc":0.9827311018},"test":{"accuracy":0.9556962025,"f1":0.78125,"recall":0.8620689655,"precision":0.7142857143,"roc_auc":0.9542232368}}
{"params":{"max_depth":3},"train":{"accuracy":0.9555749129,"f1":0.9547069272,"recall":0.9364111498,"precision":0.9737318841,"roc_auc":0.9828244318},"test":{"accuracy":0.9556962025,"f1":0.78125,"recall":0.8620689655,"precision":0.7142857143,"roc_auc":0.956325844}}
{"params":{"max_depth":10},"train":{"accuracy":0.9897648084,"f1":0.989780387,"recall":0.9912891986,"precision":0.9882761615,"roc_auc":0.9993542777},"test":{"accuracy":0.9588607595,"f1":0.8,"recall":0.8965517241,"precision":0.7222222222,"roc_auc":0.9852817494}}
{"params":{"max_depth":5},"train":{"accuracy":0.9745209059,"f1":0.9743139407,"recall":0.9664634146,"precision":0.98229305,"roc_auc":0.994927931},"test":{"accuracy":0.9525316456,"f1":0.7619047619,"recall":0.8275862069,"precision":0.7058823529,"roc_auc":0.9823981737}}
{"params":{"max_depth":10},"train":{"accuracy":0.9895470383,"f1":0.9895561358,"recall":0.9904181185,"precision":0.9886956522,"roc_auc":0.9993579768},"test":{"accuracy":0.9651898734,"f1":0.8253968254,"recall":0.8965517241,"precision":0.7647058824,"roc_auc":0.9849813769}}
{"params":{"max_depth":3},"train":{"accuracy":0.9555749129,"f1":0.9547069272,"recall":0.9364111498,"precision":0.9737318841,"roc_auc":0.9845215395},"test":{"accuracy":0.9556962025,"f1":0.78125,"recall":0.8620689655,"precision":0.7142857143,"roc_auc":0.9583683768}}
{"params":{"max_depth":10},"train":{"accuracy":0.9897648084,"f1":0.9897714908,"recall":0.9904181185,"precision":0.9891257068,"roc_auc":0.9994412529},"test":{"accuracy":0.9620253165,"f1":0.8064516129,"recall":0.8620689655,"precision":0.7575757576,"roc_auc":0.9858224198}}
{"params":{"max_depth":5},"train":{"accuracy":0.9734320557,"f1":0.9731632204,"recall":0.9634146341,"precision":0.9831111111,"roc_auc":0.9949679567},"test":{"accuracy":0.9556962025,"f1":0.7741935484,"recall":0.8275862069,"precision":0.7272727273,"roc_auc":0.9826384717}}
{"params":{"max_depth":3},"train":{"accuracy":0.9555749129,"f1":0.9547069272,"recall":0.9364111498,"precision":0.9737318841,"roc_auc":0.9846584046},"test":{"accuracy":0.9556962025,"f1":0.78125,"recall":0.8620689655,"precision":0.7142857143,"roc_auc":0.9581280788}}
{"params":{"max_depth":10},"train":{"accuracy":0.9906358885,"f1":0.9906420022,"recall":0.9912891986,"precision":0.9899956503,"roc_auc":0.9994385023},"test":{"accuracy":0.9620253165,"f1":0.8064516129,"recall":0.8620689655,"precision":0.7575757576,"roc_auc":0.9855821218}}
{"params":{"max_depth":5},"train":{"accuracy":0.9732142857,"f1":0.9729372937,"recall":0.9629790941,"precision":0.9831036016,"roc_auc":0.9953699207},"test":{"accuracy":0.9556962025,"f1":0.7741935484,"recall":0.8275862069,"precision":0.7272727273,"roc_auc":0.9826985462}}
{"params":{"max_depth":10},"train":{"accuracy":0.9908536585,"f1":0.9908576404,"recall":0.9912891986,"precision":0.9904264578,"roc_auc":0.9994457108},"test":{"accuracy":0.9620253165,"f1":0.8064516129,"recall":0.8620689655,"precision":0.7575757576,"roc_auc":0.9854619728}}
