{"params":{"max_depth":3},"train":{"accuracy":0.9555749129,"f1":0.9547069272,"recall":0.9364111498,"precision":0.9737318841,"roc_auc":0.9816862609},"test":{"accuracy":0.9556962025,"f1":0.78125,"recall":0.8620689655,"precision":0.7142857143,"roc_auc":0.9497777244}}
{"params":{"max_depth":5},"train":{"accuracy":0.9729965157,"f1":0.9728070175,"recall":0.9660278746,"precision":0.9796819788,"roc_auc":0.9950898358},"test":{"accuracy":0.9525316456,"f1":0.7619047619,"recall":0.8275862069,"precision":0.7058823529,"roc_auc":0.9822179503}}
{"params":{"max_depth":3},"train":{"accuracy":0.9555749129,"f1":0.9547069272,"recall":0.9364111498,"precision":0.9737318841,"roc_auc":0.9837430306},"test":{"accuracy":0.9556962025,"f1":0.78125,"recall":0.8620689655,"precision":0.7142857143,"roc_auc":0.9538027154}}
{"params":{"max_depth":5},"train":{"accuracy":0.9699477352,"f1":0.9695498676,"recall":0.9568815331,"precision":0.9825581395,"roc_auc":0.9953320765},"test":{"accuracy":0.9556962025,"f1":0.7741935484,"recall":0.8275862069,"precision":0.7272727273,"roc_auc":0.9822780248}}
{"params":{"max_depth":10},"train":{"accuracy":0.9888937282,"f1":0.9889154532,"recall":0.9908536585,"precision":0.9869848156,"roc_auc":0.9993532344},"test":{"accuracy":0.9588607595,"f1":0.7936507937,"recall":0.8620689655,"precision":0.7352941176,"roc_auc":0.9859425688}}
{"params":{"max_depth":3},"train":{"accuracy":0.9555749129,"f1":0.9547069272,"recall":0.9364111498,"precision":0.9737318841,"roc_auc":0.9868180839},"test":{"accuracy":0.9556962025,"f1":0.78125,"recall":0.8620689655,"precision":0.7142857143,"roc_auc":0.9599303136}}
{"params":{"max_depth":5},"train":{"accuracy":0.9734320557,"f1":0.973175022,"recall":0.9638501742,"precision":0.9826820604,"roc_auc":0.9953329302},"test":{"accuracy":0.9525316456,"f1":0.7619047619,"recall":0.8275862069,"precision":0.7058823529,"roc_auc":0.9831190676}}
{"params":{"max_depth":10},"train":{"accuracy":0.9902003484,"f1":0.9902110072,"recall":0.9912891986,"precision":0.9891351586,"roc_auc":0.999418205},"test":{"accuracy":0.9588607595,"f1":0.7936507937,"recall":0.8620689655,"precision":0.7352941176,"roc_auc":0.9857022708}}
{"params":{"max_depth":3},"train":{"accuracy":0.9555749129,"f1":0.9547069272,"recall":0.9364111498,"precision":0.9737318841,"roc_auc":0.9864011339},"test":{"accuracy":0.9556962025,"f1":0.78125,"recall":0.8620689655,"precision":0.7142857143,"roc_auc":0.9548239817}}
{"params":{"max_depth":10},"train":{"accuracy":0.9904181185,"f1":0.990430622,"recall":0.9917247387,"precision":0.9891398784,"roc_auc":0.9994326218},"test":{"accuracy":0.9620253165,"f1":0.8064516129,"recall":0.8620689655,"precision":0.7575757576,"roc_auc":0.9854619728}}
{"params":{"max_depth":5},"train":{"accuracy":0.9723432056,"f1":0.9720449042,"recall":0.9616724739,"precision":0.9826435247,"roc_auc":0.995344217},"test":{"accuracy":0.9556962025,"f1":0.7741935484,"recall":0.8275862069,"precision":0.7272727273,"roc_auc":0.9832992911}}
{"params":{"max_depth":3},"train":{"accuracy":0.9555749129,"f1":0.9547069272,"recall":0.9364111498,"precision":0.9737318841,"roc_auc":0.9862994573},"test":{"accuracy":0.9556962025,"f1":0.78125,"recall":0.8620689655,"precision":0.7142857143,"roc_auc":0.9548239817}}
{"params":{"max_depth":10},"train":{"accuracy":0.9904181185,"f1":0.9904222899,"recall":0.9908536585,"precision":0.9899912968,"roc_auc":0.9994419169},"test":{"accuracy":0.9620253165,"f1":0.8064516129,"recall":0.8620689655,"precision":0.7575757576,"roc_auc":0.9855821218}}
{"params":{"max_depth":5},"train":{"accuracy":0.9719076655,"f1":0.9715921603,"recall":0.9608013937,"precision":0.9826280624,"roc_auc":0.9954210436},"test":{"accuracy":0.9556962025,"f1":0.7741935484,"recall":0.8275862069,"precision":0.7272727273,"roc_auc":0.9835395891}}
{"params":{"max_depth":10},"train":{"accuracy":0.9908536585,"f1":0.9908616188,"recall":0.9917247387,"precision":0.99,"roc_auc":0.9994491253},"test":{"accuracy":0.9620253165,"f1":0.8064516129,"recall":0.8620689655,"precision":0.7575757576,"roc_auc":0.9852216749}}
