{"params":{"max_depth":3,"n_estimators":50},"train":{"accuracy":0.9888937282,"f1":0.9888961463,"recall":0.9891114983,"precision":0.9886808881,"roc_auc":0.9983407365},"test":{"accuracy":0.9715189873,"f1":0.8615384615,"recall":0.9655172414,"precision":0.7777777778,"roc_auc":0.9858224198}}
{"params":{"max_depth":3,"n_estimators":25},"train":{"accuracy":0.9773519164,"f1":0.977302488,"recall":0.975174216,"precision":0.97944007,"roc_auc":0.9966861205},"test":{"accuracy":0.9651898734,"f1":0.8307692308,"recall":0.9310344828,"precision":0.75,"roc_auc":0.9817974288}}
{"params":{"max_depth":3,"n_estimators":100},"train":{"accuracy":0.9949912892,"f1":0.9949989128,"recall":0.9965156794,"precision":0.9934867564,"roc_auc":0.9996393895},"test":{"accuracy":0.9778481013,"f1":0.8852459016,"recall":0.9310344828,"precision":0.84375,"roc_auc":0.9893067404}}
{"params":{"max_depth":5,"n_estimators":50},"train":{"accuracy":0.9980400697,"f1":0.9980422014,"recall":0.9991289199,"precision":0.9969578444,"roc_auc":0.9999417636},"test":{"accuracy":0.9746835443,"f1":0.8709677419,"recall":0.9310344828,"precision":0.8181818182,"roc_auc":0.9877448036}}
{"params":{"max_depth":5,"n_estimators":25},"train":{"accuracy":0.9941202091,"f1":0.9941291585,"recall":0.9956445993,"precision":0.9926183239,"roc_auc":0.9993623397},"test":{"accuracy":0.9715189873,"f1":0.8571428571,"recall":0.9310344828,"precision":0.7941176471,"roc_auc":0.9879851015}}
{"params":{"max_depth":5,"n_estimators":100},"train":{"accuracy":1.0,"f1":1.0,"recall":1.0,"precision":1.0,"roc_auc":1.0},"test":{"accuracy":0.9746835443,"f1":0.8709677419,"recall":0.9310344828,"precision":0.8181818182,"roc_auc":0.9877448036}}
{"params":{"max_depth":10,"n_estimators":25},"train":{"accuracy":0.9976045296,"f1":0.9976081757,"recall":0.9991289199,"precision":0.9960920538,"roc_auc":0.9999613022},"test":{"accuracy":0.9746835443,"f1":0.8709677419,"recall":0.9310344828,"precision":0.8181818182,"roc_auc":0.9857022708}}
{"params":{"max_depth":3,"n_estimators":250},"train":{"accuracy":0.99978223,"f1":0.9997821825,"recall":0.9995644599,"precision":1.0,"roc_auc":1.0},"test":{"accuracy":0.9746835443,"f1":0.8709677419,"recall":0.9310344828,"precision":0.8181818182,"roc_auc":0.9885858464}}
{"params":{"max_depth":10,"n_estimators":50},"train":{"accuracy":0.99978223,"f1":0.9997821825,"recall":0.9995644599,"precision":1.0,"roc_auc":1.0},"test":{"accuracy":0.9746835443,"f1":0.8709677419,"recall":0.9310344828,"precision":0.8181818182,"roc_auc":0.9836597381}}
{"params":{"max_depth":10,"n_estimators":100},"train":{"accuracy":1.0,"f1":1.0,"recall":1.0,"precision":1.0,"roc_auc":1.0},"test":{"accuracy":0.9746835443,"f1":0.8709677419,"recall":0.9310344828,"precision":0.8181818182,"roc_auc":0.9836597381}}
{"params":{"max_depth":5,"n_estimators":250},"train":{"accuracy":1.0,"f1":1.0,"recall":1.0,"precision":1.0,"roc_auc":1.0},"test":{"accuracy":0.9746835443,"f1":0.8709677419,"recall":0.9310344828,"precision":0.8181818182,"roc_auc":0.9876246546}}
{"params":{"max_depth":3,"n_estimators":500},"train":{"accuracy":1.0,"f1":1.0,"recall":1.0,"precision":1.0,"roc_auc":1.0},"test":{"accuracy":0.9746835443,"f1":0.8709677419,"recall":0.9310344828,"precision":0.8181818182,"roc_auc":0.9877448036}}
{"params":{"max_depth":10,"n_estimators":250},"train":{"accuracy":1.0,"f1":1.0,"recall":1.0,"precision":1.0,"roc_auc":1.0},"test":{"accuracy":0.9746835443,"f1":0.8709677419,"recall":0.9310344828,"precision":0.8181818182,"roc_auc":0.984260483}}
{"params":{"max_depth":5,"n_estimators":500},"train":{"accuracy":1.0,"f1":1.0,"recall":1.0,"precision":1.0,"roc_auc":1.0},"test":{"accuracy":0.9746835443,"f1":0.8709677419,"recall":0.9310344828,"precision":0.8181818182,"roc_auc":0.9870239096}}
{"params":{"max_depth":10,"n_estimators":500},"train":{"accuracy":1.0,"f1":1.0,"recall":1.0,"precision":1.0,"roc_auc":1.0},"test":{"accuracy":0.9746835443,"f1":0.8709677419,"recall":0.9310344828,"precision":0.8181818182,"roc_auc":0.984020185}}
