{"params":{"max_depth":3},"train":{"accuracy":0.9555749129,"f1":0.9547069272,"recall":0.9364111498,"precision":0.9737318841,"roc_auc":0.9819374173},"test":{"accuracy":0.9556962025,"f1":0.78125,"recall":0.8620689655,"precision":0.7142857143,"roc_auc":0.9453922864}}
{"params":{"max_depth":3},"train":{"accuracy":0.9555749129,"f1":0.9547069272,"recall":0.9364111498,"precision":0.9737318841,"roc_auc":0.9825431139},"test":{"accuracy":0.9556962025,"f1":0.78125,"recall":0.8620689655,"precision":0.7142857143,"roc_auc":0.9526613}}
{"params":{"max_depth":5},"train":{"accuracy":0.9695121951,"f1":0.9691358025,"recall":0.9573170732,"precision":0.98125,"roc_auc":0.9952040323},"test":{"accuracy":0.9525316456,"f1":0.7540983607,"recall":0.7931034483,"precision":0.71875,"roc_auc":0.9807160879}}
{"params":{"max_depth":10},"train":{"accuracy":0.9904181185,"f1":0.9904347826,"recall":0.9921602787,"precision":0.9887152778,"roc_auc":0.9992700531},"test":{"accuracy":0.9620253165,"f1":0.8064516129,"recall":0.8620689655,"precision":0.7575757576,"roc_auc":0.9848011534}}
{"params":{"max_depth":5},"train":{"accuracy":0.9703832753,"f1":0.9700176367,"recall":0.9581881533,"precision":0.9821428571,"roc_auc":0.9953988492},"test":{"accuracy":0.9525316456,"f1":0.7540983607,"recall":0.7931034483,"precision":0.71875,"roc_auc":0.9809563859}}
{"params":{"max_depth":3},"train":{"accuracy":0.9555749129,"f1":0.9547069272,"recall":0.9364111498,"precision":0.9737318841,"roc_auc":0.9867124237},"test":{"accuracy":0.9556962025,"f1":0.78125,"recall":0.8620689655,"precision":0.7142857143,"roc_auc":0.9543433858}}
{"params":{"max_depth":10},"train":{"accuracy":0.9910714286,"f1":0.9910811399,"recall":0.9921602787,"precision":0.9900043459,"roc_auc":0.999289971},"test":{"accuracy":0.9620253165,"f1":0.8064516129,"recall":0.8620689655,"precision":0.7575757576,"roc_auc":0.9848612279}}
{"params":{"max_depth":5},"train":{"accuracy":0.9708188153,"f1":0.9704455227,"recall":0.9581881533,"precision":0.9830205541,"roc_auc":0.9953705847},"test":{"accuracy":0.9525316456,"f1":0.7540983607,"recall":0.7931034483,"precision":0.71875,"roc_auc":0.9832992911}}
{"params":{"max_depth":10},"train":{"accuracy":0.9899825784,"f1":0.9899912968,"recall":0.9908536585,"precision":0.9891304348,"roc_auc":0.9994147905},"test":{"accuracy":0.9620253165,"f1":0.8064516129,"recall":0.8620689655,"precision":0.7575757576,"roc_auc":0.9849813769}}
{"params":{"max_depth":3},"train":{"accuracy":0.9555749129,"f1":0.9547069272,"recall":0.9364111498,"precision":0.9737318841,"roc_auc":0.9868538414},"test":{"accuracy":0.9556962025,"f1":0.78125,"recall":0.8620689655,"precision":0.7142857143,"roc_auc":0.9545236093}}
{"params":{"max_depth":5},"train":{"accuracy":0.9714721254,"f1":0.9711390174,"recall":0.9599303136,"precision":0.9826125724,"roc_auc":0.9953780776},"test":{"accuracy":0.9556962025,"f1":0.7741935484,"recall":0.8275862069,"precision":0.7272727273,"roc_auc":0.9832992911}}
{"params":{"max_depth":3},"train":{"accuracy":0.9555749129,"f1":0.9547069272,"recall":0.9364111498,"precision":0.9737318841,"roc_auc":0.9866870994},"test":{"accuracy":0.9556962025,"f1":0.78125,"recall":0.8620689655,"precision":0.7142857143,"roc_auc":0.9533221194}}
{"params":{"max_depth":10},"train":{"accuracy":0.9902003484,"f1":0.990202482,"recall":0.9904181185,"precision":0.9899869395,"roc_auc":0.9994331909},"test":{"accuracy":0.9620253165,"f1":0.8064516129,"recall":0.8620689655,"precision":0.7575757576,"roc_auc":0.9852216749}}
{"params":{"max_depth":5},"train":{"accuracy":0.9721254355,"f1":0.9718185821,"recall":0.9612369338,"precision":0.982635797,"roc_auc":0.9953679289},"test":{"accuracy":0.9556962025,"f1":0.7741935484,"recall":0.8275862069,"precision":0.7272727273,"roc_auc":0.9830589932}}
{"params":{"max_depth":10},"train":{"accuracy":0.9906358885,"f1":0.9906420022,"recall":0.9912891986,"precision":0.9899956503,"roc_auc":0.999425034},"test":{"accuracy":0.9620253165,"f1":0.8064516129,"recall":0.8620689655,"precision":0.7575757576,"roc_auc":0.9853418239}}
