{"params":{"max_depth":5,"n_estimators":25},"train":{"accuracy":0.9732142857,"f1":0.9729491973,"recall":0.9634146341,"precision":0.9826743669,"roc_auc":0.9942373458},"test":{"accuracy":0.9525316456,"f1":0.7540983607,"recall":0.7931034483,"precision":0.71875,"roc_auc":0.9787937042}}
{"params":{"max_depth":3,"n_estimators":25},"train":{"accuracy":0.962761324,"f1":0.9623098964,"recall":0.9507839721,"precision":0.974118697,"roc_auc":0.9815753841},"test":{"accuracy":0.9556962025,"f1":0.78125,"recall":0.8620689655,"precision":0.7142857143,"roc_auc":0.9488165325}}
{"params":{"max_depth":5,"n_estimators":50},"train":{"accuracy":0.9727787456,"f1":0.9724730236,"recall":0.9616724739,"precision":0.983518931,"roc_auc":0.9943510681},"test":{"accuracy":0.9525316456,"f1":0.7540983607,"recall":0.7931034483,"precision":0.71875,"roc_auc":0.9831791421}}
{"params":{"max_depth":3,"n_estimators":50},"train":{"accuracy":0.9618902439,"f1":0.9613942202,"recall":0.9490418118,"precision":0.9740724184,"roc_auc":0.9832312331},"test":{"accuracy":0.9556962025,"f1":0.78125,"recall":0.8620689655,"precision":0.7142857143,"roc_auc":0.9546437583}}
{"params":{"max_depth":10,"n_estimators":25},"train":{"accuracy":0.9895470383,"f1":0.989551589,"recall":0.9899825784,"precision":0.9891209748,"roc_auc":0.9992280356},"test":{"accuracy":0.9588607595,"f1":0.7936507937,"recall":0.8620689655,"precision":0.7352941176,"roc_auc":0.9849213024}}
{"params":{"max_depth":3,"n_estimators":100},"train":{"accuracy":0.962543554,"f1":0.9620811287,"recall":0.9503484321,"precision":0.9741071429,"roc_auc":0.9837125845},"test":{"accuracy":0.9556962025,"f1":0.78125,"recall":0.8620689655,"precision":0.7142857143,"roc_auc":0.9560855461}}
{"params":{"max_depth":10,"n_estimators":50},"train":{"accuracy":0.9902003484,"f1":0.9902110072,"recall":0.9912891986,"precision":0.9891351586,"roc_auc":0.9992665437},"test":{"accuracy":0.9620253165,"f1":0.8064516129,"recall":0.8620689655,"precision":0.7575757576,"roc_auc":0.9854619728}}
{"params":{"max_depth":5,"n_estimators":100},"train":{"accuracy":0.9703832753,"f1":0.9699911739,"recall":0.9573170732,"precision":0.9830053667,"roc_auc":0.9946106659},"test":{"accuracy":0.9525316456,"f1":0.7540983607,"recall":0.7931034483,"precision":0.71875,"roc_auc":0.984500781}}
{"params":{"max_depth":10,"n_estimators":100},"train":{"accuracy":0.9902003484,"f1":0.9902067465,"recall":0.9908536585,"precision":0.9895606786,"roc_auc":0.9992691994},"test":{"accuracy":0.9620253165,"f1":0.8064516129,"recall":0.8620689655,"precision":0.7575757576,"roc_auc":0.9857022708}}
{"params":{"max_depth":3,"n_estimators":250},"train":{"accuracy":0.962543554,"f1":0.9620811287,"recall":0.9503484321,"precision":0.9741071429,"roc_auc":0.9870288352},"test":{"accuracy":0.9556962025,"f1":0.78125,"recall":0.8620689655,"precision":0.7142857143,"roc_auc":0.9593295687}}
{"params":{"max_depth":5,"n_estimators":250},"train":{"accuracy":0.9729965157,"f1":0.9726992514,"recall":0.9621080139,"precision":0.9835262689,"roc_auc":0.9952374187},"test":{"accuracy":0.9525316456,"f1":0.7540983607,"recall":0.7931034483,"precision":0.71875,"roc_auc":0.9836597381}}
{"params":{"max_depth":3,"n_estimators":500},"train":{"accuracy":0.962543554,"f1":0.9620811287,"recall":0.9503484321,"precision":0.9741071429,"roc_auc":0.9868984198},"test":{"accuracy":0.9556962025,"f1":0.78125,"recall":0.8620689655,"precision":0.7142857143,"roc_auc":0.9562056951}}
{"params":{"max_depth":10,"n_estimators":250},"train":{"accuracy":0.9904181185,"f1":0.9904181185,"recall":0.9904181185,"precision":0.9904181185,"roc_auc":0.9992791584},"test":{"accuracy":0.9620253165,"f1":0.8064516129,"recall":0.8620689655,"precision":0.7575757576,"roc_auc":0.9855821218}}
{"params":{"max_depth":5,"n_estimators":500},"train":{"accuracy":0.9719076655,"f1":0.9715671148,"recall":0.9599303136,"precision":0.9834895136,"roc_auc":0.9951740605},"test":{"accuracy":0.9525316456,"f1":0.7540983607,"recall":0.7931034483,"precision":0.71875,"roc_auc":0.9836597381}}
{"params":{"max_depth":10,"n_estimators":500},"train":{"accuracy":0.9904181185,"f1":0.9904222899,"recall":0.9908536585,"precision":0.9899912968,"roc_auc":0.9992660695},"test":{"accuracy":0.9620253165,"f1":0.8064516129,"recall":0.8620689655,"precision":0.7575757576,"roc_auc":0.9855821218}}
