{"params":{"max_depth":5,"n_estimators":25},"train":{"accuracy":0.9719076655,"f1":0.9715671148,"recall":0.9599303136,"precision":0.9834895136,"roc_auc":0.994801594},"test":{"accuracy":0.9525316456,"f1":0.7540983607,"recall":0.7931034483,"precision":0.71875,"roc_auc":0.9838399616}}
{"params":{"max_depth":3,"n_estimators":50},"train":{"accuracy":0.9608013937,"f1":0.9602473498,"recall":0.9468641115,"precision":0.9740143369,"roc_auc":0.9824214245},"test":{"accuracy":0.9556962025,"f1":0.78125,"recall":0.8620689655,"precision":0.7142857143,"roc_auc":0.9464736273}}
{"params":{"max_depth":3,"n_estimators":25},"train":{"accuracy":0.9610191638,"f1":0.9604769265,"recall":0.9472996516,"precision":0.974025974,"roc_auc":0.9827388793},"test":{"accuracy":0.9556962025,"f1":0.78125,"recall":0.8620689655,"precision":0.7142857143,"roc_auc":0.9477952661}}
{"params":{"max_depth":5,"n_estimators":50},"train":{"accuracy":0.9719076655,"f1":0.9715796431,"recall":0.9603658537,"precision":0.9830584039,"roc_auc":0.9948872414},"test":{"accuracy":0.9525316456,"f1":0.7540983607,"recall":0.7931034483,"precision":0.71875,"roc_auc":0.9836597381}}
{"params":{"max_depth":10,"n_estimators":25},"train":{"accuracy":0.9895470383,"f1":0.989551589,"recall":0.9899825784,"precision":0.9891209748,"roc_auc":0.9992916783},"test":{"accuracy":0.9556962025,"f1":0.7741935484,"recall":0.8275862069,"precision":0.7272727273,"roc_auc":0.9865433137}}
{"params":{"max_depth":3,"n_estimators":100},"train":{"accuracy":0.9621080139,"f1":0.9616232907,"recall":0.9494773519,"precision":0.9740840036,"roc_auc":0.9862480499},"test":{"accuracy":0.9556962025,"f1":0.78125,"recall":0.8620689655,"precision":0.7142857143,"roc_auc":0.9538027154}}
{"params":{"max_depth":10,"n_estimators":50},"train":{"accuracy":0.9904181185,"f1":0.9904222899,"recall":0.9908536585,"precision":0.9899912968,"roc_auc":0.9992523166},"test":{"accuracy":0.9588607595,"f1":0.7868852459,"recall":0.8275862069,"precision":0.75,"roc_auc":0.9863030157}}
{"params":{"max_depth":5,"n_estimators":100},"train":{"accuracy":0.9703832753,"f1":0.9699911739,"recall":0.9573170732,"precision":0.9830053667,"roc_auc":0.9948371619},"test":{"accuracy":0.9525316456,"f1":0.7540983607,"recall":0.7931034483,"precision":0.71875,"roc_auc":0.9838399616}}
{"params":{"max_depth":10,"n_estimators":100},"train":{"accuracy":0.9899825784,"f1":0.9899869395,"recall":0.9904181185,"precision":0.9895561358,"roc_auc":0.9992369512},"test":{"accuracy":0.9588607595,"f1":0.7868852459,"recall":0.8275862069,"precision":0.75,"roc_auc":0.9860627178}}
{"params":{"max_depth":3,"n_estimators":250},"train":{"accuracy":0.9614547038,"f1":0.9609357758,"recall":0.9481707317,"precision":0.974049217,"roc_auc":0.9871362975},"test":{"accuracy":0.9556962025,"f1":0.78125,"recall":0.8620689655,"precision":0.7142857143,"roc_auc":0.9555448756}}
{"params":{"max_depth":5,"n_estimators":250},"train":{"accuracy":0.9703832753,"f1":0.9699911739,"recall":0.9573170732,"precision":0.9830053667,"roc_auc":0.9951529095},"test":{"accuracy":0.9525316456,"f1":0.7540983607,"recall":0.7931034483,"precision":0.71875,"roc_auc":0.9833593656}}
{"params":{"max_depth":3,"n_estimators":500},"train":{"accuracy":0.962543554,"f1":0.9620811287,"recall":0.9503484321,"precision":0.9741071429,"roc_auc":0.9872015526},"test":{"accuracy":0.9556962025,"f1":0.78125,"recall":0.8620689655,"precision":0.7142857143,"roc_auc":0.9561456206}}
{"params":{"max_depth":10,"n_estimators":250},"train":{"accuracy":0.9899825784,"f1":0.9899869395,"recall":0.9904181185,"precision":0.9895561358,"roc_auc":0.9992362873},"test":{"accuracy":0.9588607595,"f1":0.7868852459,"recall":0.8275862069,"precision":0.75,"roc_auc":0.9854619728}}
{"params":{"max_depth":5,"n_estimators":500},"train":{"accuracy":0.9716898955,"f1":0.971340388,"recall":0.9594947735,"precision":0.9834821429,"roc_auc":0.9952792464},"test":{"accuracy":0.9525316456,"f1":0.7540983607,"recall":0.7931034483,"precision":0.71875,"roc_auc":0.9831190676}}
{"params":{"max_depth":10,"n_estimators":500},"train":{"accuracy":0.9902003484,"f1":0.9902067465,"recall":0.9908536585,"precision":0.9895606786,"roc_auc":0.9992603786},"test":{"accuracy":0.9588607595,"f1":0.7868852459,"recall":0.8275862069,"precision":0.75,"roc_auc":0.9857022708}}
