{"params":{"max_depth":3},"train":{"accuracy":0.8727530747,"f1":0.8703614458,"recall":0.8543046358,"precision":0.8870333988,"roc_auc":0.9491478623},"test":{"accuracy":0.7697841727,"f1":0.1111111111,"recall":0.2857142857,"precision":0.0689655172,"roc_auc":0.663961039}}
{"params":{"max_depth":5},"train":{"accuracy":0.9243140965,"f1":0.9240265907,"recall":0.9205298013,"precision":0.9275500477,"roc_auc":0.9775663259},"test":{"accuracy":0.8561151079,"f1":0.1666666667,"recall":0.2857142857,"precision":0.1176470588,"roc_auc":0.7272727273}}
{"params":{"max_depth":3},"train":{"accuracy":0.8609271523,"f1":0.863000932,"recall":0.876064333,"precision":0.8503213958,"roc_auc":0.9538133397},"test":{"accuracy":0.7410071942,"f1":0.1,"recall":0.2857142857,"precision":0.0606060606,"roc_auc":0.6834415584}}
{"params":{"max_depth":5},"train":{"accuracy":0.9257332072,"f1":0.9257683215,"recall":0.9262062441,"precision":0.9253308129,"roc_auc":0.9782519385},"test":{"accuracy":0.8561151079,"f1":0.1666666667,"recall":0.2857142857,"precision":0.1176470588,"roc_auc":0.7413419913}}
{"params":{"max_depth":10},"train":{"accuracy":0.9555345317,"f1":0.9552380952,"recall":0.9489120151,"precision":0.9616490892,"roc_auc":0.9933747983},"test":{"accuracy":0.8992805755,"f1":0.2222222222,"recall":0.2857142857,"precision":0.1818181818,"roc_auc":0.7949134199}}
{"params":{"max_depth":3},"train":{"accuracy":0.8774834437,"f1":0.8811381368,"recall":0.908230842,"precision":0.8556149733,"roc_auc":0.9529120187},"test":{"accuracy":0.7410071942,"f1":0.1,"recall":0.2857142857,"precision":0.0606060606,"roc_auc":0.6834415584}}
{"params":{"max_depth":10},"train":{"accuracy":0.9564806055,"f1":0.9561904762,"recall":0.9498580889,"precision":0.9626078619,"roc_auc":0.9937359532},"test":{"accuracy":0.9136690647,"f1":0.25,"recall":0.2857142857,"precision":0.2222222222,"roc_auc":0.7884199134}}
{"params":{"max_depth":5},"train":{"accuracy":0.9285714286,"f1":0.9290079925,"recall":0.9347209082,"precision":0.923364486,"roc_auc":0.9791398336},"test":{"accuracy":0.8561151079,"f1":0.1666666667,"recall":0.2857142857,"precision":0.1176470588,"roc_auc":0.75}}
{"params":{"max_depth":10},"train":{"accuracy":0.9550614948,"f1":0.9548693587,"recall":0.9508041627,"precision":0.9589694656,"roc_auc":0.9940702565},"test":{"accuracy":0.9208633094,"f1":0.3529411765,"recall":0.4285714286,"precision":0.3,"roc_auc":0.7884199134}}
{"params":{"max_depth":3},"train":{"accuracy":0.8831598865,"f1":0.8871630882,"recall":0.9186376537,"precision":0.8577738516,"roc_auc":0.9537806702},"test":{"accuracy":0.7410071942,"f1":0.1,"recall":0.2857142857,"precision":0.0606060606,"roc_auc":0.6801948052}}
{"params":{"max_depth":5},"train":{"accuracy":0.9280983917,"f1":0.9285714286,"recall":0.9347209082,"precision":0.9225023343,"roc_auc":0.9803490538},"test":{"accuracy":0.8561151079,"f1":0.1666666667,"recall":0.2857142857,"precision":0.1176470588,"roc_auc":0.7532467532}}
{"params":{"max_depth":10},"train":{"accuracy":0.9560075686,"f1":0.9557774608,"recall":0.9508041627,"precision":0.9608030593,"roc_auc":0.993957927},"test":{"accuracy":0.9064748201,"f1":0.2352941176,"recall":0.2857142857,"precision":0.2,"roc_auc":0.7851731602}}
{"params":{"max_depth":3},"train":{"accuracy":0.8836329234,"f1":0.8875685558,"recall":0.9186376537,"precision":0.8585322723,"roc_auc":0.9546524544},"test":{"accuracy":0.7410071942,"f1":0.1,"recall":0.2857142857,"precision":0.0606060606,"roc_auc":0.6834415584}}
{"params":{"max_depth":5},"train":{"accuracy":0.9285714286,"f1":0.9290079925,"recall":0.9347209082,"precision":0.923364486,"roc_auc":0.9816146624},"test":{"accuracy":0.8561151079,"f1":0.1666666667,"recall":0.2857142857,"precision":0.1176470588,"roc_auc":0.7483766234}}
{"params":{"max_depth":10},"train":{"accuracy":0.9560075686,"f1":0.9557774608,"recall":0.9508041627,"precision":0.9608030593,"roc_auc":0.99400626},"test":{"accuracy":0.9064748201,"f1":0.2352941176,"recall":0.2857142857,"precision":0.2,"roc_auc":0.7840909091}}
