{"params":{"max_depth":3},"train":{"accuracy":0.8803216651,"f1":0.8844221106,"recall":0.9157994324,"precision":0.8551236749,"roc_auc":0.9500044305},"test":{"accuracy":0.7410071942,"f1":0.1,"recall":0.2857142857,"precision":0.0606060606,"roc_auc":0.6742424242}}
{"params":{"max_depth":5},"train":{"accuracy":0.9257332072,"f1":0.9258384506,"recall":0.9271523179,"precision":0.9245283019,"roc_auc":0.9767048348},"test":{"accuracy":0.8561151079,"f1":0.1666666667,"recall":0.2857142857,"precision":0.1176470588,"roc_auc":0.7148268398}}
{"params":{"max_depth":5},"train":{"accuracy":0.9243140965,"f1":0.9245994345,"recall":0.9280983917,"precision":0.9211267606,"roc_auc":0.9771460972},"test":{"accuracy":0.8561151079,"f1":0.1666666667,"recall":0.2857142857,"precision":0.1176470588,"roc_auc":0.7164502165}}
{"params":{"max_depth":3},"train":{"accuracy":0.8888363292,"f1":0.8938093086,"recall":0.935666982,"precision":0.8555363322,"roc_auc":0.9527929763},"test":{"accuracy":0.7410071942,"f1":0.1,"recall":0.2857142857,"precision":0.0606060606,"roc_auc":0.6807359307}}
{"params":{"max_depth":5},"train":{"accuracy":0.9257332072,"f1":0.9259084474,"recall":0.9280983917,"precision":0.9237288136,"roc_auc":0.9793967146},"test":{"accuracy":0.8561151079,"f1":0.1666666667,"recall":0.2857142857,"precision":0.1176470588,"roc_auc":0.7218614719}}
{"params":{"max_depth":3},"train":{"accuracy":0.8831598865,"f1":0.8871630882,"recall":0.9186376537,"precision":0.8577738516,"roc_auc":0.9528923275},"test":{"accuracy":0.7410071942,"f1":0.1,"recall":0.2857142857,"precision":0.0606060606,"roc_auc":0.6791125541}}
{"params":{"max_depth":10},"train":{"accuracy":0.9560075686,"f1":0.95631752,"recall":0.963103122,"precision":0.9496268657,"roc_auc":0.9935470965},"test":{"accuracy":0.8992805755,"f1":0.2222222222,"recall":0.2857142857,"precision":0.1818181818,"roc_auc":0.7380952381}}
{"params":{"max_depth":10},"train":{"accuracy":0.9564806055,"f1":0.9568075117,"recall":0.9640491958,"precision":0.9496738117,"roc_auc":0.9937793634},"test":{"accuracy":0.8992805755,"f1":0.2222222222,"recall":0.2857142857,"precision":0.1818181818,"roc_auc":0.7364718615}}
{"params":{"max_depth":10},"train":{"accuracy":0.9560075686,"f1":0.9563994374,"recall":0.9649952696,"precision":0.9479553903,"roc_auc":0.993861261},"test":{"accuracy":0.8992805755,"f1":0.2222222222,"recall":0.2857142857,"precision":0.1818181818,"roc_auc":0.7380952381}}
{"params":{"max_depth":3},"train":{"accuracy":0.8826868496,"f1":0.8867579909,"recall":0.9186376537,"precision":0.8570167696,"roc_auc":0.9526524526},"test":{"accuracy":0.7410071942,"f1":0.1,"recall":0.2857142857,"precision":0.0606060606,"roc_auc":0.6791125541}}
{"params":{"max_depth":5},"train":{"accuracy":0.9252601703,"f1":0.9254716981,"recall":0.9280983917,"precision":0.9228598307,"roc_auc":0.9812503748},"test":{"accuracy":0.8561151079,"f1":0.1666666667,"recall":0.2857142857,"precision":0.1176470588,"roc_auc":0.7478354978}}
{"params":{"max_depth":10},"train":{"accuracy":0.9569536424,"f1":0.9572569281,"recall":0.9640491958,"precision":0.9505597015,"roc_auc":0.9939042237},"test":{"accuracy":0.8992805755,"f1":0.2222222222,"recall":0.2857142857,"precision":0.1818181818,"roc_auc":0.783008658}}
{"params":{"max_depth":3},"train":{"accuracy":0.8684957427,"f1":0.8712962963,"recall":0.8902554399,"precision":0.8531278332,"roc_auc":0.9554526341},"test":{"accuracy":0.7410071942,"f1":0.1,"recall":0.2857142857,"precision":0.0606060606,"roc_auc":0.6823593074}}
{"params":{"max_depth":5},"train":{"accuracy":0.9252601703,"f1":0.9254716981,"recall":0.9280983917,"precision":0.9228598307,"roc_auc":0.9815005429},"test":{"accuracy":0.8561151079,"f1":0.1666666667,"recall":0.2857142857,"precision":0.1176470588,"roc_auc":0.7527056277}}
{"params":{"max_depth":10},"train":{"accuracy":0.9564806055,"f1":0.9567669173,"recall":0.963103122,"precision":0.9505135387,"roc_auc":0.9939230198},"test":{"accuracy":0.8992805755,"f1":0.2222222222,"recall":0.2857142857,"precision":0.1818181818,"roc_auc":0.7840909091}}
