{"params":{"max_depth":5},"train":{"accuracy":0.9295175024,"f1":0.9297501179,"recall":0.9328287606,"precision":0.9266917293,"roc_auc":0.9798142581},"test":{"accuracy":0.8561151079,"f1":0.1666666667,"recall":0.2857142857,"precision":0.1176470588,"roc_auc":0.7332251082}}
{"params":{"max_depth":3},"train":{"accuracy":0.8755912961,"f1":0.8827463219,"recall":0.9366130558,"precision":0.8347386172,"roc_auc":0.9520245711},"test":{"accuracy":0.7122302158,"f1":0.0909090909,"recall":0.2857142857,"precision":0.0540540541,"roc_auc":0.6704545455}}
{"params":{"max_depth":3},"train":{"accuracy":0.8893093661,"f1":0.8943089431,"recall":0.9366130558,"precision":0.8556611927,"roc_auc":0.9540648504},"test":{"accuracy":0.7410071942,"f1":0.1,"recall":0.2857142857,"precision":0.0606060606,"roc_auc":0.6801948052}}
{"params":{"max_depth":5},"train":{"accuracy":0.9257332072,"f1":0.9259084474,"recall":0.9280983917,"precision":0.9237288136,"roc_auc":0.9804040997},"test":{"accuracy":0.8561151079,"f1":0.1666666667,"recall":0.2857142857,"precision":0.1176470588,"roc_auc":0.7402597403}}
{"params":{"max_depth":10},"train":{"accuracy":0.9593188269,"f1":0.9594339623,"recall":0.9621570482,"precision":0.9567262465,"roc_auc":0.993692543},"test":{"accuracy":0.9064748201,"f1":0.2352941176,"recall":0.2857142857,"precision":0.2,"roc_auc":0.7673160173}}
{"params":{"max_depth":5},"train":{"accuracy":0.9271523179,"f1":0.9272898961,"recall":0.9290444655,"precision":0.9255419416,"roc_auc":0.9813846331},"test":{"accuracy":0.8561151079,"f1":0.1666666667,"recall":0.2857142857,"precision":0.1176470588,"roc_auc":0.7467532468}}
{"params":{"max_depth":3},"train":{"accuracy":0.8803216651,"f1":0.884527613,"recall":0.9167455061,"precision":0.8544973545,"roc_auc":0.9537502383},"test":{"accuracy":0.7410071942,"f1":0.1,"recall":0.2857142857,"precision":0.0606060606,"roc_auc":0.6791125541}}
{"params":{"max_depth":10},"train":{"accuracy":0.95884579,"f1":0.9584725537,"recall":0.9498580889,"precision":0.9672447013,"roc_auc":0.9938840849},"test":{"accuracy":0.9208633094,"f1":0.2666666667,"recall":0.2857142857,"precision":0.25,"roc_auc":0.7510822511}}
{"params":{"max_depth":10},"train":{"accuracy":0.9583727531,"f1":0.9580952381,"recall":0.9517502365,"precision":0.9645254075,"roc_auc":0.9939100415},"test":{"accuracy":0.9136690647,"f1":0.25,"recall":0.2857142857,"precision":0.2222222222,"roc_auc":0.7418831169}}
{"params":{"max_depth":3},"train":{"accuracy":0.8694418165,"f1":0.8721037998,"recall":0.8902554399,"precision":0.8546775658,"roc_auc":0.9534378639},"test":{"accuracy":0.7410071942,"f1":0.1,"recall":0.2857142857,"precision":0.0606060606,"roc_auc":0.6823593074}}
{"params":{"max_depth":5},"train":{"accuracy":0.9295175024,"f1":0.9295508274,"recall":0.9299905393,"precision":0.9291115312,"roc_auc":0.9808149302},"test":{"accuracy":0.8561151079,"f1":0.1666666667,"recall":0.2857142857,"precision":0.1176470588,"roc_auc":0.7527056277}}
{"params":{"max_depth":10},"train":{"accuracy":0.9555345317,"f1":0.955365622,"recall":0.9517502365,"precision":0.9590085796,"roc_auc":0.9938541006},"test":{"accuracy":0.9064748201,"f1":0.2352941176,"recall":0.2857142857,"precision":0.2,"roc_auc":0.7765151515}}
{"params":{"max_depth":3},"train":{"accuracy":0.8694418165,"f1":0.8721037998,"recall":0.8902554399,"precision":0.8546775658,"roc_auc":0.9547701542},"test":{"accuracy":0.7410071942,"f1":0.1,"recall":0.2857142857,"precision":0.0606060606,"roc_auc":0.6823593074}}
{"params":{"max_depth":5},"train":{"accuracy":0.9290444655,"f1":0.9291115312,"recall":0.9299905393,"precision":0.9282341832,"roc_auc":0.9813832906},"test":{"accuracy":0.8561151079,"f1":0.1666666667,"recall":0.2857142857,"precision":0.1176470588,"roc_auc":0.755952381}}
{"params":{"max_depth":10},"train":{"accuracy":0.9564806055,"f1":0.9563567362,"recall":0.9536423841,"precision":0.9590865842,"roc_auc":0.9939274951},"test":{"accuracy":0.9064748201,"f1":0.2352941176,"recall":0.2857142857,"precision":0.2,"roc_auc":0.7808441558}}
