{"params":{"max_depth":5},"train":{"accuracy":0.926679281,"f1":0.9269212636,"recall":0.9299905393,"precision":0.9238721805,"roc_auc":0.9797001385},"test":{"accuracy":0.8561151079,"f1":0.1666666667,"recall":0.2857142857,"precision":0.1176470588,"roc_auc":0.7202380952}}
{"params":{"max_depth":3},"train":{"accuracy":0.8779564806,"f1":0.8811059908,"recall":0.9044465468,"precision":0.8589398023,"roc_auc":0.9483570807},"test":{"accuracy":0.7482014388,"f1":0.1025641026,"recall":0.2857142857,"precision":0.0625,"roc_auc":0.6655844156}}
{"params":{"max_depth":3},"train":{"accuracy":0.8779564806,"f1":0.8812154696,"recall":0.9053926206,"precision":0.8582959641,"roc_auc":0.9540836465},"test":{"accuracy":0.7482014388,"f1":0.1025641026,"recall":0.2857142857,"precision":0.0625,"roc_auc":0.6737012987}}
{"params":{"max_depth":10},"train":{"accuracy":0.9569536424,"f1":0.9567284831,"recall":0.9517502365,"precision":0.9617590822,"roc_auc":0.9936397347},"test":{"accuracy":0.8992805755,"f1":0.2222222222,"recall":0.2857142857,"precision":0.1818181818,"roc_auc":0.7386363636}}
{"params":{"max_depth":5},"train":{"accuracy":0.9276253548,"f1":0.927864215,"recall":0.9309366131,"precision":0.9248120301,"roc_auc":0.9801029135},"test":{"accuracy":0.8561151079,"f1":0.1666666667,"recall":0.2857142857,"precision":0.1176470588,"roc_auc":0.7332251082}}
{"params":{"max_depth":3},"train":{"accuracy":0.8831598865,"f1":0.8871630882,"recall":0.9186376537,"precision":0.8577738516,"roc_auc":0.9533161363},"test":{"accuracy":0.7410071942,"f1":0.1,"recall":0.2857142857,"precision":0.0606060606,"roc_auc":0.6801948052}}
{"params":{"max_depth":5},"train":{"accuracy":0.9276253548,"f1":0.927864215,"recall":0.9309366131,"precision":0.9248120301,"roc_auc":0.9808740039},"test":{"accuracy":0.8561151079,"f1":0.1666666667,"recall":0.2857142857,"precision":0.1176470588,"roc_auc":0.7234848485}}
{"params":{"max_depth":10},"train":{"accuracy":0.9564806055,"f1":0.9562737643,"recall":0.9517502365,"precision":0.9608404967,"roc_auc":0.9937833912},"test":{"accuracy":0.9064748201,"f1":0.2352941176,"recall":0.2857142857,"precision":0.2,"roc_auc":0.7418831169}}
{"params":{"max_depth":10},"train":{"accuracy":0.9574266793,"f1":0.9572649573,"recall":0.9536423841,"precision":0.9609151573,"roc_auc":0.9939042237},"test":{"accuracy":0.9064748201,"f1":0.2352941176,"recall":0.2857142857,"precision":0.2,"roc_auc":0.7408008658}}
{"params":{"max_depth":3},"train":{"accuracy":0.8741721854,"f1":0.8780934922,"recall":0.9063386944,"precision":0.8515555556,"roc_auc":0.9535484033},"test":{"accuracy":0.7410071942,"f1":0.1,"recall":0.2857142857,"precision":0.0606060606,"roc_auc":0.6801948052}}
{"params":{"max_depth":5},"train":{"accuracy":0.9276253548,"f1":0.927864215,"recall":0.9309366131,"precision":0.9248120301,"roc_auc":0.981189511},"test":{"accuracy":0.8561151079,"f1":0.1666666667,"recall":0.2857142857,"precision":0.1176470588,"roc_auc":0.7343073593}}
{"params":{"max_depth":10},"train":{"accuracy":0.9560075686,"f1":0.9558614143,"recall":0.9526963103,"precision":0.959047619,"roc_auc":0.9939820935},"test":{"accuracy":0.9064748201,"f1":0.2352941176,"recall":0.2857142857,"precision":0.2,"roc_auc":0.7786796537}}
{"params":{"max_depth":3},"train":{"accuracy":0.8741721854,"f1":0.8780934922,"recall":0.9063386944,"precision":0.8515555556,"roc_auc":0.9550870039},"test":{"accuracy":0.7410071942,"f1":0.1,"recall":0.2857142857,"precision":0.0606060606,"roc_auc":0.6818181818}}
{"params":{"max_depth":5},"train":{"accuracy":0.9280983917,"f1":0.9283018868,"recall":0.9309366131,"precision":0.925682032,"roc_auc":0.9814235681},"test":{"accuracy":0.8561151079,"f1":0.1666666667,"recall":0.2857142857,"precision":0.1176470588,"roc_auc":0.7462121212}}
{"params":{"max_depth":10},"train":{"accuracy":0.9564806055,"f1":0.9563567362,"recall":0.9536423841,"precision":0.9590865842,"roc_auc":0.993957032},"test":{"accuracy":0.9064748201,"f1":0.2352941176,"recall":0.2857142857,"precision":0.2,"roc_auc":0.7819264069}}
