{"params":{"max_depth":5},"train":{"accuracy":0.9304635762,"f1":0.9304964539,"recall":0.9309366131,"precision":0.9300567108,"roc_auc":0.9814038768},"test":{"accuracy":0.8561151079,"f1":0.1666666667,"recall":0.2857142857,"precision":0.1176470588,"roc_auc":0.7386363636}}
{"params":{"max_depth":5},"train":{"accuracy":0.9276253548,"f1":0.9274537696,"recall":0.9252601703,"precision":0.9296577947,"roc_auc":0.9811237244},"test":{"accuracy":0.8561151079,"f1":0.1666666667,"recall":0.2857142857,"precision":0.1176470588,"roc_auc":0.7413419913}}
{"params":{"max_depth":3},"train":{"accuracy":0.8746452223,"f1":0.8777111214,"recall":0.8997161779,"precision":0.8567567568,"roc_auc":0.9508180361},"test":{"accuracy":0.7482014388,"f1":0.1025641026,"recall":0.2857142857,"precision":0.0625,"roc_auc":0.6899350649}}
{"params":{"max_depth":3},"train":{"accuracy":0.8751182592,"f1":0.8781163435,"recall":0.8997161779,"precision":0.8575293057,"roc_auc":0.9510051027},"test":{"accuracy":0.7482014388,"f1":0.1025641026,"recall":0.2857142857,"precision":0.0625,"roc_auc":0.6850649351}}
{"params":{"max_depth":10},"train":{"accuracy":0.9550614948,"f1":0.9549976315,"recall":0.9536423841,"precision":0.9563567362,"roc_auc":0.993530538},"test":{"accuracy":0.8992805755,"f1":0.2222222222,"recall":0.2857142857,"precision":0.1818181818,"roc_auc":0.7305194805}}
{"params":{"max_depth":3},"train":{"accuracy":0.8784295175,"f1":0.8822721026,"recall":0.9110690634,"precision":0.8552397869,"roc_auc":0.9514687415},"test":{"accuracy":0.7482014388,"f1":0.1025641026,"recall":0.2857142857,"precision":0.0625,"roc_auc":0.6801948052}}
{"params":{"max_depth":10},"train":{"accuracy":0.9560075686,"f1":0.9557774608,"recall":0.9508041627,"precision":0.9608030593,"roc_auc":0.9936486853},"test":{"accuracy":0.9064748201,"f1":0.2352941176,"recall":0.2857142857,"precision":0.2,"roc_auc":0.744047619}}
{"params":{"max_depth":5},"train":{"accuracy":0.9280983917,"f1":0.928030303,"recall":0.9271523179,"precision":0.9289099526,"roc_auc":0.9806113051},"test":{"accuracy":0.8561151079,"f1":0.1666666667,"recall":0.2857142857,"precision":0.1176470588,"roc_auc":0.7521645022}}
{"params":{"max_depth":10},"train":{"accuracy":0.9578997162,"f1":0.9576795055,"recall":0.9526963103,"precision":0.9627151052,"roc_auc":0.9937784684},"test":{"accuracy":0.9064748201,"f1":0.2352941176,"recall":0.2857142857,"precision":0.2,"roc_auc":0.783008658}}
{"params":{"max_depth":3},"train":{"accuracy":0.8741721854,"f1":0.8780934922,"recall":0.9063386944,"precision":0.8515555556,"roc_auc":0.9536459643},"test":{"accuracy":0.7410071942,"f1":0.1,"recall":0.2857142857,"precision":0.0606060606,"roc_auc":0.6845238095}}
{"params":{"max_depth":5},"train":{"accuracy":0.9285714286,"f1":0.9285376242,"recall":0.9280983917,"precision":0.9289772727,"roc_auc":0.9817748774},"test":{"accuracy":0.8561151079,"f1":0.1666666667,"recall":0.2857142857,"precision":0.1176470588,"roc_auc":0.7635281385}}
{"params":{"max_depth":10},"train":{"accuracy":0.9560075686,"f1":0.9559032717,"recall":0.9536423841,"precision":0.9581749049,"roc_auc":0.9939462913},"test":{"accuracy":0.9064748201,"f1":0.2352941176,"recall":0.2857142857,"precision":0.2,"roc_auc":0.7840909091}}
{"params":{"max_depth":3},"train":{"accuracy":0.8822138127,"f1":0.8867667121,"recall":0.9224219489,"precision":0.853765324,"roc_auc":0.9546981022},"test":{"accuracy":0.7410071942,"f1":0.1,"recall":0.2857142857,"precision":0.0606060606,"roc_auc":0.683982684}}
{"params":{"max_depth":5},"train":{"accuracy":0.9290444655,"f1":0.9291115312,"recall":0.9299905393,"precision":0.9282341832,"roc_auc":0.982162884},"test":{"accuracy":0.8561151079,"f1":0.1666666667,"recall":0.2857142857,"precision":0.1176470588,"roc_auc":0.7505411255}}
{"params":{"max_depth":10},"train":{"accuracy":0.9569536424,"f1":0.9567695962,"recall":0.9526963103,"precision":0.9608778626,"roc_auc":0.9940026798},"test":{"accuracy":0.9064748201,"f1":0.2352941176,"recall":0.2857142857,"precision":0.2,"roc_auc":0.7840909091}}
