{"params":{"max_depth":3},"train":{"accuracy":0.9884020619,"f1":0.9883870968,"recall":0.9871134021,"precision":0.9896640827,"roc_auc":0.9992361037},"test":{"accuracy":0.9622641509,"f1":0.6666666667,"recall":0.5,"precision":1.0,"roc_auc":0.9642857143}}
{"params":{"max_depth":5},"train":{"accuracy":0.9987113402,"f1":0.9987129987,"recall":1.0,"precision":0.9974293059,"roc_auc":0.9999468594},"test":{"accuracy":0.9622641509,"f1":0.6666666667,"recall":0.5,"precision":1.0,"roc_auc":0.9795918367}}
{"params":{"max_depth":3},"train":{"accuracy":0.9896907216,"f1":0.9896907216,"recall":0.9896907216,"precision":0.9896907216,"roc_auc":0.9992095334},"test":{"accuracy":0.9622641509,"f1":0.6666666667,"recall":0.5,"precision":1.0,"roc_auc":0.9183673469}}
{"params":{"max_depth":5},"train":{"accuracy":0.9987113402,"f1":0.9987129987,"recall":1.0,"precision":0.9974293059,"roc_auc":0.9999468594},"test":{"accuracy":0.9622641509,"f1":0.6666666667,"recall":0.5,"precision":1.0,"roc_auc":0.9744897959}}
{"params":{"max_depth":10},"train":{"accuracy":0.9987113402,"f1":0.9987129987,"recall":1.0,"precision":0.9974293059,"roc_auc":0.9999468594},"test":{"accuracy":0.9622641509,"f1":0.6666666667,"recall":0.5,"precision":1.0,"roc_auc":0.9795918367}}
{"params":{"max_depth":10},"train":{"accuracy":0.9987113402,"f1":0.9987129987,"recall":1.0,"precision":0.9974293059,"roc_auc":0.999953502},"test":{"accuracy":0.9622641509,"f1":0.6666666667,"recall":0.5,"precision":1.0,"roc_auc":0.9744897959}}
{"params":{"max_depth":3},"train":{"accuracy":0.9884020619,"f1":0.9883870968,"recall":0.9871134021,"precision":0.9896640827,"roc_auc":0.9992493889},"test":{"accuracy":0.9622641509,"f1":0.6666666667,"recall":0.5,"precision":1.0,"roc_auc":0.9591836735}}
{"params":{"max_depth":5},"train":{"accuracy":0.9987113402,"f1":0.9987129987,"recall":1.0,"precision":0.9974293059,"roc_auc":0.9999335742},"test":{"accuracy":0.9622641509,"f1":0.6666666667,"recall":0.5,"precision":1.0,"roc_auc":0.9795918367}}
{"params":{"max_depth":10},"train":{"accuracy":0.9987113402,"f1":0.9987129987,"recall":1.0,"precision":0.9974293059,"roc_auc":0.9999335742},"test":{"accuracy":0.9622641509,"f1":0.6666666667,"recall":0.5,"precision":1.0,"roc_auc":0.9795918367}}
{"params":{"max_depth":3},"train":{"accuracy":0.9884020619,"f1":0.9883870968,"recall":0.9871134021,"precision":0.9896640827,"roc_auc":0.9992294612},"test":{"accuracy":0.9811320755,"f1":0.8571428571,"recall":0.75,"precision":1.0,"roc_auc":0.9642857143}}
{"params":{"max_depth":5},"train":{"accuracy":0.9987113402,"f1":0.9987129987,"recall":1.0,"precision":0.9974293059,"roc_auc":0.9999335742},"test":{"accuracy":0.9622641509,"f1":0.6666666667,"recall":0.5,"precision":1.0,"roc_auc":0.9897959184}}
{"params":{"max_depth":10},"train":{"accuracy":0.9987113402,"f1":0.9987129987,"recall":1.0,"precision":0.9974293059,"roc_auc":0.9999335742},"test":{"accuracy":0.9433962264,"f1":0.4,"recall":0.25,"precision":1.0,"roc_auc":0.9897959184}}
{"params":{"max_depth":3},"train":{"accuracy":0.9896907216,"f1":0.9896907216,"recall":0.9896907216,"precision":0.9896907216,"roc_auc":0.9991763205},"test":{"accuracy":0.9811320755,"f1":0.8571428571,"recall":0.75,"precision":1.0,"roc_auc":0.9642857143}}
{"params":{"max_depth":5},"train":{"accuracy":0.9987113402,"f1":0.9987129987,"recall":1.0,"precision":0.9974293059,"roc_auc":0.9999335742},"test":{"accuracy":0.9622641509,"f1":0.6666666667,"recall":0.5,"precision":1.0,"roc_auc":0.9897959184}}
{"params":{"max_depth":10},"train":{"accuracy":0.9987113402,"f1":0.9987129987,"recall":1.0,"precision":0.9974293059,"roc_auc":0.9999335742},"test":{"accuracy":0.9433962264,"f1":0.4,"recall":0.25,"precision":1.0,"roc_auc":0.9948979592}}
