{"params":{"max_depth":3},"train":{"accuracy":0.9909793814,"f1":0.990990991,"recall":0.9922680412,"precision":0.9897172237,"roc_auc":0.9991862844},"test":{"accuracy":0.9811320755,"f1":0.8571428571,"recall":0.75,"precision":1.0,"roc_auc":0.9846938776}}
{"params":{"max_depth":5},"train":{"accuracy":0.9974226804,"f1":0.9974293059,"recall":1.0,"precision":0.9948717949,"roc_auc":0.999953502},"test":{"accuracy":0.9433962264,"f1":0.5714285714,"recall":0.5,"precision":0.6666666667,"roc_auc":0.9795918367}}
{"params":{"max_depth":3},"train":{"accuracy":0.9896907216,"f1":0.9896907216,"recall":0.9896907216,"precision":0.9896907216,"roc_auc":0.999216176},"test":{"accuracy":0.9811320755,"f1":0.8571428571,"recall":0.75,"precision":1.0,"roc_auc":0.9897959184}}
{"params":{"max_depth":5},"train":{"accuracy":0.9987113402,"f1":0.9987129987,"recall":1.0,"precision":0.9974293059,"roc_auc":0.9999402168},"test":{"accuracy":0.9622641509,"f1":0.6666666667,"recall":0.5,"precision":1.0,"roc_auc":0.9846938776}}
{"params":{"max_depth":10},"train":{"accuracy":0.9974226804,"f1":0.9974293059,"recall":1.0,"precision":0.9948717949,"roc_auc":0.999953502},"test":{"accuracy":0.9433962264,"f1":0.5714285714,"recall":0.5,"precision":0.6666666667,"roc_auc":0.9795918367}}
{"params":{"max_depth":3},"train":{"accuracy":0.9896907216,"f1":0.9896907216,"recall":0.9896907216,"precision":0.9896907216,"roc_auc":0.9992228186},"test":{"accuracy":0.9811320755,"f1":0.8571428571,"recall":0.75,"precision":1.0,"roc_auc":0.9846938776}}
{"params":{"max_depth":10},"train":{"accuracy":0.9987113402,"f1":0.9987129987,"recall":1.0,"precision":0.9974293059,"roc_auc":0.9999468594},"test":{"accuracy":0.9622641509,"f1":0.6666666667,"recall":0.5,"precision":1.0,"roc_auc":0.9846938776}}
{"params":{"max_depth":5},"train":{"accuracy":0.9987113402,"f1":0.9987129987,"recall":1.0,"precision":0.9974293059,"roc_auc":0.9999402168},"test":{"accuracy":0.9622641509,"f1":0.6666666667,"recall":0.5,"precision":1.0,"roc_auc":0.9897959184}}
{"params":{"max_depth":10},"train":{"accuracy":0.9987113402,"f1":0.9987129987,"recall":1.0,"precision":0.9974293059,"roc_auc":0.9999468594},"test":{"accuracy":0.9622641509,"f1":0.6666666667,"recall":0.5,"precision":1.0,"roc_auc":0.9948979592}}
{"params":{"max_depth":3},"train":{"accuracy":0.9896907216,"f1":0.9896907216,"recall":0.9896907216,"precision":0.9896907216,"roc_auc":0.9993224572},"test":{"accuracy":0.9811320755,"f1":0.8571428571,"recall":0.75,"precision":1.0,"roc_auc":0.9846938776}}
{"params":{"max_depth":5},"train":{"accuracy":0.9987113402,"f1":0.9987129987,"recall":1.0,"precision":0.9974293059,"roc_auc":0.9999402168},"test":{"accuracy":0.9622641509,"f1":0.6666666667,"recall":0.5,"precision":1.0,"roc_auc":0.9948979592}}
{"params":{"max_depth":10},"train":{"accuracy":0.9987113402,"f1":0.9987129987,"recall":1.0,"precision":0.9974293059,"roc_auc":0.9999402168},"test":{"accuracy":0.9622641509,"f1":0.6666666667,"recall":0.5,"precision":1.0,"roc_auc":0.9948979592}}
{"params":{"max_depth":3},"train":{"accuracy":0.9896907216,"f1":0.9896907216,"recall":0.9896907216,"precision":0.9896907216,"roc_auc":0.9992361037},"test":{"accuracy":0.9811320755,"f1":0.8571428571,"recall":0.75,"precision":1.0,"roc_auc":0.9744897959}}
{"params":{"max_depth":5},"train":{"accuracy":0.9987113402,"f1":0.9987129987,"recall":1.0,"precision":0.9974293059,"roc_auc":0.9999468594},"test":{"accuracy":0.9622641509,"f1":0.6666666667,"recall":0.5,"precision":1.0,"roc_auc":0.9897959184}}
{"params":{"max_depth":10},"train":{"accuracy":0.9987113402,"f1":0.9987129987,"recall":1.0,"precision":0.9974293059,"roc_auc":0.9999468594},"test":{"accuracy":0.9622641509,"f1":0.6666666667,"recall":0.5,"precision":1.0,"roc_auc":0.9948979592}}
