{"params":{"max_depth":3,"n_estimators":25},"train":{"accuracy":0.9871134021,"f1":0.9871465296,"recall":0.9896907216,"precision":0.9846153846,"roc_auc":0.9991364651},"test":{"accuracy":0.9811320755,"f1":0.8571428571,"recall":0.75,"precision":1.0,"roc_auc":0.9642857143}}
{"params":{"max_depth":5,"n_estimators":25},"train":{"accuracy":0.9961340206,"f1":0.9961389961,"recall":0.9974226804,"precision":0.9948586118,"roc_auc":0.9998671485},"test":{"accuracy":0.9622641509,"f1":0.6666666667,"recall":0.5,"precision":1.0,"roc_auc":0.9897959184}}
{"params":{"max_depth":3,"n_estimators":50},"train":{"accuracy":0.9871134021,"f1":0.9871465296,"recall":0.9896907216,"precision":0.9846153846,"roc_auc":0.9991630354},"test":{"accuracy":0.9811320755,"f1":0.8571428571,"recall":0.75,"precision":1.0,"roc_auc":1.0}}
{"params":{"max_depth":5,"n_estimators":50},"train":{"accuracy":0.9922680412,"f1":0.9922680412,"recall":0.9922680412,"precision":0.9922680412,"roc_auc":0.9997940801},"test":{"accuracy":0.9622641509,"f1":0.6666666667,"recall":0.5,"precision":1.0,"roc_auc":0.9948979592}}
{"params":{"max_depth":10,"n_estimators":25},"train":{"accuracy":0.9961340206,"f1":0.9961389961,"recall":0.9974226804,"precision":0.9948586118,"roc_auc":0.9998671485},"test":{"accuracy":0.9622641509,"f1":0.6666666667,"recall":0.5,"precision":1.0,"roc_auc":0.9897959184}}
{"params":{"max_depth":3,"n_estimators":100},"train":{"accuracy":0.9871134021,"f1":0.9871465296,"recall":0.9896907216,"precision":0.9846153846,"roc_auc":0.9991896057},"test":{"accuracy":0.9811320755,"f1":0.8571428571,"recall":0.75,"precision":1.0,"roc_auc":1.0}}
{"params":{"max_depth":10,"n_estimators":50},"train":{"accuracy":0.9922680412,"f1":0.9922680412,"recall":0.9922680412,"precision":0.9922680412,"roc_auc":0.9998007227},"test":{"accuracy":0.9622641509,"f1":0.6666666667,"recall":0.5,"precision":1.0,"roc_auc":0.9948979592}}
{"params":{"max_depth":5,"n_estimators":100},"train":{"accuracy":0.9987113402,"f1":0.9987129987,"recall":1.0,"precision":0.9974293059,"roc_auc":0.9999136465},"test":{"accuracy":0.9622641509,"f1":0.6666666667,"recall":0.5,"precision":1.0,"roc_auc":0.9948979592}}
{"params":{"max_depth":10,"n_estimators":100},"train":{"accuracy":0.9987113402,"f1":0.9987129987,"recall":1.0,"precision":0.9974293059,"roc_auc":0.9999070039},"test":{"accuracy":0.9622641509,"f1":0.6666666667,"recall":0.5,"precision":1.0,"roc_auc":0.9948979592}}
{"params":{"max_depth":3,"n_estimators":250},"train":{"accuracy":0.9871134021,"f1":0.9871465296,"recall":0.9896907216,"precision":0.9846153846,"roc_auc":0.9992361037},"test":{"accuracy":0.9811320755,"f1":0.8571428571,"recall":0.75,"precision":1.0,"roc_auc":0.9948979592}}
{"params":{"max_depth":5,"n_estimators":250},"train":{"accuracy":0.9987113402,"f1":0.9987129987,"recall":1.0,"precision":0.9974293059,"roc_auc":0.9999136465},"test":{"accuracy":0.9622641509,"f1":0.6666666667,"recall":0.5,"precision":1.0,"roc_auc":0.9948979592}}
{"params":{"max_depth":10,"n_estimators":250},"train":{"accuracy":0.9987113402,"f1":0.9987129987,"recall":1.0,"precision":0.9974293059,"roc_auc":0.9999136465},"test":{"accuracy":0.9622641509,"f1":0.6666666667,"recall":0.5,"precision":1.0,"roc_auc":0.9948979592}}
{"params":{"max_depth":3,"n_estimators":500},"train":{"accuracy":0.9884020619,"f1":0.9884467266,"recall":0.9922680412,"precision":0.9846547315,"roc_auc":0.999262674},"test":{"accuracy":0.9811320755,"f1":0.8571428571,"recall":0.75,"precision":1.0,"roc_auc":0.9948979592}}
{"params":{"max_depth":5,"n_estimators":500},"train":{"accuracy":0.9987113402,"f1":0.9987129987,"recall":1.0,"precision":0.9974293059,"roc_auc":0.9999003614},"test":{"accuracy":0.9622641509,"f1":0.6666666667,"recall":0.5,"precision":1.0,"roc_auc":0.9948979592}}
{"params":{"max_depth":10,"n_estimators":500},"train":{"accuracy":0.9987113402,"f1":0.9987129987,"recall":1.0,"precision":0.9974293059,"roc_auc":0.9999003614},"test":{"accuracy":0.9622641509,"f1":0.6666666667,"recall":0.5,"precision":1.0,"roc_auc":0.9948979592}}
