{"params":{"max_depth":5,"n_estimators":25},"train":{"accuracy":0.9961340206,"f1":0.9961489089,"recall":1.0,"precision":0.9923273657,"roc_auc":0.9999335742},"test":{"accuracy":0.9622641509,"f1":0.6666666667,"recall":0.5,"precision":1.0,"roc_auc":0.9948979592}}
{"params":{"max_depth":3,"n_estimators":25},"train":{"accuracy":0.9909793814,"f1":0.990990991,"recall":0.9922680412,"precision":0.9897172237,"roc_auc":0.9992693166},"test":{"accuracy":0.9622641509,"f1":0.6666666667,"recall":0.5,"precision":1.0,"roc_auc":1.0}}
{"params":{"max_depth":5,"n_estimators":50},"train":{"accuracy":0.9974226804,"f1":0.9974293059,"recall":1.0,"precision":0.9948717949,"roc_auc":0.9999335742},"test":{"accuracy":0.9433962264,"f1":0.4,"recall":0.25,"precision":1.0,"roc_auc":0.9948979592}}
{"params":{"max_depth":3,"n_estimators":50},"train":{"accuracy":0.9896907216,"f1":0.9897172237,"recall":0.9922680412,"precision":0.9871794872,"roc_auc":0.9991298225},"test":{"accuracy":0.9622641509,"f1":0.6666666667,"recall":0.5,"precision":1.0,"roc_auc":1.0}}
{"params":{"max_depth":10,"n_estimators":25},"train":{"accuracy":0.9961340206,"f1":0.9961489089,"recall":1.0,"precision":0.9923273657,"roc_auc":0.9999335742},"test":{"accuracy":0.9622641509,"f1":0.6666666667,"recall":0.5,"precision":1.0,"roc_auc":0.9948979592}}
{"params":{"max_depth":10,"n_estimators":50},"train":{"accuracy":0.9974226804,"f1":0.9974293059,"recall":1.0,"precision":0.9948717949,"roc_auc":0.9999335742},"test":{"accuracy":0.9622641509,"f1":0.6666666667,"recall":0.5,"precision":1.0,"roc_auc":0.9948979592}}
{"params":{"max_depth":3,"n_estimators":100},"train":{"accuracy":0.9896907216,"f1":0.9897172237,"recall":0.9922680412,"precision":0.9871794872,"roc_auc":0.999262674},"test":{"accuracy":0.9811320755,"f1":0.8571428571,"recall":0.75,"precision":1.0,"roc_auc":1.0}}
{"params":{"max_depth":5,"n_estimators":100},"train":{"accuracy":0.9974226804,"f1":0.9974293059,"recall":1.0,"precision":0.9948717949,"roc_auc":0.9999202891},"test":{"accuracy":0.9811320755,"f1":0.8571428571,"recall":0.75,"precision":1.0,"roc_auc":0.9948979592}}
{"params":{"max_depth":10,"n_estimators":100},"train":{"accuracy":0.9987113402,"f1":0.9987129987,"recall":1.0,"precision":0.9974293059,"roc_auc":0.9999202891},"test":{"accuracy":0.9811320755,"f1":0.8571428571,"recall":0.75,"precision":1.0,"roc_auc":0.9948979592}}
{"params":{"max_depth":3,"n_estimators":250},"train":{"accuracy":0.9896907216,"f1":0.9897172237,"recall":0.9922680412,"precision":0.9871794872,"roc_auc":0.9992361037},"test":{"accuracy":0.9811320755,"f1":0.8571428571,"recall":0.75,"precision":1.0,"roc_auc":0.9948979592}}
{"params":{"max_depth":5,"n_estimators":250},"train":{"accuracy":0.9987113402,"f1":0.9987129987,"recall":1.0,"precision":0.9974293059,"roc_auc":0.9999070039},"test":{"accuracy":0.9811320755,"f1":0.8571428571,"recall":0.75,"precision":1.0,"roc_auc":0.9948979592}}
{"params":{"max_depth":10,"n_estimators":250},"train":{"accuracy":0.9987113402,"f1":0.9987129987,"recall":1.0,"precision":0.9974293059,"roc_auc":0.9999070039},"test":{"accuracy":0.9811320755,"f1":0.8571428571,"recall":0.75,"precision":1.0,"roc_auc":0.9948979592}}
{"params":{"max_depth":3,"n_estimators":500},"train":{"accuracy":0.9896907216,"f1":0.9897172237,"recall":0.9922680412,"precision":0.9871794872,"roc_auc":0.9991763205},"test":{"accuracy":0.9811320755,"f1":0.8571428571,"recall":0.75,"precision":1.0,"roc_auc":0.9948979592}}
{"params":{"max_depth":5,"n_estimators":500},"train":{"accuracy":0.9987113402,"f1":0.9987129987,"recall":1.0,"precision":0.9974293059,"roc_auc":0.9999003614},"test":{"accuracy":0.9622641509,"f1":0.6666666667,"recall":0.5,"precision":1.0,"roc_auc":0.9948979592}}
{"params":{"max_depth":10,"n_estimators":500},"train":{"accuracy":0.9987113402,"f1":0.9987129987,"recall":1.0,"precision":0.9974293059,"roc_auc":0.9999003614},"test":{"accuracy":0.9811320755,"f1":0.8571428571,"recall":0.75,"precision":1.0,"roc_auc":0.9948979592}}
