{"params":{"max_depth":3,"n_estimators":25},"train":{"accuracy":0.9884020619,"f1":0.9884169884,"recall":0.9896907216,"precision":0.9871465296,"roc_auc":0.9990833245},"test":{"accuracy":0.9433962264,"f1":0.5714285714,"recall":0.5,"precision":0.6666666667,"roc_auc":0.9591836735}}
{"params":{"max_depth":5,"n_estimators":25},"train":{"accuracy":0.9961340206,"f1":0.9961489089,"recall":1.0,"precision":0.9923273657,"roc_auc":0.9999136465},"test":{"accuracy":0.9622641509,"f1":0.6666666667,"recall":0.5,"precision":1.0,"roc_auc":0.9897959184}}
{"params":{"max_depth":3,"n_estimators":50},"train":{"accuracy":0.9896907216,"f1":0.9896907216,"recall":0.9896907216,"precision":0.9896907216,"roc_auc":0.9990633967},"test":{"accuracy":0.9811320755,"f1":0.8571428571,"recall":0.75,"precision":1.0,"roc_auc":0.9744897959}}
{"params":{"max_depth":5,"n_estimators":50},"train":{"accuracy":0.9948453608,"f1":0.9948717949,"recall":1.0,"precision":0.9897959184,"roc_auc":0.9998870762},"test":{"accuracy":0.9622641509,"f1":0.6666666667,"recall":0.5,"precision":1.0,"roc_auc":0.9897959184}}
{"params":{"max_depth":10,"n_estimators":25},"train":{"accuracy":0.9974226804,"f1":0.9974293059,"recall":1.0,"precision":0.9948717949,"roc_auc":0.9999269317},"test":{"accuracy":0.9622641509,"f1":0.6666666667,"recall":0.5,"precision":1.0,"roc_auc":0.9897959184}}
{"params":{"max_depth":10,"n_estimators":50},"train":{"accuracy":0.9948453608,"f1":0.9948717949,"recall":1.0,"precision":0.9897959184,"roc_auc":0.9999003614},"test":{"accuracy":0.9622641509,"f1":0.6666666667,"recall":0.5,"precision":1.0,"roc_auc":0.9897959184}}
{"params":{"max_depth":3,"n_estimators":100},"train":{"accuracy":0.9896907216,"f1":0.9897172237,"recall":0.9922680412,"precision":0.9871794872,"roc_auc":0.9990966096},"test":{"accuracy":0.9811320755,"f1":0.8571428571,"recall":0.75,"precision":1.0,"roc_auc":0.9948979592}}
{"params":{"max_depth":5,"n_estimators":100},"train":{"accuracy":0.9974226804,"f1":0.9974293059,"recall":1.0,"precision":0.9948717949,"roc_auc":0.9999136465},"test":{"accuracy":0.9622641509,"f1":0.6666666667,"recall":0.5,"precision":1.0,"roc_auc":0.9948979592}}
{"params":{"max_depth":10,"n_estimators":100},"train":{"accuracy":0.9974226804,"f1":0.9974293059,"recall":1.0,"precision":0.9948717949,"roc_auc":0.9999136465},"test":{"accuracy":0.9622641509,"f1":0.6666666667,"recall":0.5,"precision":1.0,"roc_auc":0.9948979592}}
{"params":{"max_depth":3,"n_estimators":250},"train":{"accuracy":0.9909793814,"f1":0.990990991,"recall":0.9922680412,"precision":0.9897172237,"roc_auc":0.9990766819},"test":{"accuracy":0.9811320755,"f1":0.8571428571,"recall":0.75,"precision":1.0,"roc_auc":0.9948979592}}
{"params":{"max_depth":5,"n_estimators":250},"train":{"accuracy":0.9987113402,"f1":0.9987129987,"recall":1.0,"precision":0.9974293059,"roc_auc":0.9999202891},"test":{"accuracy":0.9622641509,"f1":0.6666666667,"recall":0.5,"precision":1.0,"roc_auc":0.9948979592}}
{"params":{"max_depth":10,"n_estimators":250},"train":{"accuracy":0.9987113402,"f1":0.9987129987,"recall":1.0,"precision":0.9974293059,"roc_auc":0.9999202891},"test":{"accuracy":0.9622641509,"f1":0.6666666667,"recall":0.5,"precision":1.0,"roc_auc":0.9948979592}}
{"params":{"max_depth":3,"n_estimators":500},"train":{"accuracy":0.9909793814,"f1":0.990990991,"recall":0.9922680412,"precision":0.9897172237,"roc_auc":0.9991298225},"test":{"accuracy":0.9811320755,"f1":0.8571428571,"recall":0.75,"precision":1.0,"roc_auc":0.9948979592}}
{"params":{"max_depth":5,"n_estimators":500},"train":{"accuracy":0.9987113402,"f1":0.9987129987,"recall":1.0,"precision":0.9974293059,"roc_auc":0.9999003614},"test":{"accuracy":0.9622641509,"f1":0.6666666667,"recall":0.5,"precision":1.0,"roc_auc":0.9948979592}}
{"params":{"max_depth":10,"n_estimators":500},"train":{"accuracy":0.9987113402,"f1":0.9987129987,"recall":1.0,"precision":0.9974293059,"roc_auc":0.9999070039},"test":{"accuracy":0.9622641509,"f1":0.6666666667,"recall":0.5,"precision":1.0,"roc_auc":0.9948979592}}
