{"params":{"max_depth":5},"train":{"accuracy":0.9929245283,"f1":0.9577464789,"recall":0.9444444444,"precision":0.9714285714,"roc_auc":0.9998568156},"test":{"accuracy":0.9433962264,"f1":0.5714285714,"recall":0.5,"precision":0.6666666667,"roc_auc":0.9846938776}}
{"params":{"max_depth":3},"train":{"accuracy":0.9929245283,"f1":0.9577464789,"recall":0.9444444444,"precision":0.9714285714,"roc_auc":0.9992124857},"test":{"accuracy":0.9433962264,"f1":0.5714285714,"recall":0.5,"precision":0.6666666667,"roc_auc":0.9897959184}}
{"params":{"max_depth":3},"train":{"accuracy":0.9952830189,"f1":0.9722222222,"recall":0.9722222222,"precision":0.9722222222,"roc_auc":0.9994988545},"test":{"accuracy":0.9811320755,"f1":0.8571428571,"recall":0.75,"precision":1.0,"roc_auc":0.9948979592}}
{"params":{"max_depth":5},"train":{"accuracy":0.9976415094,"f1":0.9863013699,"recall":1.0,"precision":0.972972973,"roc_auc":1.0},"test":{"accuracy":0.9622641509,"f1":0.6666666667,"recall":0.5,"precision":1.0,"roc_auc":0.9897959184}}
{"params":{"max_depth":10},"train":{"accuracy":0.9929245283,"f1":0.9577464789,"recall":0.9444444444,"precision":0.9714285714,"roc_auc":0.9999284078},"test":{"accuracy":0.9622641509,"f1":0.75,"recall":0.75,"precision":0.75,"roc_auc":0.9846938776}}
{"params":{"max_depth":10},"train":{"accuracy":0.9976415094,"f1":0.9863013699,"recall":1.0,"precision":0.972972973,"roc_auc":1.0},"test":{"accuracy":0.9622641509,"f1":0.6666666667,"recall":0.5,"precision":1.0,"roc_auc":0.9948979592}}
{"params":{"max_depth":3},"train":{"accuracy":0.9976415094,"f1":0.9863013699,"recall":1.0,"precision":0.972972973,"roc_auc":0.9994272623},"test":{"accuracy":0.9811320755,"f1":0.8571428571,"recall":0.75,"precision":1.0,"roc_auc":1.0}}
{"params":{"max_depth":5},"train":{"accuracy":0.9976415094,"f1":0.9863013699,"recall":1.0,"precision":0.972972973,"roc_auc":0.9999284078},"test":{"accuracy":0.9622641509,"f1":0.6666666667,"recall":0.5,"precision":1.0,"roc_auc":0.9948979592}}
{"params":{"max_depth":10},"train":{"accuracy":0.9976415094,"f1":0.9863013699,"recall":1.0,"precision":0.972972973,"roc_auc":1.0},"test":{"accuracy":0.9622641509,"f1":0.6666666667,"recall":0.5,"precision":1.0,"roc_auc":0.9948979592}}
{"params":{"max_depth":3},"train":{"accuracy":0.9952830189,"f1":0.9722222222,"recall":0.9722222222,"precision":0.9722222222,"roc_auc":0.9992124857},"test":{"accuracy":0.9811320755,"f1":0.8571428571,"recall":0.75,"precision":1.0,"roc_auc":1.0}}
{"params":{"max_depth":10},"train":{"accuracy":0.9976415094,"f1":0.9863013699,"recall":1.0,"precision":0.972972973,"roc_auc":0.9998568156},"test":{"accuracy":0.9622641509,"f1":0.6666666667,"recall":0.5,"precision":1.0,"roc_auc":1.0}}
{"params":{"max_depth":5},"train":{"accuracy":0.9976415094,"f1":0.9863013699,"recall":1.0,"precision":0.972972973,"roc_auc":0.9998568156},"test":{"accuracy":0.9622641509,"f1":0.6666666667,"recall":0.5,"precision":1.0,"roc_auc":1.0}}
{"params":{"max_depth":10},"train":{"accuracy":0.9976415094,"f1":0.9863013699,"recall":1.0,"precision":0.972972973,"roc_auc":0.9999284078},"test":{"accuracy":0.9622641509,"f1":0.6666666667,"recall":0.5,"precision":1.0,"roc_auc":1.0}}
{"params":{"max_depth":3},"train":{"accuracy":0.9952830189,"f1":0.9722222222,"recall":0.9722222222,"precision":0.9722222222,"roc_auc":0.998997709},"test":{"accuracy":0.9811320755,"f1":0.8571428571,"recall":0.75,"precision":1.0,"roc_auc":1.0}}
{"params":{"max_depth":5},"train":{"accuracy":0.9976415094,"f1":0.9863013699,"recall":1.0,"precision":0.972972973,"roc_auc":0.9999284078},"test":{"accuracy":0.9622641509,"f1":0.6666666667,"recall":0.5,"precision":1.0,"roc_auc":1.0}}
