{"params":{"max_depth":5},"train":{"accuracy":0.9901129944,"f1":0.9901616304,"recall":0.9950564972,"precision":0.9853146853,"roc_auc":0.9991393632},"test":{"accuracy":0.9708222812,"f1":0.8,"recall":0.9565217391,"precision":0.6875,"roc_auc":0.9877180054}}
{"params":{"max_depth":3},"train":{"accuracy":0.9653954802,"f1":0.9654686399,"recall":0.9675141243,"precision":0.9634317862,"roc_auc":0.9902204103},"test":{"accuracy":0.949602122,"f1":0.6779661017,"recall":0.8695652174,"precision":0.5555555556,"roc_auc":0.9827437976}}
{"params":{"max_depth":3},"train":{"accuracy":0.9673375706,"f1":0.9675495527,"recall":0.9738700565,"precision":0.9613105612,"roc_auc":0.9901697259},"test":{"accuracy":0.9549071618,"f1":0.7213114754,"recall":0.9565217391,"precision":0.5789473684,"roc_auc":0.9827437976}}
{"params":{"max_depth":5},"train":{"accuracy":0.9901129944,"f1":0.9901616304,"recall":0.9950564972,"precision":0.9853146853,"roc_auc":0.999133129},"test":{"accuracy":0.9708222812,"f1":0.8,"recall":0.9565217391,"precision":0.6875,"roc_auc":0.9910341439}}
{"params":{"max_depth":10},"train":{"accuracy":0.9950564972,"f1":0.9950530035,"recall":0.9943502825,"precision":0.9957567185,"roc_auc":0.9999184561},"test":{"accuracy":0.9814323607,"f1":0.862745098,"recall":0.9565217391,"precision":0.7857142857,"roc_auc":0.9947187423}}
{"params":{"max_depth":3},"train":{"accuracy":0.9659251412,"f1":0.9660510114,"recall":0.9696327684,"precision":0.9624956186,"roc_auc":0.990798075},"test":{"accuracy":0.949602122,"f1":0.6779661017,"recall":0.8695652174,"precision":0.5555555556,"roc_auc":0.9832964873}}
{"params":{"max_depth":5},"train":{"accuracy":0.9895833333,"f1":0.9896363956,"recall":0.9947033898,"precision":0.984620762,"roc_auc":0.9993670376},"test":{"accuracy":0.9708222812,"f1":0.8,"recall":0.9565217391,"precision":0.6875,"roc_auc":0.9925079833}}
{"params":{"max_depth":10},"train":{"accuracy":0.9948799435,"f1":0.9948772302,"recall":0.9943502825,"precision":0.9954047367,"roc_auc":0.9999279322},"test":{"accuracy":0.9814323607,"f1":0.862745098,"recall":0.9565217391,"precision":0.7857142857,"roc_auc":0.9948415623}}
{"params":{"max_depth":10},"train":{"accuracy":0.9948799435,"f1":0.9948754197,"recall":0.9939971751,"precision":0.9957552175,"roc_auc":0.9999249398},"test":{"accuracy":0.9814323607,"f1":0.862745098,"recall":0.9565217391,"precision":0.7857142857,"roc_auc":0.9950872022}}
{"params":{"max_depth":3},"train":{"accuracy":0.9669844633,"f1":0.9671872258,"recall":0.9731638418,"precision":0.9612835717,"roc_auc":0.9909432704},"test":{"accuracy":0.9549071618,"f1":0.7213114754,"recall":0.9565217391,"precision":0.5789473684,"roc_auc":0.9835421272}}
{"params":{"max_depth":5},"train":{"accuracy":0.9894067797,"f1":0.9894625922,"recall":0.9947033898,"precision":0.9842767296,"roc_auc":0.9993382354},"test":{"accuracy":0.9708222812,"f1":0.8,"recall":0.9565217391,"precision":0.6875,"roc_auc":0.9934291329}}
{"params":{"max_depth":3},"train":{"accuracy":0.9669844633,"f1":0.9671872258,"recall":0.9731638418,"precision":0.9612835717,"roc_auc":0.991181356},"test":{"accuracy":0.9549071618,"f1":0.7213114754,"recall":0.9565217391,"precision":0.5789473684,"roc_auc":0.9835421272}}
{"params":{"max_depth":10},"train":{"accuracy":0.9947033898,"f1":0.9947015189,"recall":0.9943502825,"precision":0.9950530035,"roc_auc":0.9999286803},"test":{"accuracy":0.9814323607,"f1":0.862745098,"recall":0.9565217391,"precision":0.7857142857,"roc_auc":0.995455662}}
{"params":{"max_depth":5},"train":{"accuracy":0.9895833333,"f1":0.9896363956,"recall":0.9947033898,"precision":0.984620762,"roc_auc":0.9993293828},"test":{"accuracy":0.9708222812,"f1":0.8,"recall":0.9565217391,"precision":0.6875,"roc_auc":0.9933677229}}
{"params":{"max_depth":10},"train":{"accuracy":0.9947033898,"f1":0.9947015189,"recall":0.9943502825,"precision":0.9950530035,"roc_auc":0.9999290544},"test":{"accuracy":0.9814323607,"f1":0.862745098,"recall":0.9565217391,"precision":0.7857142857,"roc_auc":0.9950872022}}
