{"params":{"max_depth":5},"train":{"accuracy":0.9890536723,"f1":0.9891189891,"recall":0.9950564972,"precision":0.9832519191,"roc_auc":0.9989510891},"test":{"accuracy":0.9734748011,"f1":0.8214285714,"recall":1.0,"precision":0.696969697,"roc_auc":0.9915254237}}
{"params":{"max_depth":3},"train":{"accuracy":0.9668079096,"f1":0.967005967,"recall":0.9728107345,"precision":0.9612700628,"roc_auc":0.9902077548},"test":{"accuracy":0.9549071618,"f1":0.7213114754,"recall":0.9565217391,"precision":0.5789473684,"roc_auc":0.9827437976}}
{"params":{"max_depth":3},"train":{"accuracy":0.9671610169,"f1":0.9673684211,"recall":0.9735169492,"precision":0.9612970711,"roc_auc":0.9905352394},"test":{"accuracy":0.9549071618,"f1":0.7213114754,"recall":0.9565217391,"precision":0.5789473684,"roc_auc":0.9828666175}}
{"params":{"max_depth":5},"train":{"accuracy":0.9890536723,"f1":0.9891113453,"recall":0.9943502825,"precision":0.9839273235,"roc_auc":0.999110561},"test":{"accuracy":0.9734748011,"f1":0.8214285714,"recall":1.0,"precision":0.696969697,"roc_auc":0.9913411938}}
{"params":{"max_depth":10},"train":{"accuracy":0.9950564972,"f1":0.9950512549,"recall":0.9939971751,"precision":0.9961075725,"roc_auc":0.9999293661},"test":{"accuracy":0.9814323607,"f1":0.862745098,"recall":0.9565217391,"precision":0.7857142857,"roc_auc":0.9949643822}}
{"params":{"max_depth":3},"train":{"accuracy":0.9664548023,"f1":0.9667483374,"recall":0.9752824859,"precision":0.9583622484,"roc_auc":0.9905146664},"test":{"accuracy":0.9549071618,"f1":0.7213114754,"recall":0.9565217391,"precision":0.5789473684,"roc_auc":0.9830508475}}
{"params":{"max_depth":5},"train":{"accuracy":0.9888771186,"f1":0.9889376646,"recall":0.9943502825,"precision":0.9835836535,"roc_auc":0.9992166678},"test":{"accuracy":0.9734748011,"f1":0.8214285714,"recall":1.0,"precision":0.696969697,"roc_auc":0.993244903}}
{"params":{"max_depth":10},"train":{"accuracy":0.9952330508,"f1":0.9952271522,"recall":0.9939971751,"precision":0.996460177,"roc_auc":0.999933543},"test":{"accuracy":0.9814323607,"f1":0.862745098,"recall":0.9565217391,"precision":0.7857142857,"roc_auc":0.9945959224}}
{"params":{"max_depth":10},"train":{"accuracy":0.9950564972,"f1":0.9950512549,"recall":0.9939971751,"precision":0.9961075725,"roc_auc":0.9999305506},"test":{"accuracy":0.9814323607,"f1":0.862745098,"recall":0.9565217391,"precision":0.7857142857,"roc_auc":0.9952100221}}
{"params":{"max_depth":3},"train":{"accuracy":0.9668079096,"f1":0.9670637701,"recall":0.9745762712,"precision":0.9596662031,"roc_auc":0.9910760597},"test":{"accuracy":0.9549071618,"f1":0.7213114754,"recall":0.9565217391,"precision":0.5789473684,"roc_auc":0.9846475068}}
{"params":{"max_depth":5},"train":{"accuracy":0.989230226,"f1":0.9892850869,"recall":0.9943502825,"precision":0.9842712338,"roc_auc":0.9994058146},"test":{"accuracy":0.9708222812,"f1":0.8,"recall":0.9565217391,"precision":0.6875,"roc_auc":0.9937361828}}
{"params":{"max_depth":3},"train":{"accuracy":0.9664548023,"f1":0.9667017175,"recall":0.9738700565,"precision":0.959638135,"roc_auc":0.9914563484},"test":{"accuracy":0.9549071618,"f1":0.7213114754,"recall":0.9565217391,"precision":0.5789473684,"roc_auc":0.9846475068}}
{"params":{"max_depth":10},"train":{"accuracy":0.9947033898,"f1":0.9946958982,"recall":0.9932909605,"precision":0.9961048159,"roc_auc":0.999928805},"test":{"accuracy":0.9814323607,"f1":0.862745098,"recall":0.9565217391,"precision":0.7857142857,"roc_auc":0.9949643822}}
{"params":{"max_depth":5},"train":{"accuracy":0.989230226,"f1":0.9892850869,"recall":0.9943502825,"precision":0.9842712338,"roc_auc":0.9994662867},"test":{"accuracy":0.9708222812,"f1":0.8,"recall":0.9565217391,"precision":0.6875,"roc_auc":0.9938590027}}
{"params":{"max_depth":10},"train":{"accuracy":0.9948799435,"f1":0.9948736079,"recall":0.9936440678,"precision":0.9961061947,"roc_auc":0.9999309246},"test":{"accuracy":0.9814323607,"f1":0.862745098,"recall":0.9565217391,"precision":0.7857142857,"roc_auc":0.9955784819}}
