{"params":{"max_depth":5},"train":{"accuracy":0.9888771186,"f1":0.9889415482,"recall":0.9947033898,"precision":0.9832460733,"roc_auc":0.9992197849},"test":{"accuracy":0.9734748011,"f1":0.8214285714,"recall":1.0,"precision":0.696969697,"roc_auc":0.9917710636}}
{"params":{"max_depth":3},"train":{"accuracy":0.9662782486,"f1":0.9664618086,"recall":0.9717514124,"precision":0.9612294796,"roc_auc":0.9900934188},"test":{"accuracy":0.9549071618,"f1":0.7213114754,"recall":0.9565217391,"precision":0.5789473684,"roc_auc":0.9850773766}}
{"params":{"max_depth":3},"train":{"accuracy":0.9668079096,"f1":0.967005967,"recall":0.9728107345,"precision":0.9612700628,"roc_auc":0.9907964541},"test":{"accuracy":0.9549071618,"f1":0.7213114754,"recall":0.9565217391,"precision":0.5789473684,"roc_auc":0.9835421272}}
{"params":{"max_depth":10},"train":{"accuracy":0.9936440678,"f1":0.9936507937,"recall":0.9947033898,"precision":0.9926004228,"roc_auc":0.9999128453},"test":{"accuracy":0.976127321,"f1":0.8301886792,"recall":0.9565217391,"precision":0.7333333333,"roc_auc":0.9947187423}}
{"params":{"max_depth":5},"train":{"accuracy":0.9894067797,"f1":0.9894588897,"recall":0.9943502825,"precision":0.9846153846,"roc_auc":0.9991409217},"test":{"accuracy":0.9708222812,"f1":0.8,"recall":0.9565217391,"precision":0.6875,"roc_auc":0.9915868337}}
{"params":{"max_depth":3},"train":{"accuracy":0.9673375706,"f1":0.9675381646,"recall":0.9735169492,"precision":0.9616323683,"roc_auc":0.9909150293},"test":{"accuracy":0.9549071618,"f1":0.7213114754,"recall":0.9565217391,"precision":0.5789473684,"roc_auc":0.9835421272}}
{"params":{"max_depth":5},"train":{"accuracy":0.989230226,"f1":0.9892850869,"recall":0.9943502825,"precision":0.9842712338,"roc_auc":0.999035002},"test":{"accuracy":0.9734748011,"f1":0.8214285714,"recall":1.0,"precision":0.696969697,"roc_auc":0.9935519528}}
{"params":{"max_depth":10},"train":{"accuracy":0.9943502825,"f1":0.9943522767,"recall":0.9947033898,"precision":0.9940014114,"roc_auc":0.9999209498},"test":{"accuracy":0.9787798408,"f1":0.8461538462,"recall":0.9565217391,"precision":0.7586206897,"roc_auc":0.9944731024}}
{"params":{"max_depth":10},"train":{"accuracy":0.9941737288,"f1":0.9941747573,"recall":0.9943502825,"precision":0.993999294,"roc_auc":0.9999195783},"test":{"accuracy":0.9814323607,"f1":0.862745098,"recall":0.9565217391,"precision":0.7857142857,"roc_auc":0.9950872022}}
{"params":{"max_depth":3},"train":{"accuracy":0.9673375706,"f1":0.9675495527,"recall":0.9738700565,"precision":0.9613105612,"roc_auc":0.991515823},"test":{"accuracy":0.9549071618,"f1":0.7213114754,"recall":0.9565217391,"precision":0.5789473684,"roc_auc":0.9835421272}}
{"params":{"max_depth":5},"train":{"accuracy":0.9895833333,"f1":0.9896363956,"recall":0.9947033898,"precision":0.984620762,"roc_auc":0.9993584967},"test":{"accuracy":0.9734748011,"f1":0.8214285714,"recall":1.0,"precision":0.696969697,"roc_auc":0.9934905429}}
{"params":{"max_depth":3},"train":{"accuracy":0.9673375706,"f1":0.9675495527,"recall":0.9738700565,"precision":0.9613105612,"roc_auc":0.9915081549},"test":{"accuracy":0.9549071618,"f1":0.7213114754,"recall":0.9565217391,"precision":0.5789473684,"roc_auc":0.9842790469}}
{"params":{"max_depth":10},"train":{"accuracy":0.9945268362,"f1":0.9945258697,"recall":0.9943502825,"precision":0.9947015189,"roc_auc":0.9999250644},"test":{"accuracy":0.9814323607,"f1":0.862745098,"recall":0.9565217391,"precision":0.7857142857,"roc_auc":0.9949643822}}
{"params":{"max_depth":5},"train":{"accuracy":0.9894067797,"f1":0.9894588897,"recall":0.9943502825,"precision":0.9846153846,"roc_auc":0.9993777605},"test":{"accuracy":0.9734748011,"f1":0.8214285714,"recall":1.0,"precision":0.696969697,"roc_auc":0.9933677229}}
{"params":{"max_depth":10},"train":{"accuracy":0.9943502825,"f1":0.9943502825,"recall":0.9943502825,"precision":0.9943502825,"roc_auc":0.9999275581},"test":{"accuracy":0.9814323607,"f1":0.862745098,"recall":0.9565217391,"precision":0.7857142857,"roc_auc":0.9952100221}}
