{"params":{"max_depth":3},"train":{"accuracy":0.9673375706,"f1":0.9675381646,"recall":0.9735169492,"precision":0.9616323683,"roc_auc":0.9901900496},"test":{"accuracy":0.9549071618,"f1":0.7213114754,"recall":0.9565217391,"precision":0.5789473684,"roc_auc":0.9829280275}}
{"params":{"max_depth":5},"train":{"accuracy":0.9894067797,"f1":0.9894588897,"recall":0.9943502825,"precision":0.9846153846,"roc_auc":0.9989055169},"test":{"accuracy":0.9734748011,"f1":0.8214285714,"recall":1.0,"precision":0.696969697,"roc_auc":0.9922009334}}
{"params":{"max_depth":3},"train":{"accuracy":0.9668079096,"f1":0.967005967,"recall":0.9728107345,"precision":0.9612700628,"roc_auc":0.9908385352},"test":{"accuracy":0.9549071618,"f1":0.7213114754,"recall":0.9565217391,"precision":0.5789473684,"roc_auc":0.9835421272}}
{"params":{"max_depth":10},"train":{"accuracy":0.9952330508,"f1":0.9952305246,"recall":0.9947033898,"precision":0.9957582185,"roc_auc":0.9999159001},"test":{"accuracy":0.9787798408,"f1":0.84,"recall":0.9130434783,"precision":0.7777777778,"roc_auc":0.9948415623}}
{"params":{"max_depth":5},"train":{"accuracy":0.989759887,"f1":0.9898066784,"recall":0.9943502825,"precision":0.9853044087,"roc_auc":0.9990474705},"test":{"accuracy":0.9708222812,"f1":0.8,"recall":0.9565217391,"precision":0.6875,"roc_auc":0.9918324736}}
{"params":{"max_depth":3},"train":{"accuracy":0.9666313559,"f1":0.9668711656,"recall":0.9738700565,"precision":0.9599721545,"roc_auc":0.9908486347},"test":{"accuracy":0.9549071618,"f1":0.7213114754,"recall":0.9565217391,"precision":0.5789473684,"roc_auc":0.9835421272}}
{"params":{"max_depth":5},"train":{"accuracy":0.9895833333,"f1":0.9896363956,"recall":0.9947033898,"precision":0.984620762,"roc_auc":0.9991371812},"test":{"accuracy":0.9734748011,"f1":0.8214285714,"recall":1.0,"precision":0.696969697,"roc_auc":0.9937361828}}
{"params":{"max_depth":10},"train":{"accuracy":0.9947033898,"f1":0.9946996466,"recall":0.9939971751,"precision":0.9954031117,"roc_auc":0.9999192043},"test":{"accuracy":0.9814323607,"f1":0.862745098,"recall":0.9565217391,"precision":0.7857142857,"roc_auc":0.995455662}}
{"params":{"max_depth":10},"train":{"accuracy":0.9947033898,"f1":0.9946996466,"recall":0.9939971751,"precision":0.9954031117,"roc_auc":0.9999199524},"test":{"accuracy":0.9814323607,"f1":0.862745098,"recall":0.9565217391,"precision":0.7857142857,"roc_auc":0.9950872022}}
{"params":{"max_depth":3},"train":{"accuracy":0.9662782486,"f1":0.966520596,"recall":0.9735169492,"precision":0.9596240863,"roc_auc":0.9912189485},"test":{"accuracy":0.9549071618,"f1":0.7213114754,"recall":0.9565217391,"precision":0.5789473684,"roc_auc":0.9835421272}}
{"params":{"max_depth":5},"train":{"accuracy":0.9894067797,"f1":0.9894625922,"recall":0.9947033898,"precision":0.9842767296,"roc_auc":0.9993209043},"test":{"accuracy":0.9708222812,"f1":0.8,"recall":0.9565217391,"precision":0.6875,"roc_auc":0.993122083}}
{"params":{"max_depth":3},"train":{"accuracy":0.9662782486,"f1":0.966520596,"recall":0.9735169492,"precision":0.9596240863,"roc_auc":0.9914575952},"test":{"accuracy":0.9549071618,"f1":0.7213114754,"recall":0.9565217391,"precision":0.5789473684,"roc_auc":0.9835421272}}
{"params":{"max_depth":10},"train":{"accuracy":0.9945268362,"f1":0.9945220004,"recall":0.9936440678,"precision":0.9954014857,"roc_auc":0.9999279322},"test":{"accuracy":0.9814323607,"f1":0.862745098,"recall":0.9565217391,"precision":0.7857142857,"roc_auc":0.9948415623}}
{"params":{"max_depth":5},"train":{"accuracy":0.989230226,"f1":0.9892888499,"recall":0.9947033898,"precision":0.9839329375,"roc_auc":0.9992947204},"test":{"accuracy":0.9708222812,"f1":0.8,"recall":0.9565217391,"precision":0.6875,"roc_auc":0.9935519528}}
{"params":{"max_depth":10},"train":{"accuracy":0.9948799435,"f1":0.9948736079,"recall":0.9936440678,"precision":0.9961061947,"roc_auc":0.9999284309},"test":{"accuracy":0.9814323607,"f1":0.862745098,"recall":0.9565217391,"precision":0.7857142857,"roc_auc":0.9948415623}}
