{"params":{"max_depth":3},"train":{"accuracy":0.9648658192,"f1":0.9649832835,"recall":0.968220339,"precision":0.9617678008,"roc_auc":0.9908521882},"test":{"accuracy":0.949602122,"f1":0.6779661017,"recall":0.8695652174,"precision":0.5555555556,"roc_auc":0.9833578973}}
{"params":{"max_depth":3},"train":{"accuracy":0.9648658192,"f1":0.9649832835,"recall":0.968220339,"precision":0.9617678008,"roc_auc":0.9911970663},"test":{"accuracy":0.949602122,"f1":0.6779661017,"recall":0.8695652174,"precision":0.5555555556,"roc_auc":0.9844632768}}
{"params":{"max_depth":5},"train":{"accuracy":0.9894067797,"f1":0.9894588897,"recall":0.9943502825,"precision":0.9846153846,"roc_auc":0.9987752836},"test":{"accuracy":0.9708222812,"f1":0.8,"recall":0.9565217391,"precision":0.6875,"roc_auc":0.9911569639}}
{"params":{"max_depth":5},"train":{"accuracy":0.9895833333,"f1":0.9896327535,"recall":0.9943502825,"precision":0.9849597761,"roc_auc":0.9989947912},"test":{"accuracy":0.9708222812,"f1":0.8,"recall":0.9565217391,"precision":0.6875,"roc_auc":0.9923851634}}
{"params":{"max_depth":10},"train":{"accuracy":0.9943502825,"f1":0.9943482868,"recall":0.9939971751,"precision":0.9946996466,"roc_auc":0.9999185185},"test":{"accuracy":0.9814323607,"f1":0.862745098,"recall":0.9565217391,"precision":0.7857142857,"roc_auc":0.995455662}}
{"params":{"max_depth":3},"train":{"accuracy":0.9666313559,"f1":0.966801335,"recall":0.9717514124,"precision":0.9619014331,"roc_auc":0.9911774285},"test":{"accuracy":0.9549071618,"f1":0.7213114754,"recall":0.9565217391,"precision":0.5789473684,"roc_auc":0.9844632768}}
{"params":{"max_depth":5},"train":{"accuracy":0.9894067797,"f1":0.9894588897,"recall":0.9943502825,"precision":0.9846153846,"roc_auc":0.9991028305},"test":{"accuracy":0.9708222812,"f1":0.8,"recall":0.9565217391,"precision":0.6875,"roc_auc":0.9937975927}}
{"params":{"max_depth":10},"train":{"accuracy":0.9943502825,"f1":0.9943442913,"recall":0.9932909605,"precision":0.9953998585,"roc_auc":0.9999225707},"test":{"accuracy":0.9814323607,"f1":0.862745098,"recall":0.9565217391,"precision":0.7857142857,"roc_auc":0.9950872022}}
{"params":{"max_depth":10},"train":{"accuracy":0.9943502825,"f1":0.9943462898,"recall":0.9936440678,"precision":0.995049505,"roc_auc":0.9999235682},"test":{"accuracy":0.9814323607,"f1":0.862745098,"recall":0.9565217391,"precision":0.7857142857,"roc_auc":0.995455662}}
{"params":{"max_depth":3},"train":{"accuracy":0.9664548023,"f1":0.966631542,"recall":0.9717514124,"precision":0.9615653389,"roc_auc":0.9914503011},"test":{"accuracy":0.9549071618,"f1":0.7213114754,"recall":0.9565217391,"precision":0.5789473684,"roc_auc":0.9846475068}}
{"params":{"max_depth":5},"train":{"accuracy":0.9894067797,"f1":0.9894588897,"recall":0.9943502825,"precision":0.9846153846,"roc_auc":0.9992074411},"test":{"accuracy":0.9708222812,"f1":0.8,"recall":0.9565217391,"precision":0.6875,"roc_auc":0.9933677229}}
{"params":{"max_depth":3},"train":{"accuracy":0.9668079096,"f1":0.967005967,"recall":0.9728107345,"precision":0.9612700628,"roc_auc":0.9914368975},"test":{"accuracy":0.9549071618,"f1":0.7213114754,"recall":0.9565217391,"precision":0.5789473684,"roc_auc":0.9846475068}}
{"params":{"max_depth":10},"train":{"accuracy":0.9943502825,"f1":0.9943482868,"recall":0.9939971751,"precision":0.9946996466,"roc_auc":0.9999283062},"test":{"accuracy":0.9814323607,"f1":0.862745098,"recall":0.9565217391,"precision":0.7857142857,"roc_auc":0.9953328421}}
{"params":{"max_depth":5},"train":{"accuracy":0.9894067797,"f1":0.9894588897,"recall":0.9943502825,"precision":0.9846153846,"roc_auc":0.9992566916},"test":{"accuracy":0.9708222812,"f1":0.8,"recall":0.9565217391,"precision":0.6875,"roc_auc":0.9934291329}}
{"params":{"max_depth":10},"train":{"accuracy":0.9943502825,"f1":0.9943462898,"recall":0.9936440678,"precision":0.995049505,"roc_auc":0.9999283062},"test":{"accuracy":0.9814323607,"f1":0.862745098,"recall":0.9565217391,"precision":0.7857142857,"roc_auc":0.9950872022}}
