{"params":{"max_depth":3},"train":{"accuracy":0.9298305085,"f1":0.9336325745,"recall":0.9871186441,"precision":0.8856447689,"roc_auc":0.9777427176},"test":{"accuracy":0.8793969849,"f1":0.5,"recall":0.8,"precision":0.3636363636,"roc_auc":0.9079710145}}
{"params":{"max_depth":5},"train":{"accuracy":0.9566101695,"f1":0.9581151832,"recall":0.9925423729,"precision":0.9259962049,"roc_auc":0.9931284114},"test":{"accuracy":0.9045226131,"f1":0.5365853659,"recall":0.7333333333,"precision":0.4230769231,"roc_auc":0.9217391304}}
{"params":{"max_depth":3},"train":{"accuracy":0.9294915254,"f1":0.9335038363,"recall":0.9898305085,"precision":0.8832425892,"roc_auc":0.9788449296},"test":{"accuracy":0.8693467337,"f1":0.5,"recall":0.8666666667,"precision":0.3513513514,"roc_auc":0.9050724638}}
{"params":{"max_depth":5},"train":{"accuracy":0.9583050847,"f1":0.9596589046,"recall":0.9918644068,"precision":0.9294790343,"roc_auc":0.9933554726},"test":{"accuracy":0.9246231156,"f1":0.6341463415,"recall":0.8666666667,"precision":0.5,"roc_auc":0.9268115942}}
{"params":{"max_depth":3},"train":{"accuracy":0.9277966102,"f1":0.9320574163,"recall":0.9905084746,"precision":0.8801204819,"roc_auc":0.979371445},"test":{"accuracy":0.8743718593,"f1":0.5098039216,"recall":0.8666666667,"precision":0.3611111111,"roc_auc":0.9054347826}}
{"params":{"max_depth":10},"train":{"accuracy":0.9820338983,"f1":0.9822207313,"recall":0.9925423729,"precision":0.9721115538,"roc_auc":0.9987396725},"test":{"accuracy":0.9296482412,"f1":0.6111111111,"recall":0.7333333333,"precision":0.5238095238,"roc_auc":0.9291666667}}
{"params":{"max_depth":5},"train":{"accuracy":0.9596610169,"f1":0.9609195402,"recall":0.9918644068,"precision":0.9318471338,"roc_auc":0.993222867},"test":{"accuracy":0.9296482412,"f1":0.65,"recall":0.8666666667,"precision":0.52,"roc_auc":0.9266304348}}
{"params":{"max_depth":10},"train":{"accuracy":0.9827118644,"f1":0.9828686597,"recall":0.9918644068,"precision":0.9740346205,"roc_auc":0.9985677679},"test":{"accuracy":0.9246231156,"f1":0.5714285714,"recall":0.6666666667,"precision":0.5,"roc_auc":0.9365942029}}
{"params":{"max_depth":3},"train":{"accuracy":0.9271186441,"f1":0.9314631814,"recall":0.9905084746,"precision":0.8790613718,"roc_auc":0.9802943982},"test":{"accuracy":0.8743718593,"f1":0.5098039216,"recall":0.8666666667,"precision":0.3611111111,"roc_auc":0.9201086957}}
{"params":{"max_depth":10},"train":{"accuracy":0.9840677966,"f1":0.9841910528,"recall":0.9918644068,"precision":0.976635514,"roc_auc":0.9985939673},"test":{"accuracy":0.9296482412,"f1":0.5882352941,"recall":0.6666666667,"precision":0.5263157895,"roc_auc":0.934057971}}
{"params":{"max_depth":5},"train":{"accuracy":0.96,"f1":0.9612352168,"recall":0.9918644068,"precision":0.9324410453,"roc_auc":0.9934223499},"test":{"accuracy":0.9246231156,"f1":0.6341463415,"recall":0.8666666667,"precision":0.5,"roc_auc":0.9297101449}}
{"params":{"max_depth":3},"train":{"accuracy":0.9261016949,"f1":0.9305732484,"recall":0.9905084746,"precision":0.8774774775,"roc_auc":0.9802279805},"test":{"accuracy":0.8743718593,"f1":0.5098039216,"recall":0.8666666667,"precision":0.3611111111,"roc_auc":0.922826087}}
{"params":{"max_depth":10},"train":{"accuracy":0.9830508475,"f1":0.9831989247,"recall":0.9918644068,"precision":0.9746835443,"roc_auc":0.9985512209},"test":{"accuracy":0.9296482412,"f1":0.5882352941,"recall":0.6666666667,"precision":0.5263157895,"roc_auc":0.9304347826}}
{"params":{"max_depth":5},"train":{"accuracy":0.96,"f1":0.9612352168,"recall":0.9918644068,"precision":0.9324410453,"roc_auc":0.9937273197},"test":{"accuracy":0.9145728643,"f1":0.6046511628,"recall":0.8666666667,"precision":0.4642857143,"roc_auc":0.9315217391}}
{"params":{"max_depth":10},"train":{"accuracy":0.9830508475,"f1":0.9831989247,"recall":0.9918644068,"precision":0.9746835443,"roc_auc":0.9984730824},"test":{"accuracy":0.9346733668,"f1":0.6285714286,"recall":0.7333333333,"precision":0.55,"roc_auc":0.9311594203}}
