{"params":{"max_depth":3},"train":{"accuracy":0.9261016949,"f1":0.9301282051,"recall":0.9837288136,"precision":0.8820668693,"roc_auc":0.9755153117},"test":{"accuracy":0.8743718593,"f1":0.5098039216,"recall":0.8666666667,"precision":0.3611111111,"roc_auc":0.902173913}}
{"params":{"max_depth":5},"train":{"accuracy":0.9633898305,"f1":0.9644268775,"recall":0.9925423729,"precision":0.9378603459,"roc_auc":0.9925010055},"test":{"accuracy":0.9145728643,"f1":0.5641025641,"recall":0.7333333333,"precision":0.4583333333,"roc_auc":0.9244565217}}
{"params":{"max_depth":3},"train":{"accuracy":0.9261016949,"f1":0.9304403318,"recall":0.9884745763,"precision":0.8788426763,"roc_auc":0.9778043091},"test":{"accuracy":0.8793969849,"f1":0.52,"recall":0.8666666667,"precision":0.3714285714,"roc_auc":0.9018115942}}
{"params":{"max_depth":5},"train":{"accuracy":0.9610169492,"f1":0.9621586048,"recall":0.9911864407,"precision":0.9347826087,"roc_auc":0.9929374318},"test":{"accuracy":0.9045226131,"f1":0.5365853659,"recall":0.7333333333,"precision":0.4230769231,"roc_auc":0.9311594203}}
{"params":{"max_depth":3},"train":{"accuracy":0.9284745763,"f1":0.9325231852,"recall":0.9884745763,"precision":0.882566586,"roc_auc":0.9793553577},"test":{"accuracy":0.8743718593,"f1":0.4897959184,"recall":0.8,"precision":0.3529411765,"roc_auc":0.9028985507}}
{"params":{"max_depth":10},"train":{"accuracy":0.9837288136,"f1":0.9838492598,"recall":0.9911864407,"precision":0.9766199065,"roc_auc":0.9979008331},"test":{"accuracy":0.9145728643,"f1":0.5405405405,"recall":0.6666666667,"precision":0.4545454545,"roc_auc":0.9222826087}}
{"params":{"max_depth":5},"train":{"accuracy":0.9613559322,"f1":0.9624753127,"recall":0.9911864407,"precision":0.9353806782,"roc_auc":0.9929323758},"test":{"accuracy":0.9095477387,"f1":0.55,"recall":0.7333333333,"precision":0.44,"roc_auc":0.9329710145}}
{"params":{"max_depth":10},"train":{"accuracy":0.9844067797,"f1":0.9845117845,"recall":0.9911864407,"precision":0.9779264214,"roc_auc":0.9979787417},"test":{"accuracy":0.9195979899,"f1":0.5555555556,"recall":0.6666666667,"precision":0.4761904762,"roc_auc":0.927173913}}
{"params":{"max_depth":3},"train":{"accuracy":0.9277966102,"f1":0.9319271333,"recall":0.9884745763,"precision":0.8814993954,"roc_auc":0.9793774203},"test":{"accuracy":0.8693467337,"f1":0.5,"recall":0.8666666667,"precision":0.3513513514,"roc_auc":0.8987318841}}
{"params":{"max_depth":10},"train":{"accuracy":0.9833898305,"f1":0.9835072366,"recall":0.9905084746,"precision":0.9766042781,"roc_auc":0.998105372},"test":{"accuracy":0.9296482412,"f1":0.6111111111,"recall":0.7333333333,"precision":0.5238095238,"roc_auc":0.9293478261}}
{"params":{"max_depth":5},"train":{"accuracy":0.9613559322,"f1":0.9624753127,"recall":0.9911864407,"precision":0.9353806782,"roc_auc":0.9929728239},"test":{"accuracy":0.9095477387,"f1":0.55,"recall":0.7333333333,"precision":0.44,"roc_auc":0.9277173913}}
{"params":{"max_depth":3},"train":{"accuracy":0.9274576271,"f1":0.9317602041,"recall":0.9905084746,"precision":0.8795906081,"roc_auc":0.980010112},"test":{"accuracy":0.8693467337,"f1":0.5,"recall":0.8666666667,"precision":0.3513513514,"roc_auc":0.9208333333}}
{"params":{"max_depth":10},"train":{"accuracy":0.9840677966,"f1":0.9841697541,"recall":0.9905084746,"precision":0.9779116466,"roc_auc":0.998351738},"test":{"accuracy":0.9296482412,"f1":0.5882352941,"recall":0.6666666667,"precision":0.5263157895,"roc_auc":0.9286231884}}
{"params":{"max_depth":5},"train":{"accuracy":0.9589830508,"f1":0.9602627258,"recall":0.9911864407,"precision":0.9312101911,"roc_auc":0.9931932203},"test":{"accuracy":0.9095477387,"f1":0.55,"recall":0.7333333333,"precision":0.44,"roc_auc":0.9311594203}}
{"params":{"max_depth":10},"train":{"accuracy":0.9844067797,"f1":0.9845117845,"recall":0.9911864407,"precision":0.9779264214,"roc_auc":0.9983094513},"test":{"accuracy":0.9296482412,"f1":0.5882352941,"recall":0.6666666667,"precision":0.5263157895,"roc_auc":0.9289855072}}
