{"params":{"max_depth":3},"train":{"accuracy":0.9271186441,"f1":0.9311118231,"recall":0.9850847458,"precision":0.882746051,"roc_auc":0.9759367998},"test":{"accuracy":0.8743718593,"f1":0.5098039216,"recall":0.8666666667,"precision":0.3611111111,"roc_auc":0.9067028986}}
{"params":{"max_depth":5},"train":{"accuracy":0.9562711864,"f1":0.9577741408,"recall":0.9918644068,"precision":0.9259493671,"roc_auc":0.9918377478},"test":{"accuracy":0.9095477387,"f1":0.55,"recall":0.7333333333,"precision":0.44,"roc_auc":0.9315217391}}
{"params":{"max_depth":3},"train":{"accuracy":0.9281355932,"f1":0.9321817019,"recall":0.9877966102,"precision":0.8824954573,"roc_auc":0.9790655559},"test":{"accuracy":0.8793969849,"f1":0.52,"recall":0.8666666667,"precision":0.3714285714,"roc_auc":0.9067028986}}
{"params":{"max_depth":5},"train":{"accuracy":0.9583050847,"f1":0.9596589046,"recall":0.9918644068,"precision":0.9294790343,"roc_auc":0.9933825912},"test":{"accuracy":0.9095477387,"f1":0.5714285714,"recall":0.8,"precision":0.4444444444,"roc_auc":0.9371376812}}
{"params":{"max_depth":3},"train":{"accuracy":0.9277966102,"f1":0.9320574163,"recall":0.9905084746,"precision":0.8801204819,"roc_auc":0.9791574835},"test":{"accuracy":0.8693467337,"f1":0.5,"recall":0.8666666667,"precision":0.3513513514,"roc_auc":0.9052536232}}
{"params":{"max_depth":10},"train":{"accuracy":0.9823728814,"f1":0.9825503356,"recall":0.9925423729,"precision":0.9727574751,"roc_auc":0.9980835392},"test":{"accuracy":0.9296482412,"f1":0.6111111111,"recall":0.7333333333,"precision":0.5238095238,"roc_auc":0.9405797101}}
{"params":{"max_depth":5},"train":{"accuracy":0.9596610169,"f1":0.9608938547,"recall":0.9911864407,"precision":0.9323979592,"roc_auc":0.9932587188},"test":{"accuracy":0.9195979899,"f1":0.619047619,"recall":0.8666666667,"precision":0.4814814815,"roc_auc":0.9346014493}}
{"params":{"max_depth":10},"train":{"accuracy":0.9833898305,"f1":0.9835625629,"recall":0.9938983051,"precision":0.973439575,"roc_auc":0.9984728526},"test":{"accuracy":0.9296482412,"f1":0.6111111111,"recall":0.7333333333,"precision":0.5238095238,"roc_auc":0.9394927536}}
{"params":{"max_depth":3},"train":{"accuracy":0.9261016949,"f1":0.9306174411,"recall":0.9911864407,"precision":0.8770245951,"roc_auc":0.9799002585},"test":{"accuracy":0.864321608,"f1":0.4905660377,"recall":0.8666666667,"precision":0.3421052632,"roc_auc":0.9039855072}}
{"params":{"max_depth":10},"train":{"accuracy":0.9837288136,"f1":0.9838817999,"recall":0.993220339,"precision":0.9747172322,"roc_auc":0.998354266},"test":{"accuracy":0.9396984925,"f1":0.6666666667,"recall":0.8,"precision":0.5714285714,"roc_auc":0.9355072464}}
{"params":{"max_depth":5},"train":{"accuracy":0.9586440678,"f1":0.9599474721,"recall":0.9911864407,"precision":0.9306174411,"roc_auc":0.9934264866},"test":{"accuracy":0.9195979899,"f1":0.6,"recall":0.8,"precision":0.48,"roc_auc":0.9322463768}}
{"params":{"max_depth":3},"train":{"accuracy":0.9274576271,"f1":0.9318036966,"recall":0.9911864407,"precision":0.879134095,"roc_auc":0.9806218903},"test":{"accuracy":0.8743718593,"f1":0.5098039216,"recall":0.8666666667,"precision":0.3611111111,"roc_auc":0.9231884058}}
{"params":{"max_depth":10},"train":{"accuracy":0.9837288136,"f1":0.983860121,"recall":0.9918644068,"precision":0.9759839893,"roc_auc":0.9983531169},"test":{"accuracy":0.9296482412,"f1":0.5882352941,"recall":0.6666666667,"precision":0.5263157895,"roc_auc":0.9351449275}}
{"params":{"max_depth":5},"train":{"accuracy":0.9589830508,"f1":0.9602627258,"recall":0.9911864407,"precision":0.9312101911,"roc_auc":0.9938884229},"test":{"accuracy":0.9195979899,"f1":0.619047619,"recall":0.8666666667,"precision":0.4814814815,"roc_auc":0.931884058}}
{"params":{"max_depth":10},"train":{"accuracy":0.9837288136,"f1":0.983860121,"recall":0.9918644068,"precision":0.9759839893,"roc_auc":0.9985254812},"test":{"accuracy":0.9346733668,"f1":0.6285714286,"recall":0.7333333333,"precision":0.55,"roc_auc":0.934057971}}
