{"params":{"max_depth":3},"train":{"accuracy":0.9237288136,"f1":0.9285487456,"recall":0.9911864407,"precision":0.8733572282,"roc_auc":0.9766496984},"test":{"accuracy":0.8391959799,"f1":0.4285714286,"recall":0.8,"precision":0.2926829268,"roc_auc":0.9030797101}}
{"params":{"max_depth":5},"train":{"accuracy":0.9515254237,"f1":0.9533746332,"recall":0.9911864407,"precision":0.9183417085,"roc_auc":0.9927636886},"test":{"accuracy":0.9095477387,"f1":0.5909090909,"recall":0.8666666667,"precision":0.4482758621,"roc_auc":0.9295289855}}
{"params":{"max_depth":3},"train":{"accuracy":0.9257627119,"f1":0.9301880778,"recall":0.9891525424,"precision":0.8778580024,"roc_auc":0.978838035},"test":{"accuracy":0.864321608,"f1":0.4905660377,"recall":0.8666666667,"precision":0.3421052632,"roc_auc":0.9014492754}}
{"params":{"max_depth":5},"train":{"accuracy":0.9579661017,"f1":0.9592908733,"recall":0.9905084746,"precision":0.9299809039,"roc_auc":0.9930360241},"test":{"accuracy":0.9296482412,"f1":0.65,"recall":0.8666666667,"precision":0.52,"roc_auc":0.9322463768}}
{"params":{"max_depth":3},"train":{"accuracy":0.9250847458,"f1":0.9296850143,"recall":0.9905084746,"precision":0.8758992806,"roc_auc":0.9798770468},"test":{"accuracy":0.8693467337,"f1":0.5,"recall":0.8666666667,"precision":0.3513513514,"roc_auc":0.902173913}}
{"params":{"max_depth":10},"train":{"accuracy":0.9816949153,"f1":0.9818791946,"recall":0.9918644068,"precision":0.9720930233,"roc_auc":0.9979849469},"test":{"accuracy":0.9346733668,"f1":0.6486486486,"recall":0.8,"precision":0.5454545455,"roc_auc":0.9311594203}}
{"params":{"max_depth":5},"train":{"accuracy":0.9549152542,"f1":0.9564362922,"recall":0.9898305085,"precision":0.9252217997,"roc_auc":0.9929551278},"test":{"accuracy":0.9145728643,"f1":0.6046511628,"recall":0.8666666667,"precision":0.4642857143,"roc_auc":0.9298913043}}
{"params":{"max_depth":10},"train":{"accuracy":0.9833898305,"f1":0.9835183317,"recall":0.9911864407,"precision":0.9759679573,"roc_auc":0.9981931629},"test":{"accuracy":0.9346733668,"f1":0.6285714286,"recall":0.7333333333,"precision":0.55,"roc_auc":0.9351449275}}
{"params":{"max_depth":3},"train":{"accuracy":0.9277966102,"f1":0.9321007332,"recall":0.9911864407,"precision":0.8796630566,"roc_auc":0.9799519678},"test":{"accuracy":0.8693467337,"f1":0.5,"recall":0.8666666667,"precision":0.3513513514,"roc_auc":0.9014492754}}
{"params":{"max_depth":10},"train":{"accuracy":0.9844067797,"f1":0.9845222073,"recall":0.9918644068,"precision":0.9772879092,"roc_auc":0.9982814134},"test":{"accuracy":0.9396984925,"f1":0.6666666667,"recall":0.8,"precision":0.5714285714,"roc_auc":0.9293478261}}
{"params":{"max_depth":5},"train":{"accuracy":0.9586440678,"f1":0.9599474721,"recall":0.9911864407,"precision":0.9306174411,"roc_auc":0.9936848032},"test":{"accuracy":0.9145728643,"f1":0.5853658537,"recall":0.8,"precision":0.4615384615,"roc_auc":0.9304347826}}
{"params":{"max_depth":3},"train":{"accuracy":0.926779661,"f1":0.9312539784,"recall":0.9918644068,"precision":0.8776244751,"roc_auc":0.9798896869},"test":{"accuracy":0.8693467337,"f1":0.5,"recall":0.8666666667,"precision":0.3513513514,"roc_auc":0.9211956522}}
{"params":{"max_depth":10},"train":{"accuracy":0.9850847458,"f1":0.9851851852,"recall":0.9918644068,"precision":0.9785953177,"roc_auc":0.9983448434},"test":{"accuracy":0.9346733668,"f1":0.6285714286,"recall":0.7333333333,"precision":0.55,"roc_auc":0.9329710145}}
{"params":{"max_depth":5},"train":{"accuracy":0.9583050847,"f1":0.9596059113,"recall":0.9905084746,"precision":0.9305732484,"roc_auc":0.9936969836},"test":{"accuracy":0.9195979899,"f1":0.619047619,"recall":0.8666666667,"precision":0.4814814815,"roc_auc":0.9286231884}}
{"params":{"max_depth":10},"train":{"accuracy":0.9847457627,"f1":0.9848535847,"recall":0.9918644068,"precision":0.9779411765,"roc_auc":0.9983232404},"test":{"accuracy":0.9346733668,"f1":0.6285714286,"recall":0.7333333333,"precision":0.55,"roc_auc":0.9344202899}}
