{"params":{"max_depth":3},"train":{"accuracy":0.9274576271,"f1":0.931629393,"recall":0.9884745763,"precision":0.8809667674,"roc_auc":0.9752946854},"test":{"accuracy":0.8542713568,"f1":0.4727272727,"recall":0.8666666667,"precision":0.325,"roc_auc":0.9041666667}}
{"params":{"max_depth":5},"train":{"accuracy":0.9552542373,"f1":0.9568062827,"recall":0.9911864407,"precision":0.9247311828,"roc_auc":0.9905967251},"test":{"accuracy":0.8994974874,"f1":0.5238095238,"recall":0.7333333333,"precision":0.4074074074,"roc_auc":0.931884058}}
{"params":{"max_depth":3},"train":{"accuracy":0.9281355932,"f1":0.9321382843,"recall":0.9871186441,"precision":0.8829593693,"roc_auc":0.9774129273},"test":{"accuracy":0.8693467337,"f1":0.5,"recall":0.8666666667,"precision":0.3513513514,"roc_auc":0.9027173913}}
{"params":{"max_depth":5},"train":{"accuracy":0.9583050847,"f1":0.9596059113,"recall":0.9905084746,"precision":0.9305732484,"roc_auc":0.9927119793},"test":{"accuracy":0.9095477387,"f1":0.55,"recall":0.7333333333,"precision":0.44,"roc_auc":0.9329710145}}
{"params":{"max_depth":3},"train":{"accuracy":0.9271186441,"f1":0.9313318429,"recall":0.9884745763,"precision":0.8804347826,"roc_auc":0.9784078138},"test":{"accuracy":0.864321608,"f1":0.4905660377,"recall":0.8666666667,"precision":0.3421052632,"roc_auc":0.9012681159}}
{"params":{"max_depth":10},"train":{"accuracy":0.9837288136,"f1":0.9838709677,"recall":0.9925423729,"precision":0.9753497668,"roc_auc":0.997787992},"test":{"accuracy":0.9145728643,"f1":0.5405405405,"recall":0.6666666667,"precision":0.4545454545,"roc_auc":0.8956521739}}
{"params":{"max_depth":5},"train":{"accuracy":0.9566101695,"f1":0.9580602883,"recall":0.9911864407,"precision":0.927076728,"roc_auc":0.9930417696},"test":{"accuracy":0.9195979899,"f1":0.619047619,"recall":0.8666666667,"precision":0.4814814815,"roc_auc":0.9329710145}}
{"params":{"max_depth":10},"train":{"accuracy":0.9827118644,"f1":0.9828571429,"recall":0.9911864407,"precision":0.9746666667,"roc_auc":0.9980437805},"test":{"accuracy":0.9246231156,"f1":0.5714285714,"recall":0.6666666667,"precision":0.5,"roc_auc":0.9199275362}}
{"params":{"max_depth":3},"train":{"accuracy":0.9271186441,"f1":0.9314194577,"recall":0.9898305085,"precision":0.8795180723,"roc_auc":0.9798637173},"test":{"accuracy":0.8693467337,"f1":0.5,"recall":0.8666666667,"precision":0.3513513514,"roc_auc":0.9219202899}}
{"params":{"max_depth":10},"train":{"accuracy":0.9820338983,"f1":0.9822087949,"recall":0.9918644068,"precision":0.9727393617,"roc_auc":0.9979989658},"test":{"accuracy":0.9296482412,"f1":0.5882352941,"recall":0.6666666667,"precision":0.5263157895,"roc_auc":0.9262681159}}
{"params":{"max_depth":5},"train":{"accuracy":0.9576271186,"f1":0.9590029518,"recall":0.9911864407,"precision":0.9288437103,"roc_auc":0.9933899454},"test":{"accuracy":0.9095477387,"f1":0.5909090909,"recall":0.8666666667,"precision":0.4482758621,"roc_auc":0.9293478261}}
{"params":{"max_depth":3},"train":{"accuracy":0.9257627119,"f1":0.9302325581,"recall":0.9898305085,"precision":0.8774038462,"roc_auc":0.9802980753},"test":{"accuracy":0.864321608,"f1":0.4905660377,"recall":0.8666666667,"precision":0.3421052632,"roc_auc":0.9264492754}}
{"params":{"max_depth":10},"train":{"accuracy":0.9844067797,"f1":0.984532616,"recall":0.9925423729,"precision":0.9766511007,"roc_auc":0.9983788567},"test":{"accuracy":0.9246231156,"f1":0.5714285714,"recall":0.6666666667,"precision":0.5,"roc_auc":0.9289855072}}
{"params":{"max_depth":5},"train":{"accuracy":0.9589830508,"f1":0.9602888087,"recall":0.9918644068,"precision":0.9306615776,"roc_auc":0.9936319448},"test":{"accuracy":0.9145728643,"f1":0.6046511628,"recall":0.8666666667,"precision":0.4642857143,"roc_auc":0.9322463768}}
{"params":{"max_depth":10},"train":{"accuracy":0.9837288136,"f1":0.983860121,"recall":0.9918644068,"precision":0.9759839893,"roc_auc":0.9983531169},"test":{"accuracy":0.9296482412,"f1":0.6111111111,"recall":0.7333333333,"precision":0.5238095238,"roc_auc":0.931884058}}
