{"params":{"max_depth":3},"train":{"accuracy":0.7281149451,"f1":0.7840874047,"recall":0.9873516032,"precision":0.6502265088,"roc_auc":0.847723426},"test":{"accuracy":0.4813110983,"f1":0.0786516854,"recall":0.7857142857,"precision":0.0413978495,"roc_auc":0.7013766453}}
{"params":{"max_depth":5},"train":{"accuracy":0.7726986945,"f1":0.7155551442,"recall":0.571803691,"precision":0.9558578053,"roc_auc":0.9416729752},"test":{"accuracy":0.9571592869,"f1":0.3196347032,"recall":0.3571428571,"precision":0.2892561983,"roc_auc":0.7897264823}}
{"params":{"max_depth":3},"train":{"accuracy":0.7281149451,"f1":0.7840874047,"recall":0.9873516032,"precision":0.6502265088,"roc_auc":0.8653753632},"test":{"accuracy":0.4813110983,"f1":0.0786516854,"recall":0.7857142857,"precision":0.0413978495,"roc_auc":0.7024529042}}
{"params":{"max_depth":5},"train":{"accuracy":0.7616221014,"f1":0.6947792116,"recall":0.5426236177,"precision":0.9655172414,"roc_auc":0.9516082738},"test":{"accuracy":0.9594594595,"f1":0.2842639594,"recall":0.2857142857,"precision":0.2828282828,"roc_auc":0.7855995653}}
{"params":{"max_depth":3},"train":{"accuracy":0.7281149451,"f1":0.7840874047,"recall":0.9873516032,"precision":0.6502265088,"roc_auc":0.875668568},"test":{"accuracy":0.4813110983,"f1":0.0786516854,"recall":0.7857142857,"precision":0.0413978495,"roc_auc":0.7073315421}}
{"params":{"max_depth":10},"train":{"accuracy":0.9179518473,"f1":0.912324382,"recall":0.8537667813,"precision":0.97950611,"roc_auc":0.9915781628},"test":{"accuracy":0.961759632,"f1":0.3696682464,"recall":0.3979591837,"precision":0.3451327434,"roc_auc":0.8394079821}}
{"params":{"max_depth":5},"train":{"accuracy":0.7615481342,"f1":0.6947567759,"recall":0.5427345686,"precision":0.9650795739,"roc_auc":0.9532200941},"test":{"accuracy":0.9591719379,"f1":0.2828282828,"recall":0.2857142857,"precision":0.28,"roc_auc":0.7880207704}}
{"params":{"max_depth":10},"train":{"accuracy":0.919431192,"f1":0.9139969602,"recall":0.8562446836,"precision":0.9801032935,"roc_auc":0.9913309639},"test":{"accuracy":0.9623346751,"f1":0.3609756098,"recall":0.3775510204,"precision":0.3457943925,"roc_auc":0.8492905446}}
{"params":{"max_depth":3},"train":{"accuracy":0.7281334369,"f1":0.7841052601,"recall":0.9873885869,"precision":0.6502350276,"roc_auc":0.8757341781},"test":{"accuracy":0.4813110983,"f1":0.0786516854,"recall":0.7857142857,"precision":0.0413978495,"roc_auc":0.7093119792}}
{"params":{"max_depth":10},"train":{"accuracy":0.9232035208,"f1":0.9184166585,"recall":0.8645290136,"precision":0.9794687002,"roc_auc":0.9914500955},"test":{"accuracy":0.961759632,"f1":0.3574879227,"recall":0.3775510204,"precision":0.3394495413,"roc_auc":0.8482444753}}
{"params":{"max_depth":5},"train":{"accuracy":0.7769518103,"f1":0.7213932647,"recall":0.5775361515,"precision":0.9606890188,"roc_auc":0.9527612581},"test":{"accuracy":0.9583093732,"f1":0.2995169082,"recall":0.3163265306,"precision":0.2844036697,"roc_auc":0.7928646903}}
{"params":{"max_depth":3},"train":{"accuracy":0.7281519287,"f1":0.7841231149,"recall":0.9874255705,"precision":0.650243546,"roc_auc":0.8795810261},"test":{"accuracy":0.4813110983,"f1":0.0786516854,"recall":0.7857142857,"precision":0.0413978495,"roc_auc":0.7289533269}}
{"params":{"max_depth":10},"train":{"accuracy":0.9274196531,"f1":0.923326366,"recall":0.874033803,"precision":0.9785110964,"roc_auc":0.9913705436},"test":{"accuracy":0.9626221967,"f1":0.380952381,"recall":0.4081632653,"precision":0.3571428571,"roc_auc":0.8465281971}}
{"params":{"max_depth":5},"train":{"accuracy":0.7770442694,"f1":0.7215280504,"recall":0.5776840859,"precision":0.9607577808,"roc_auc":0.9568846064},"test":{"accuracy":0.9580218516,"f1":0.2980769231,"recall":0.3163265306,"precision":0.2818181818,"roc_auc":0.7948285231}}
{"params":{"max_depth":10},"train":{"accuracy":0.9281223418,"f1":0.9240182184,"recall":0.8741077703,"precision":0.9799734638,"roc_auc":0.9916306045},"test":{"accuracy":0.9629097182,"f1":0.3768115942,"recall":0.3979591837,"precision":0.3577981651,"roc_auc":0.8491199734}}
