{"params":{"max_depth":3},"train":{"accuracy":0.7281889123,"f1":0.7841588229,"recall":0.9874995377,"precision":0.6502605816,"roc_auc":0.86714986},"test":{"accuracy":0.4813110983,"f1":0.0786516854,"recall":0.7857142857,"precision":0.0413978495,"roc_auc":0.7218572636}}
{"params":{"max_depth":5},"train":{"accuracy":0.774381449,"f1":0.71718319,"recall":0.5721365435,"precision":0.9607502174,"roc_auc":0.9469544856},"test":{"accuracy":0.9583093732,"f1":0.2926829268,"recall":0.306122449,"precision":0.2803738318,"roc_auc":0.7979637121}}
{"params":{"max_depth":3},"train":{"accuracy":0.7285957321,"f1":0.7845641229,"recall":0.9883871445,"precision":0.6504332165,"roc_auc":0.8656656255},"test":{"accuracy":0.4815986199,"f1":0.0796324655,"recall":0.7959183673,"precision":0.04191295,"roc_auc":0.7221908586}}
{"params":{"max_depth":5},"train":{"accuracy":0.7769148267,"f1":0.7213985497,"recall":0.5776471023,"precision":0.96040091,"roc_auc":0.9459215911},"test":{"accuracy":0.9580218516,"f1":0.2980769231,"recall":0.3163265306,"precision":0.2818181818,"roc_auc":0.7976361551}}
{"params":{"max_depth":3},"train":{"accuracy":0.7281704205,"f1":0.7841409692,"recall":0.9874625541,"precision":0.650252064,"roc_auc":0.8656623175},"test":{"accuracy":0.4813110983,"f1":0.0786516854,"recall":0.7857142857,"precision":0.0413978495,"roc_auc":0.7219131144}}
{"params":{"max_depth":10},"train":{"accuracy":0.8979067273,"f1":0.889000583,"recall":0.8176707718,"precision":0.9739647577,"roc_auc":0.9898360353},"test":{"accuracy":0.9608970673,"f1":0.3703703704,"recall":0.4081632653,"precision":0.3389830508,"roc_auc":0.8404570704}}
{"params":{"max_depth":5},"train":{"accuracy":0.7772661711,"f1":0.7216380486,"recall":0.5774252006,"precision":0.961865451,"roc_auc":0.9477539262},"test":{"accuracy":0.9588844163,"f1":0.2955665025,"recall":0.306122449,"precision":0.2857142857,"roc_auc":0.7927092139}}
{"params":{"max_depth":10},"train":{"accuracy":0.9088723695,"f1":0.902027833,"recall":0.8390103184,"precision":0.9752805124,"roc_auc":0.9902927773},"test":{"accuracy":0.9608970673,"f1":0.3644859813,"recall":0.3979591837,"precision":0.3362068966,"roc_auc":0.8400449825}}
{"params":{"max_depth":3},"train":{"accuracy":0.727541699,"f1":0.7835336291,"recall":0.9862051111,"precision":0.64996222,"roc_auc":0.8655919305},"test":{"accuracy":0.4813110983,"f1":0.0786516854,"recall":0.7857142857,"precision":0.0413978495,"roc_auc":0.7215448014}}
{"params":{"max_depth":10},"train":{"accuracy":0.9103332224,"f1":0.903600326,"recall":0.8404896631,"precision":0.9769581291,"roc_auc":0.9911560642},"test":{"accuracy":0.9623346751,"f1":0.3906976744,"recall":0.4285714286,"precision":0.358974359,"roc_auc":0.8477554039}}
{"params":{"max_depth":5},"train":{"accuracy":0.7770442694,"f1":0.7215023214,"recall":0.5776101187,"precision":0.9608711702,"roc_auc":0.9483845127},"test":{"accuracy":0.9580218516,"f1":0.2912621359,"recall":0.306122449,"precision":0.2777777778,"roc_auc":0.7897295013}}
{"params":{"max_depth":3},"train":{"accuracy":0.727541699,"f1":0.7835336291,"recall":0.9862051111,"precision":0.64996222,"roc_auc":0.8797791823},"test":{"accuracy":0.4813110983,"f1":0.0786516854,"recall":0.7857142857,"precision":0.0413978495,"roc_auc":0.729460512}}
{"params":{"max_depth":10},"train":{"accuracy":0.9188024705,"f1":0.9134078763,"recall":0.8565035689,"precision":0.9784114913,"roc_auc":0.9917713786},"test":{"accuracy":0.9631972398,"f1":0.3846153846,"recall":0.4081632653,"precision":0.3636363636,"roc_auc":0.8480723946}}
{"params":{"max_depth":5},"train":{"accuracy":0.7761011872,"f1":0.7207564576,"recall":0.5779059876,"precision":0.9574168249,"roc_auc":0.9577536017},"test":{"accuracy":0.9571592869,"f1":0.3133640553,"recall":0.3469387755,"precision":0.2857142857,"roc_auc":0.7937281125}}
{"params":{"max_depth":10},"train":{"accuracy":0.9198934872,"f1":0.9145123732,"recall":0.8569473723,"precision":0.9803680982,"roc_auc":0.9918504333},"test":{"accuracy":0.9634847614,"f1":0.38647343,"recall":0.4081632653,"precision":0.3669724771,"roc_auc":0.8462127159}}
