{"params":{"max_depth":3},"train":{"accuracy":0.7301120604,"f1":0.7861883066,"recall":0.9923813751,"precision":0.6509388191,"roc_auc":0.8643356919},"test":{"accuracy":0.4810235768,"f1":0.0814249364,"recall":0.8163265306,"precision":0.0428494912,"roc_auc":0.7188337761}}
{"params":{"max_depth":5},"train":{"accuracy":0.7761381708,"f1":0.7207768244,"recall":0.577869004,"precision":0.9575902433,"roc_auc":0.9487798923},"test":{"accuracy":0.9577343301,"f1":0.2966507177,"recall":0.3163265306,"precision":0.2792792793,"roc_auc":0.7740520469}}
{"params":{"max_depth":3},"train":{"accuracy":0.7301305522,"f1":0.7862060883,"recall":0.9924183587,"precision":0.6509472867,"roc_auc":0.8644513329},"test":{"accuracy":0.4810235768,"f1":0.0814249364,"recall":0.8163265306,"precision":0.0428494912,"roc_auc":0.7204926941}}
{"params":{"max_depth":5},"train":{"accuracy":0.7760642036,"f1":0.7206330165,"recall":0.5776471023,"precision":0.9576920719,"roc_auc":0.9490769491},"test":{"accuracy":0.9580218516,"f1":0.3047619048,"recall":0.3265306122,"precision":0.2857142857,"roc_auc":0.7811662239}}
{"params":{"max_depth":3},"train":{"accuracy":0.7275232072,"f1":0.783515757,"recall":0.9861681275,"precision":0.6499536879,"roc_auc":0.8669836471},"test":{"accuracy":0.4813110983,"f1":0.0786516854,"recall":0.7857142857,"precision":0.0413978495,"roc_auc":0.7218225456}}
{"params":{"max_depth":10},"train":{"accuracy":0.9119605015,"f1":0.9056499078,"recall":0.8450756315,"precision":0.9755785159,"roc_auc":0.9905162198},"test":{"accuracy":0.961759632,"f1":0.3870967742,"recall":0.4285714286,"precision":0.3529411765,"roc_auc":0.8442986958}}
{"params":{"max_depth":5},"train":{"accuracy":0.776508007,"f1":0.72113521,"recall":0.5779429713,"precision":0.9586528434,"roc_auc":0.949344061},"test":{"accuracy":0.9585968948,"f1":0.320754717,"recall":0.3469387755,"precision":0.298245614,"roc_auc":0.7836342229}}
{"params":{"max_depth":10},"train":{"accuracy":0.9133288953,"f1":0.9069504278,"recall":0.8447797626,"precision":0.9789987999,"roc_auc":0.9914156026},"test":{"accuracy":0.9631972398,"f1":0.3786407767,"recall":0.3979591837,"precision":0.3611111111,"roc_auc":0.8511698466}}
{"params":{"max_depth":3},"train":{"accuracy":0.7281704205,"f1":0.7841409692,"recall":0.9874625541,"precision":0.650252064,"roc_auc":0.878747025},"test":{"accuracy":0.4813110983,"f1":0.0786516854,"recall":0.7857142857,"precision":0.0413978495,"roc_auc":0.7276612124}}
{"params":{"max_depth":10},"train":{"accuracy":0.916823847,"f1":0.9110469485,"recall":0.8518806169,"precision":0.9790453521,"roc_auc":0.991514891},"test":{"accuracy":0.9634847614,"f1":0.3804878049,"recall":0.3979591837,"precision":0.3644859813,"roc_auc":0.8461568651}}
{"params":{"max_depth":5},"train":{"accuracy":0.8406560894,"f1":0.8162098752,"recall":0.7076445135,"precision":0.9641237529,"roc_auc":0.9537536661},"test":{"accuracy":0.9571592869,"f1":0.3196347032,"recall":0.3571428571,"precision":0.2892561983,"roc_auc":0.7867407318}}
{"params":{"max_depth":3},"train":{"accuracy":0.727541699,"f1":0.7835336291,"recall":0.9862051111,"precision":0.64996222,"roc_auc":0.8789866388},"test":{"accuracy":0.4813110983,"f1":0.0786516854,"recall":0.7857142857,"precision":0.0413978495,"roc_auc":0.7282499094}}
{"params":{"max_depth":10},"train":{"accuracy":0.9321720478,"f1":0.9285714286,"recall":0.8817633788,"precision":0.9806276478,"roc_auc":0.9914968089},"test":{"accuracy":0.9631972398,"f1":0.3725490196,"recall":0.387755102,"precision":0.358490566,"roc_auc":0.8465553677}}
{"params":{"max_depth":5},"train":{"accuracy":0.7895632235,"f1":0.7420553969,"recall":0.6053848145,"precision":0.9584284794,"roc_auc":0.9562502121},"test":{"accuracy":0.9574468085,"f1":0.3148148148,"recall":0.3469387755,"precision":0.2881355932,"roc_auc":0.7916631445}}
{"params":{"max_depth":10},"train":{"accuracy":0.9306927031,"f1":0.9268968208,"recall":0.8787677059,"precision":0.9806033593,"roc_auc":0.9915978111},"test":{"accuracy":0.9623346751,"f1":0.3671497585,"recall":0.387755102,"precision":0.3486238532,"roc_auc":0.8495260234}}
