{"params":{"max_depth":3},"train":{"accuracy":0.7285587485,"f1":0.7845284404,"recall":0.9883131773,"precision":0.6504162002,"roc_auc":0.8472903215},"test":{"accuracy":0.4815986199,"f1":0.0796324655,"recall":0.7959183673,"precision":0.04191295,"roc_auc":0.7012951334}}
{"params":{"max_depth":5},"train":{"accuracy":0.7615851178,"f1":0.6948474592,"recall":0.5428825031,"precision":0.9649618722,"roc_auc":0.9436182725},"test":{"accuracy":0.9594594595,"f1":0.2914572864,"recall":0.2959183673,"precision":0.2871287129,"roc_auc":0.7894351528}}
{"params":{"max_depth":3},"train":{"accuracy":0.7281519287,"f1":0.7841231149,"recall":0.9874255705,"precision":0.650243546,"roc_auc":0.8515893718},"test":{"accuracy":0.4813110983,"f1":0.0786516854,"recall":0.7857142857,"precision":0.0413978495,"roc_auc":0.7179386548}}
{"params":{"max_depth":5},"train":{"accuracy":0.8478124191,"f1":0.8259085332,"recall":0.7219941566,"precision":0.9647640227,"roc_auc":0.9453461066},"test":{"accuracy":0.9565842438,"f1":0.3167420814,"recall":0.3571428571,"precision":0.2845528455,"roc_auc":0.7813850984}}
{"params":{"max_depth":3},"train":{"accuracy":0.7281704205,"f1":0.7841409692,"recall":0.9874625541,"precision":0.650252064,"roc_auc":0.8789751159},"test":{"accuracy":0.4813110983,"f1":0.0786516854,"recall":0.7857142857,"precision":0.0413978495,"roc_auc":0.7273804492}}
{"params":{"max_depth":10},"train":{"accuracy":0.917212175,"f1":0.9116631479,"recall":0.8543955028,"precision":0.9771592928,"roc_auc":0.9898476698},"test":{"accuracy":0.9600345026,"f1":0.3534883721,"recall":0.387755102,"precision":0.3247863248,"roc_auc":0.8391483516}}
{"params":{"max_depth":5},"train":{"accuracy":0.8399534006,"f1":0.8153206017,"recall":0.7065719886,"precision":0.9636336124,"roc_auc":0.9560416846},"test":{"accuracy":0.9565842438,"f1":0.3228699552,"recall":0.3673469388,"precision":0.288,"roc_auc":0.786983758}}
{"params":{"max_depth":10},"train":{"accuracy":0.9349273272,"f1":0.9315835521,"recall":0.8860534783,"precision":0.9820462371,"roc_auc":0.9910923389},"test":{"accuracy":0.9631972398,"f1":0.3663366337,"recall":0.3775510204,"precision":0.3557692308,"roc_auc":0.8509917281}}
{"params":{"max_depth":3},"train":{"accuracy":0.7281704205,"f1":0.7841409692,"recall":0.9874625541,"precision":0.650252064,"roc_auc":0.8797005051},"test":{"accuracy":0.4813110983,"f1":0.0786516854,"recall":0.7857142857,"precision":0.0413978495,"roc_auc":0.7291616351}}
{"params":{"max_depth":10},"train":{"accuracy":0.9291948667,"f1":0.9252746824,"recall":0.876733607,"precision":0.979505826,"roc_auc":0.9915245278},"test":{"accuracy":0.9620471535,"f1":0.3653846154,"recall":0.387755102,"precision":0.3454545455,"roc_auc":0.8479954112}}
{"params":{"max_depth":5},"train":{"accuracy":0.8401383187,"f1":0.8154867351,"recall":0.706535005,"precision":0.9641667508,"roc_auc":0.9564180937},"test":{"accuracy":0.9574468085,"f1":0.3211009174,"recall":0.3571428571,"precision":0.2916666667,"roc_auc":0.7857007004}}
{"params":{"max_depth":3},"train":{"accuracy":0.7281704205,"f1":0.7841409692,"recall":0.9874625541,"precision":0.650252064,"roc_auc":0.879736878},"test":{"accuracy":0.4813110983,"f1":0.0786516854,"recall":0.7857142857,"precision":0.0413978495,"roc_auc":0.7306877189}}
{"params":{"max_depth":10},"train":{"accuracy":0.926846407,"f1":0.9225285916,"recall":0.8711120973,"precision":0.9803954214,"roc_auc":0.9918864061},"test":{"accuracy":0.9640598045,"f1":0.3842364532,"recall":0.3979591837,"precision":0.3714285714,"roc_auc":0.8488799662}}
{"params":{"max_depth":5},"train":{"accuracy":0.840304745,"f1":0.8156040483,"recall":0.7063500869,"precision":0.964839606,"roc_auc":0.9566460738},"test":{"accuracy":0.9577343301,"f1":0.3225806452,"recall":0.3571428571,"precision":0.2941176471,"roc_auc":0.7898864871}}
{"params":{"max_depth":10},"train":{"accuracy":0.9272717186,"f1":0.9230317619,"recall":0.8721846222,"precision":0.9801745636,"roc_auc":0.9918401154},"test":{"accuracy":0.9626221967,"f1":0.375,"recall":0.3979591837,"precision":0.3545454545,"roc_auc":0.8479395604}}
