{"params":{"max_depth":3},"train":{"accuracy":0.7280964533,"f1":0.7840758906,"recall":0.9873516032,"precision":0.6502106724,"roc_auc":0.8646635944},"test":{"accuracy":0.4813110983,"f1":0.0786516854,"recall":0.7857142857,"precision":0.0413978495,"roc_auc":0.7014491004}}
{"params":{"max_depth":5},"train":{"accuracy":0.7971818484,"f1":0.7547076978,"recall":0.6240245571,"precision":0.9546251768,"roc_auc":0.9496671072},"test":{"accuracy":0.955146636,"f1":0.3217391304,"recall":0.3775510204,"precision":0.2803030303,"roc_auc":0.776145695}}
{"params":{"max_depth":3},"train":{"accuracy":0.7280594697,"f1":0.7840338356,"recall":0.9872406524,"precision":0.6502009499,"roc_auc":0.8758533794},"test":{"accuracy":0.4813110983,"f1":0.0786516854,"recall":0.7857142857,"precision":0.0413978495,"roc_auc":0.7063579278}}
{"params":{"max_depth":5},"train":{"accuracy":0.7773956137,"f1":0.7218448172,"recall":0.5776840859,"precision":0.9618818893,"roc_auc":0.9532185335},"test":{"accuracy":0.9588844163,"f1":0.2955665025,"recall":0.306122449,"precision":0.2857142857,"roc_auc":0.7891498611}}
{"params":{"max_depth":3},"train":{"accuracy":0.7275971745,"f1":0.7835872424,"recall":0.986316062,"precision":0.6499878138,"roc_auc":0.8757073469},"test":{"accuracy":0.4813110983,"f1":0.0786516854,"recall":0.7857142857,"precision":0.0413978495,"roc_auc":0.7062311315}}
{"params":{"max_depth":10},"train":{"accuracy":0.9321350642,"f1":0.9286880149,"recall":0.8837974777,"precision":0.9783828045,"roc_auc":0.9904599005},"test":{"accuracy":0.9614721104,"f1":0.3679245283,"recall":0.3979591837,"precision":0.3421052632,"roc_auc":0.8376615143}}
{"params":{"max_depth":5},"train":{"accuracy":0.7909131255,"f1":0.743145317,"recall":0.6049410111,"precision":0.9631963255,"roc_auc":0.9536799533},"test":{"accuracy":0.9588844163,"f1":0.2955665025,"recall":0.306122449,"precision":0.2857142857,"roc_auc":0.7842289579}}
{"params":{"max_depth":10},"train":{"accuracy":0.9199674544,"f1":0.9146586741,"recall":0.8577610119,"precision":0.9796409715,"roc_auc":0.9910526327},"test":{"accuracy":0.9637722829,"f1":0.3883495146,"recall":0.4081632653,"precision":0.3703703704,"roc_auc":0.8422654269}}
{"params":{"max_depth":3},"train":{"accuracy":0.727541699,"f1":0.7835336291,"recall":0.9862051111,"precision":0.64996222,"roc_auc":0.8763388771},"test":{"accuracy":0.4813110983,"f1":0.0786516854,"recall":0.7857142857,"precision":0.0413978495,"roc_auc":0.7063956648}}
{"params":{"max_depth":10},"train":{"accuracy":0.9230555864,"f1":0.9182948141,"recall":0.864787899,"precision":0.9788596785,"roc_auc":0.9913655539},"test":{"accuracy":0.9626221967,"f1":0.3689320388,"recall":0.387755102,"precision":0.3518518519,"roc_auc":0.8401838546}}
{"params":{"max_depth":5},"train":{"accuracy":0.7911165354,"f1":0.744191313,"recall":0.6076777987,"precision":0.9598107366,"roc_auc":0.9552567884},"test":{"accuracy":0.9571592869,"f1":0.3133640553,"recall":0.3469387755,"precision":0.2857142857,"roc_auc":0.7856056032}}
{"params":{"max_depth":3},"train":{"accuracy":0.7275786826,"f1":0.7835693718,"recall":0.9862790784,"precision":0.6499792829,"roc_auc":0.8800563782},"test":{"accuracy":0.4813110983,"f1":0.0786516854,"recall":0.7857142857,"precision":0.0413978495,"roc_auc":0.7136109769}}
{"params":{"max_depth":10},"train":{"accuracy":0.9269203743,"f1":0.9226523662,"recall":0.8717408188,"precision":0.9798794429,"roc_auc":0.9912025587},"test":{"accuracy":0.9626221967,"f1":0.3689320388,"recall":0.387755102,"precision":0.3518518519,"roc_auc":0.8474384132}}
{"params":{"max_depth":5},"train":{"accuracy":0.8403232368,"f1":0.8156135893,"recall":0.7063131033,"precision":0.9649353274,"roc_auc":0.9560495959},"test":{"accuracy":0.9571592869,"f1":0.3196347032,"recall":0.3571428571,"precision":0.2892561983,"roc_auc":0.7874290545}}
{"params":{"max_depth":10},"train":{"accuracy":0.9302119161,"f1":0.9264900662,"recall":0.8795813455,"precision":0.9786840048,"roc_auc":0.9913150675},"test":{"accuracy":0.9623346751,"f1":0.3732057416,"recall":0.3979591837,"precision":0.3513513514,"roc_auc":0.8469312281}}
