{"params":{"max_depth":3},"train":{"accuracy":0.8011664899,"f1":0.8113207547,"recall":0.8549840933,"precision":0.7719004308,"roc_auc":0.8802360545},"test":{"accuracy":0.7387755102,"f1":0.2195121951,"recall":0.9473684211,"precision":0.124137931,"roc_auc":0.8912168957}}
{"params":{"max_depth":3},"train":{"accuracy":0.8009013786,"f1":0.8111167002,"recall":0.8549840933,"precision":0.7715311005,"roc_auc":0.889850347},"test":{"accuracy":0.7387755102,"f1":0.2195121951,"recall":0.9473684211,"precision":0.124137931,"roc_auc":0.9087048832}}
{"params":{"max_depth":5},"train":{"accuracy":0.8751325557,"f1":0.8800305655,"recall":0.9159597031,"precision":0.8468137255,"roc_auc":0.9487883877},"test":{"accuracy":0.812244898,"f1":0.2333333333,"recall":0.7368421053,"precision":0.1386138614,"roc_auc":0.9041233657}}
{"params":{"max_depth":5},"train":{"accuracy":0.874602333,"f1":0.8795211411,"recall":0.9154294804,"precision":0.8463235294,"roc_auc":0.9528755796},"test":{"accuracy":0.812244898,"f1":0.2333333333,"recall":0.7368421053,"precision":0.1386138614,"roc_auc":0.9017767348}}
{"params":{"max_depth":10},"train":{"accuracy":0.9573170732,"f1":0.9581165453,"recall":0.9764050901,"precision":0.9405005107,"roc_auc":0.9943182393},"test":{"accuracy":0.9020408163,"f1":0.3142857143,"recall":0.5789473684,"precision":0.2156862745,"roc_auc":0.8880321824}}
{"params":{"max_depth":3},"train":{"accuracy":0.8022269353,"f1":0.8121380005,"recall":0.8549840933,"precision":0.773381295,"roc_auc":0.8913419146},"test":{"accuracy":0.7408163265,"f1":0.2111801242,"recall":0.8947368421,"precision":0.1197183099,"roc_auc":0.9066934853}}
{"params":{"max_depth":5},"train":{"accuracy":0.8687698834,"f1":0.8748736097,"recall":0.9175503712,"precision":0.8359903382,"roc_auc":0.9527111501},"test":{"accuracy":0.793877551,"f1":0.2170542636,"recall":0.7368421053,"precision":0.1272727273,"roc_auc":0.9030059224}}
{"params":{"max_depth":10},"train":{"accuracy":0.9612937434,"f1":0.9619890653,"recall":0.9795864263,"precision":0.9450127877,"roc_auc":0.9952621538},"test":{"accuracy":0.912244898,"f1":0.3582089552,"recall":0.6315789474,"precision":0.25,"roc_auc":0.8947368421}}
{"params":{"max_depth":3},"train":{"accuracy":0.8009013786,"f1":0.8111167002,"recall":0.8549840933,"precision":0.7715311005,"roc_auc":0.894275605},"test":{"accuracy":0.7387755102,"f1":0.2195121951,"recall":0.9473684211,"precision":0.124137931,"roc_auc":0.9098223265}}
{"params":{"max_depth":10},"train":{"accuracy":0.9612937434,"f1":0.9620877694,"recall":0.9822375398,"precision":0.9427480916,"roc_auc":0.9955663431},"test":{"accuracy":0.9040816327,"f1":0.3188405797,"recall":0.5789473684,"precision":0.22,"roc_auc":0.8859090401}}
{"params":{"max_depth":5},"train":{"accuracy":0.8734093319,"f1":0.8797986155,"recall":0.9265641569,"precision":0.837526959,"roc_auc":0.9542514245},"test":{"accuracy":0.793877551,"f1":0.2170542636,"recall":0.7368421053,"precision":0.1272727273,"roc_auc":0.9015532462}}
{"params":{"max_depth":3},"train":{"accuracy":0.8009013786,"f1":0.8111167002,"recall":0.8549840933,"precision":0.7715311005,"roc_auc":0.8958260707},"test":{"accuracy":0.7387755102,"f1":0.2195121951,"recall":0.9473684211,"precision":0.124137931,"roc_auc":0.9089283719}}
{"params":{"max_depth":10},"train":{"accuracy":0.9591728526,"f1":0.9601139601,"recall":0.9827677625,"precision":0.9384810127,"roc_auc":0.9956565175},"test":{"accuracy":0.893877551,"f1":0.2972972973,"recall":0.5789473684,"precision":0.2,"roc_auc":0.8831154319}}
{"params":{"max_depth":5},"train":{"accuracy":0.8723488865,"f1":0.8787916929,"recall":0.9255037116,"precision":0.836568416,"roc_auc":0.9542453801},"test":{"accuracy":0.793877551,"f1":0.2170542636,"recall":0.7368421053,"precision":0.1272727273,"roc_auc":0.9027824338}}
{"params":{"max_depth":10},"train":{"accuracy":0.9586426299,"f1":0.9595959596,"recall":0.9822375398,"precision":0.9379746835,"roc_auc":0.9956925732},"test":{"accuracy":0.893877551,"f1":0.2972972973,"recall":0.5789473684,"precision":0.2,"roc_auc":0.8785339144}}
