{"params":{"max_depth":3},"train":{"accuracy":0.8014316013,"f1":0.8115249119,"recall":0.8549840933,"precision":0.7722701149,"roc_auc":0.8894127587},"test":{"accuracy":0.7387755102,"f1":0.2098765432,"recall":0.8947368421,"precision":0.1188811189,"roc_auc":0.9054642977}}
{"params":{"max_depth":5},"train":{"accuracy":0.8740721103,"f1":0.8796249366,"recall":0.9202014846,"precision":0.8424757282,"roc_auc":0.9543823637},"test":{"accuracy":0.8,"f1":0.2222222222,"recall":0.7368421053,"precision":0.1308411215,"roc_auc":0.8995977204}}
{"params":{"max_depth":3},"train":{"accuracy":0.8011664899,"f1":0.8113207547,"recall":0.8549840933,"precision":0.7719004308,"roc_auc":0.8919574621},"test":{"accuracy":0.7387755102,"f1":0.2195121951,"recall":0.9473684211,"precision":0.124137931,"roc_auc":0.9060230193}}
{"params":{"max_depth":5},"train":{"accuracy":0.8740721103,"f1":0.8793191057,"recall":0.9175503712,"precision":0.8441463415,"roc_auc":0.953554945},"test":{"accuracy":0.812244898,"f1":0.2333333333,"recall":0.7368421053,"precision":0.1386138614,"roc_auc":0.8998212091}}
{"params":{"max_depth":10},"train":{"accuracy":0.9635471898,"f1":0.9641787156,"recall":0.9811770944,"precision":0.947759283,"roc_auc":0.9953678961},"test":{"accuracy":0.9163265306,"f1":0.3692307692,"recall":0.6315789474,"precision":0.2608695652,"roc_auc":0.8684210526}}
{"params":{"max_depth":3},"train":{"accuracy":0.8011664899,"f1":0.8113207547,"recall":0.8549840933,"precision":0.7719004308,"roc_auc":0.8943866889},"test":{"accuracy":0.7387755102,"f1":0.2195121951,"recall":0.9473684211,"precision":0.124137931,"roc_auc":0.9102693038}}
{"params":{"max_depth":5},"train":{"accuracy":0.8696977731,"f1":0.8758368069,"recall":0.9191410392,"precision":0.8364294331,"roc_auc":0.952347606},"test":{"accuracy":0.7979591837,"f1":0.2204724409,"recall":0.7368421053,"precision":0.1296296296,"roc_auc":0.9007710359}}
{"params":{"max_depth":10},"train":{"accuracy":0.9616914104,"f1":0.9624724062,"recall":0.9825026511,"precision":0.9432425554,"roc_auc":0.9958403102},"test":{"accuracy":0.9142857143,"f1":0.3636363636,"recall":0.6315789474,"precision":0.2553191489,"roc_auc":0.8707118114}}
{"params":{"max_depth":3},"train":{"accuracy":0.8009013786,"f1":0.8111167002,"recall":0.8549840933,"precision":0.7715311005,"roc_auc":0.8936908771},"test":{"accuracy":0.7387755102,"f1":0.2195121951,"recall":0.9473684211,"precision":0.124137931,"roc_auc":0.9118895966}}
{"params":{"max_depth":10},"train":{"accuracy":0.9591728526,"f1":0.9601242879,"recall":0.9830328738,"precision":0.9382591093,"roc_auc":0.9957678474},"test":{"accuracy":0.906122449,"f1":0.3611111111,"recall":0.6842105263,"precision":0.2452830189,"roc_auc":0.8669125042}}
{"params":{"max_depth":5},"train":{"accuracy":0.8700954401,"f1":0.8761375126,"recall":0.9188759279,"precision":0.8371980676,"roc_auc":0.9534511003},"test":{"accuracy":0.7979591837,"f1":0.2204724409,"recall":0.7368421053,"precision":0.1296296296,"roc_auc":0.9001005699}}
{"params":{"max_depth":3},"train":{"accuracy":0.8009013786,"f1":0.8111167002,"recall":0.8549840933,"precision":0.7715311005,"roc_auc":0.8935403638},"test":{"accuracy":0.7387755102,"f1":0.2195121951,"recall":0.9473684211,"precision":0.124137931,"roc_auc":0.9103810482}}
{"params":{"max_depth":10},"train":{"accuracy":0.9593054083,"f1":0.9602486081,"recall":0.9830328738,"precision":0.9384965831,"roc_auc":0.9956545495},"test":{"accuracy":0.8959183673,"f1":0.301369863,"recall":0.5789473684,"precision":0.2037037037,"roc_auc":0.8655715722}}
{"params":{"max_depth":5},"train":{"accuracy":0.869300106,"f1":0.8754736044,"recall":0.9188759279,"precision":0.835986493,"roc_auc":0.953846448},"test":{"accuracy":0.7959183673,"f1":0.21875,"recall":0.7368421053,"precision":0.128440367,"roc_auc":0.9017767348}}
{"params":{"max_depth":10},"train":{"accuracy":0.9586426299,"f1":0.9596168781,"recall":0.9827677625,"precision":0.9375316136,"roc_auc":0.9955723172},"test":{"accuracy":0.893877551,"f1":0.2972972973,"recall":0.5789473684,"precision":0.2,"roc_auc":0.8638954073}}
