{"params":{"max_depth":3},"train":{"accuracy":0.8189289502,"f1":0.8251855644,"recall":0.854718982,"precision":0.7976249381,"roc_auc":0.893122701},"test":{"accuracy":0.7816326531,"f1":0.2411347518,"recall":0.8947368421,"precision":0.1393442623,"roc_auc":0.9132864007}}
{"params":{"max_depth":5},"train":{"accuracy":0.8736744433,"f1":0.881747115,"recall":0.9419406151,"precision":0.8287846979,"roc_auc":0.9518913572},"test":{"accuracy":0.7795918367,"f1":0.2058823529,"recall":0.7368421053,"precision":0.1196581197,"roc_auc":0.9082020337}}
{"params":{"max_depth":3},"train":{"accuracy":0.8174708378,"f1":0.8240255591,"recall":0.854718982,"precision":0.795460153,"roc_auc":0.8929564793},"test":{"accuracy":0.7775510204,"f1":0.2482758621,"recall":0.9473684211,"precision":0.1428571429,"roc_auc":0.9119454688}}
{"params":{"max_depth":5},"train":{"accuracy":0.8763255567,"f1":0.8831266441,"recall":0.9345174973,"precision":0.837093327,"roc_auc":0.9543386821},"test":{"accuracy":0.7918367347,"f1":0.2153846154,"recall":0.7368421053,"precision":0.1261261261,"roc_auc":0.9007710359}}
{"params":{"max_depth":10},"train":{"accuracy":0.9634146341,"f1":0.9640625,"recall":0.9814422057,"precision":0.9472876151,"roc_auc":0.9957968044},"test":{"accuracy":0.9142857143,"f1":0.3636363636,"recall":0.6315789474,"precision":0.2553191489,"roc_auc":0.8918314896}}
{"params":{"max_depth":3},"train":{"accuracy":0.8009013786,"f1":0.8111167002,"recall":0.8549840933,"precision":0.7715311005,"roc_auc":0.8962510782},"test":{"accuracy":0.7387755102,"f1":0.2195121951,"recall":0.9473684211,"precision":0.124137931,"roc_auc":0.9125600626}}
{"params":{"max_depth":5},"train":{"accuracy":0.8777836691,"f1":0.8847788053,"recall":0.9384941676,"precision":0.8368794326,"roc_auc":0.9544917607},"test":{"accuracy":0.787755102,"f1":0.2121212121,"recall":0.7368421053,"precision":0.1238938053,"roc_auc":0.9013297575}}
{"params":{"max_depth":10},"train":{"accuracy":0.9615588547,"f1":0.9623376623,"recall":0.9822375398,"precision":0.9432281059,"roc_auc":0.9956610156},"test":{"accuracy":0.8979591837,"f1":0.3055555556,"recall":0.5789473684,"precision":0.2075471698,"roc_auc":0.8845681082}}
{"params":{"max_depth":3},"train":{"accuracy":0.8009013786,"f1":0.8111167002,"recall":0.8549840933,"precision":0.7715311005,"roc_auc":0.8965103911},"test":{"accuracy":0.7387755102,"f1":0.2195121951,"recall":0.9473684211,"precision":0.124137931,"roc_auc":0.9130629121}}
{"params":{"max_depth":10},"train":{"accuracy":0.9607635207,"f1":0.9615983394,"recall":0.9825026511,"precision":0.9415650407,"roc_auc":0.996057769},"test":{"accuracy":0.9020408163,"f1":0.3142857143,"recall":0.5789473684,"precision":0.2156862745,"roc_auc":0.8721644877}}
{"params":{"max_depth":5},"train":{"accuracy":0.8727465536,"f1":0.87966909,"recall":0.9302757158,"precision":0.8342843557,"roc_auc":0.9552505822},"test":{"accuracy":0.7918367347,"f1":0.2153846154,"recall":0.7368421053,"precision":0.1261261261,"roc_auc":0.9012180132}}
{"params":{"max_depth":3},"train":{"accuracy":0.8009013786,"f1":0.8111167002,"recall":0.8549840933,"precision":0.7715311005,"roc_auc":0.8960994755},"test":{"accuracy":0.7387755102,"f1":0.2195121951,"recall":0.9473684211,"precision":0.124137931,"roc_auc":0.9123924461}}
{"params":{"max_depth":10},"train":{"accuracy":0.9615588547,"f1":0.9623962656,"recall":0.9838282078,"precision":0.9418781726,"roc_auc":0.9960281091},"test":{"accuracy":0.9020408163,"f1":0.3142857143,"recall":0.5789473684,"precision":0.2156862745,"roc_auc":0.8710470444}}
{"params":{"max_depth":5},"train":{"accuracy":0.8743372216,"f1":0.8811136193,"recall":0.9313361612,"precision":0.8360304617,"roc_auc":0.9553637395},"test":{"accuracy":0.793877551,"f1":0.2170542636,"recall":0.7368421053,"precision":0.1272727273,"roc_auc":0.9043468544}}
{"params":{"max_depth":10},"train":{"accuracy":0.9595705196,"f1":0.9604871097,"recall":0.9827677625,"precision":0.9391943248,"roc_auc":0.9960130683},"test":{"accuracy":0.9020408163,"f1":0.3142857143,"recall":0.5789473684,"precision":0.2156862745,"roc_auc":0.8692591351}}
