{"params":{"max_depth":3},"train":{"accuracy":0.8020943796,"f1":0.8120357548,"recall":0.8549840933,"precision":0.7731958763,"roc_auc":0.8923004482},"test":{"accuracy":0.7408163265,"f1":0.2208588957,"recall":0.9473684211,"precision":0.125,"roc_auc":0.9133422729}}
{"params":{"max_depth":5},"train":{"accuracy":0.8682396607,"f1":0.8745583039,"recall":0.9186108165,"precision":0.8345375723,"roc_auc":0.9497174371},"test":{"accuracy":0.7918367347,"f1":0.2153846154,"recall":0.7368421053,"precision":0.1261261261,"roc_auc":0.9083696502}}
{"params":{"max_depth":3},"train":{"accuracy":0.8020943796,"f1":0.8120357548,"recall":0.8549840933,"precision":0.7731958763,"roc_auc":0.893593358},"test":{"accuracy":0.7408163265,"f1":0.2208588957,"recall":0.9473684211,"precision":0.125,"roc_auc":0.9068611018}}
{"params":{"max_depth":5},"train":{"accuracy":0.8712884411,"f1":0.8776307498,"recall":0.9231177094,"precision":0.8364160461,"roc_auc":0.9524932696},"test":{"accuracy":0.793877551,"f1":0.2170542636,"recall":0.7368421053,"precision":0.1272727273,"roc_auc":0.9093753492}}
{"params":{"max_depth":10},"train":{"accuracy":0.9567868505,"f1":0.9579028926,"recall":0.9832979852,"precision":0.9337865055,"roc_auc":0.9952688659},"test":{"accuracy":0.893877551,"f1":0.3157894737,"recall":0.6315789474,"precision":0.2105263158,"roc_auc":0.8727790815}}
{"params":{"max_depth":3},"train":{"accuracy":0.8011664899,"f1":0.8113207547,"recall":0.8549840933,"precision":0.7719004308,"roc_auc":0.8935166781},"test":{"accuracy":0.7387755102,"f1":0.2195121951,"recall":0.9473684211,"precision":0.124137931,"roc_auc":0.9078109286}}
{"params":{"max_depth":5},"train":{"accuracy":0.8702279958,"f1":0.876466877,"recall":0.9207317073,"precision":0.8362629425,"roc_auc":0.9533719956},"test":{"accuracy":0.793877551,"f1":0.2170542636,"recall":0.7368421053,"precision":0.1272727273,"roc_auc":0.907252207}}
{"params":{"max_depth":10},"train":{"accuracy":0.9589077413,"f1":0.9598445596,"recall":0.9822375398,"precision":0.938449848,"roc_auc":0.9957473244},"test":{"accuracy":0.9102040816,"f1":0.3529411765,"recall":0.6315789474,"precision":0.2448979592,"roc_auc":0.8737289083}}
{"params":{"max_depth":3},"train":{"accuracy":0.8009013786,"f1":0.8111167002,"recall":0.8549840933,"precision":0.7715311005,"roc_auc":0.8951901056},"test":{"accuracy":0.7387755102,"f1":0.2195121951,"recall":0.9473684211,"precision":0.124137931,"roc_auc":0.9112750028}}
{"params":{"max_depth":10},"train":{"accuracy":0.9586426299,"f1":0.9596168781,"recall":0.9827677625,"precision":0.9375316136,"roc_auc":0.9956851231},"test":{"accuracy":0.9102040816,"f1":0.3529411765,"recall":0.6315789474,"precision":0.2448979592,"roc_auc":0.8713822773}}
{"params":{"max_depth":5},"train":{"accuracy":0.8708907741,"f1":0.8771752837,"recall":0.9220572641,"precision":0.8364598365,"roc_auc":0.9543489436},"test":{"accuracy":0.793877551,"f1":0.2170542636,"recall":0.7368421053,"precision":0.1272727273,"roc_auc":0.9042351101}}
{"params":{"max_depth":3},"train":{"accuracy":0.8009013786,"f1":0.8111167002,"recall":0.8549840933,"precision":0.7715311005,"roc_auc":0.8960026593},"test":{"accuracy":0.7387755102,"f1":0.2195121951,"recall":0.9473684211,"precision":0.124137931,"roc_auc":0.913398145}}
{"params":{"max_depth":10},"train":{"accuracy":0.9581124072,"f1":0.9591520165,"recall":0.9835630965,"precision":0.9359233098,"roc_auc":0.9956806952},"test":{"accuracy":0.9,"f1":0.3098591549,"recall":0.5789473684,"precision":0.2115384615,"roc_auc":0.8813275226}}
{"params":{"max_depth":5},"train":{"accuracy":0.8695652174,"f1":0.8758202928,"recall":0.9199363733,"precision":0.8357418112,"roc_auc":0.9546937219},"test":{"accuracy":0.793877551,"f1":0.2170542636,"recall":0.7368421053,"precision":0.1272727273,"roc_auc":0.9036763884}}
{"params":{"max_depth":10},"train":{"accuracy":0.9585100742,"f1":0.9595136464,"recall":0.9832979852,"precision":0.9368527406,"roc_auc":0.9957877377},"test":{"accuracy":0.9020408163,"f1":0.3142857143,"recall":0.5789473684,"precision":0.2156862745,"roc_auc":0.8750698402}}
