{"params":{"max_depth":3},"train":{"accuracy":0.8022269353,"f1":0.8120433359,"recall":0.8544538706,"precision":0.773643783,"roc_auc":0.8913111302},"test":{"accuracy":0.7448979592,"f1":0.2236024845,"recall":0.9473684211,"precision":0.1267605634,"roc_auc":0.9060230193}}
{"params":{"max_depth":5},"train":{"accuracy":0.8708907741,"f1":0.8769891387,"recall":0.920466596,"precision":0.837433671,"roc_auc":0.9545672458},"test":{"accuracy":0.7979591837,"f1":0.2204724409,"recall":0.7368421053,"precision":0.1296296296,"roc_auc":0.8976421947}}
{"params":{"max_depth":3},"train":{"accuracy":0.8020943796,"f1":0.8117988151,"recall":0.8536585366,"precision":0.7738524393,"roc_auc":0.8922277042},"test":{"accuracy":0.7448979592,"f1":0.2236024845,"recall":0.9473684211,"precision":0.1267605634,"roc_auc":0.9042351101}}
{"params":{"max_depth":5},"train":{"accuracy":0.8743372216,"f1":0.880182002,"recall":0.9231177094,"precision":0.8410628019,"roc_auc":0.953173373},"test":{"accuracy":0.806122449,"f1":0.2276422764,"recall":0.7368421053,"precision":0.1346153846,"roc_auc":0.9033411554}}
{"params":{"max_depth":3},"train":{"accuracy":0.8009013786,"f1":0.8111167002,"recall":0.8549840933,"precision":0.7715311005,"roc_auc":0.8928738956},"test":{"accuracy":0.7387755102,"f1":0.2195121951,"recall":0.9473684211,"precision":0.124137931,"roc_auc":0.9050731925}}
{"params":{"max_depth":10},"train":{"accuracy":0.9589077413,"f1":0.9598237429,"recall":0.9817073171,"precision":0.9388945233,"roc_auc":0.9952101788},"test":{"accuracy":0.9040816327,"f1":0.338028169,"recall":0.6315789474,"precision":0.2307692308,"roc_auc":0.8590904012}}
{"params":{"max_depth":5},"train":{"accuracy":0.8735418876,"f1":0.8802410244,"recall":0.9294803818,"precision":0.8359561278,"roc_auc":0.9534223541},"test":{"accuracy":0.7918367347,"f1":0.2153846154,"recall":0.7368421053,"precision":0.1261261261,"roc_auc":0.9032294111}}
{"params":{"max_depth":10},"train":{"accuracy":0.9591728526,"f1":0.9600829445,"recall":0.9819724284,"precision":0.939148073,"roc_auc":0.9953683178},"test":{"accuracy":0.8979591837,"f1":0.2857142857,"recall":0.5263157895,"precision":0.1960784314,"roc_auc":0.8702648341}}
{"params":{"max_depth":3},"train":{"accuracy":0.8009013786,"f1":0.8111167002,"recall":0.8549840933,"precision":0.7715311005,"roc_auc":0.8951719372},"test":{"accuracy":0.7387755102,"f1":0.2195121951,"recall":0.9473684211,"precision":0.124137931,"roc_auc":0.9114426193}}
{"params":{"max_depth":10},"train":{"accuracy":0.9594379639,"f1":0.9603421462,"recall":0.9822375398,"precision":0.9394016227,"roc_auc":0.9954452437},"test":{"accuracy":0.906122449,"f1":0.303030303,"recall":0.5263157895,"precision":0.2127659574,"roc_auc":0.8682534361}}
{"params":{"max_depth":5},"train":{"accuracy":0.8726139979,"f1":0.8791347,"recall":0.9265641569,"precision":0.8363244795,"roc_auc":0.953801431},"test":{"accuracy":0.7918367347,"f1":0.2153846154,"recall":0.7368421053,"precision":0.1261261261,"roc_auc":0.9037881328}}
{"params":{"max_depth":3},"train":{"accuracy":0.8009013786,"f1":0.8111167002,"recall":0.8549840933,"precision":0.7715311005,"roc_auc":0.8965567785},"test":{"accuracy":0.7387755102,"f1":0.2195121951,"recall":0.9473684211,"precision":0.124137931,"roc_auc":0.9125600626}}
{"params":{"max_depth":10},"train":{"accuracy":0.9597030753,"f1":0.9606319606,"recall":0.9832979852,"precision":0.9389873418,"roc_auc":0.9956558146},"test":{"accuracy":0.906122449,"f1":0.3235294118,"recall":0.5789473684,"precision":0.2244897959,"roc_auc":0.8666890155}}
{"params":{"max_depth":5},"train":{"accuracy":0.8732767762,"f1":0.8798693139,"recall":0.928154825,"precision":0.8363592929,"roc_auc":0.9535900518},"test":{"accuracy":0.793877551,"f1":0.2170542636,"recall":0.7368421053,"precision":0.1272727273,"roc_auc":0.9040116214}}
{"params":{"max_depth":10},"train":{"accuracy":0.9582449629,"f1":0.9592654856,"recall":0.9832979852,"precision":0.9363797021,"roc_auc":0.9957005153},"test":{"accuracy":0.9,"f1":0.3098591549,"recall":0.5789473684,"precision":0.2115384615,"roc_auc":0.8700413454}}
