{"params":{"max_depth":3},"train":{"accuracy":0.7520938023,"f1":0.7920374707,"recall":0.9441652708,"precision":0.6821298911,"roc_auc":0.8749995713},"test":{"accuracy":0.6074380165,"f1":0.1592920354,"recall":0.5,"precision":0.0947368421,"roc_auc":0.503844246}}
{"params":{"max_depth":5},"train":{"accuracy":0.8606923506,"f1":0.8748432405,"recall":0.9737576773,"precision":0.7941712204,"roc_auc":0.9601465981},"test":{"accuracy":0.7066115702,"f1":0.0533333333,"recall":0.1111111111,"precision":0.0350877193,"roc_auc":0.4593253968}}
{"params":{"max_depth":3},"train":{"accuracy":0.7624232272,"f1":0.7979102351,"recall":0.9380234506,"precision":0.694214876,"roc_auc":0.8836990025},"test":{"accuracy":0.5826446281,"f1":0.0900900901,"recall":0.2777777778,"precision":0.0537634409,"roc_auc":0.5009920635}}
{"params":{"max_depth":5},"train":{"accuracy":0.8662758236,"f1":0.8799799549,"recall":0.9804578448,"precision":0.7981818182,"roc_auc":0.9665847383},"test":{"accuracy":0.7272727273,"f1":0.1081081081,"recall":0.2222222222,"precision":0.0714285714,"roc_auc":0.4699900794}}
{"params":{"max_depth":3},"train":{"accuracy":0.7710776103,"f1":0.8069679849,"recall":0.9570072585,"precision":0.6975986976,"roc_auc":0.8854212747},"test":{"accuracy":0.6157024793,"f1":0.1467889908,"recall":0.4444444444,"precision":0.0879120879,"roc_auc":0.511656746}}
{"params":{"max_depth":10},"train":{"accuracy":0.9592406477,"f1":0.9603906674,"recall":0.9882747069,"precision":0.9340369393,"roc_auc":0.9977868747},"test":{"accuracy":0.847107438,"f1":0.0975609756,"recall":0.1111111111,"precision":0.0869565217,"roc_auc":0.4836309524}}
{"params":{"max_depth":5},"train":{"accuracy":0.8715801228,"f1":0.884364002,"recall":0.9821328867,"precision":0.8042981253,"roc_auc":0.9714416739},"test":{"accuracy":0.7148760331,"f1":0.1038961039,"recall":0.2222222222,"precision":0.0677966102,"roc_auc":0.4942956349}}
{"params":{"max_depth":10},"train":{"accuracy":0.9617532105,"f1":0.9628020635,"recall":0.9899497487,"precision":0.9371035941,"roc_auc":0.9982688428},"test":{"accuracy":0.8553719008,"f1":0.1025641026,"recall":0.1111111111,"precision":0.0952380952,"roc_auc":0.5173611111}}
{"params":{"max_depth":3},"train":{"accuracy":0.7716359576,"f1":0.8069844266,"recall":0.9547738693,"precision":0.6988148754,"roc_auc":0.8861093107},"test":{"accuracy":0.5991735537,"f1":0.1100917431,"recall":0.3333333333,"precision":0.0659340659,"roc_auc":0.5052083333}}
{"params":{"max_depth":10},"train":{"accuracy":0.964544947,"f1":0.9654233597,"recall":0.9899497487,"precision":0.9420828905,"roc_auc":0.9986822256},"test":{"accuracy":0.8512396694,"f1":0.0526315789,"recall":0.0555555556,"precision":0.05,"roc_auc":0.5257936508}}
{"params":{"max_depth":5},"train":{"accuracy":0.869905081,"f1":0.8832665331,"recall":0.9843662758,"precision":0.8009995457,"roc_auc":0.9708745976},"test":{"accuracy":0.6983471074,"f1":0.1204819277,"recall":0.2777777778,"precision":0.0769230769,"roc_auc":0.503968254}}
{"params":{"max_depth":3},"train":{"accuracy":0.7716359576,"f1":0.8085205993,"recall":0.9642657733,"precision":0.6960902862,"roc_auc":0.8886927971},"test":{"accuracy":0.5991735537,"f1":0.1565217391,"recall":0.5,"precision":0.0927835052,"roc_auc":0.5074404762}}
{"params":{"max_depth":10},"train":{"accuracy":0.963707426,"f1":0.9646547036,"recall":0.990508096,"precision":0.9401165872,"roc_auc":0.9986869018},"test":{"accuracy":0.8388429752,"f1":0.0487804878,"recall":0.0555555556,"precision":0.0434782609,"roc_auc":0.5421626984}}
{"params":{"max_depth":5},"train":{"accuracy":0.864321608,"f1":0.8789840637,"recall":0.9854829704,"precision":0.793258427,"roc_auc":0.9730381544},"test":{"accuracy":0.6859504132,"f1":0.0952380952,"recall":0.2222222222,"precision":0.0606060606,"roc_auc":0.5101686508}}
{"params":{"max_depth":10},"train":{"accuracy":0.9634282524,"f1":0.9643731303,"recall":0.9899497487,"precision":0.9400848356,"roc_auc":0.9987342881},"test":{"accuracy":0.8429752066,"f1":0.05,"recall":0.0555555556,"precision":0.0454545455,"roc_auc":0.5376984127}}
