{"params":{"max_depth":3},"train":{"accuracy":0.8926701571,"f1":0.9028436019,"recall":0.997382199,"precision":0.8246753247,"roc_auc":0.9770504585},"test":{"accuracy":0.8310810811,"f1":0.2424242424,"recall":0.8,"precision":0.1428571429,"roc_auc":0.9195804196}}
{"params":{"max_depth":5},"train":{"accuracy":0.9511343805,"f1":0.9530988275,"recall":0.9930191972,"precision":0.9162640902,"roc_auc":0.9943345699},"test":{"accuracy":0.9121621622,"f1":0.3157894737,"recall":0.6,"precision":0.2142857143,"roc_auc":0.9286713287}}
{"params":{"max_depth":3},"train":{"accuracy":0.8931064572,"f1":0.9032767469,"recall":0.9982547993,"precision":0.8248017304,"roc_auc":0.9758355948},"test":{"accuracy":0.8175675676,"f1":0.2285714286,"recall":0.8,"precision":0.1333333333,"roc_auc":0.9167832168}}
{"params":{"max_depth":5},"train":{"accuracy":0.9472076789,"f1":0.9495202336,"recall":0.9930191972,"precision":0.9096722622,"roc_auc":0.9939945908},"test":{"accuracy":0.9054054054,"f1":0.3,"recall":0.6,"precision":0.2,"roc_auc":0.9188811189}}
{"params":{"max_depth":5},"train":{"accuracy":0.9537521815,"f1":0.9554995802,"recall":0.9930191972,"precision":0.9207119741,"roc_auc":0.9941701007},"test":{"accuracy":0.9054054054,"f1":0.3,"recall":0.6,"precision":0.2,"roc_auc":0.9258741259}}
{"params":{"max_depth":10},"train":{"accuracy":0.9877835951,"f1":0.9878997407,"recall":0.997382199,"precision":0.9785958904,"roc_auc":0.9996139543},"test":{"accuracy":0.9662162162,"f1":0.4444444444,"recall":0.4,"precision":0.5,"roc_auc":0.9286713287}}
{"params":{"max_depth":3},"train":{"accuracy":0.8931064572,"f1":0.9032767469,"recall":0.9982547993,"precision":0.8248017304,"roc_auc":0.9770782508},"test":{"accuracy":0.8175675676,"f1":0.2285714286,"recall":0.8,"precision":0.1333333333,"roc_auc":0.9181818182}}
{"params":{"max_depth":10},"train":{"accuracy":0.9904013962,"f1":0.9904679376,"recall":0.997382199,"precision":0.9836488812,"roc_auc":0.9996687774},"test":{"accuracy":0.9662162162,"f1":0.4444444444,"recall":0.4,"precision":0.5,"roc_auc":0.9440559441}}
{"params":{"max_depth":10},"train":{"accuracy":0.9895287958,"f1":0.9896013865,"recall":0.9965095986,"precision":0.982788296,"roc_auc":0.9997007575},"test":{"accuracy":0.9662162162,"f1":0.4444444444,"recall":0.4,"precision":0.5,"roc_auc":0.9468531469}}
{"params":{"max_depth":3},"train":{"accuracy":0.8952879581,"f1":0.9050632911,"recall":0.9982547993,"precision":0.8277858177,"roc_auc":0.9774631543},"test":{"accuracy":0.8175675676,"f1":0.2285714286,"recall":0.8,"precision":0.1333333333,"roc_auc":0.9174825175}}
{"params":{"max_depth":5},"train":{"accuracy":0.9541884817,"f1":0.955900882,"recall":0.9930191972,"precision":0.9214574899,"roc_auc":0.9944118552},"test":{"accuracy":0.9121621622,"f1":0.3157894737,"recall":0.6,"precision":0.2142857143,"roc_auc":0.9258741259}}
{"params":{"max_depth":3},"train":{"accuracy":0.8939790576,"f1":0.9039905176,"recall":0.9982547993,"precision":0.8259927798,"roc_auc":0.9773942448},"test":{"accuracy":0.8175675676,"f1":0.2285714286,"recall":0.8,"precision":0.1333333333,"roc_auc":0.9188811189}}
{"params":{"max_depth":10},"train":{"accuracy":0.9895287958,"f1":0.9896013865,"recall":0.9965095986,"precision":0.982788296,"roc_auc":0.9997144632},"test":{"accuracy":0.9594594595,"f1":0.4,"recall":0.4,"precision":0.4,"roc_auc":0.9384615385}}
{"params":{"max_depth":5},"train":{"accuracy":0.952443281,"f1":0.9542976939,"recall":0.9930191972,"precision":0.9184826473,"roc_auc":0.9946288631},"test":{"accuracy":0.9189189189,"f1":0.3333333333,"recall":0.6,"precision":0.2307692308,"roc_auc":0.9244755245}}
{"params":{"max_depth":10},"train":{"accuracy":0.9895287958,"f1":0.9896103896,"recall":0.997382199,"precision":0.9819587629,"roc_auc":0.9997243618},"test":{"accuracy":0.9594594595,"f1":0.4,"recall":0.4,"precision":0.4,"roc_auc":0.9342657343}}
