{"params":{"max_depth":5},"train":{"accuracy":0.9572425829,"f1":0.9587888982,"recall":0.9947643979,"precision":0.9253246753,"roc_auc":0.9949212528},"test":{"accuracy":0.9121621622,"f1":0.3157894737,"recall":0.6,"precision":0.2142857143,"roc_auc":0.9202797203}}
{"params":{"max_depth":3},"train":{"accuracy":0.8922338569,"f1":0.9026409145,"recall":0.9991273997,"precision":0.8231488138,"roc_auc":0.9767972826},"test":{"accuracy":0.8040540541,"f1":0.2162162162,"recall":0.8,"precision":0.125,"roc_auc":0.9188811189}}
{"params":{"max_depth":3},"train":{"accuracy":0.9035776614,"f1":0.9114937926,"recall":0.9930191972,"precision":0.8423390081,"roc_auc":0.977569374},"test":{"accuracy":0.8310810811,"f1":0.2424242424,"recall":0.8,"precision":0.1428571429,"roc_auc":0.9167832168}}
{"params":{"max_depth":5},"train":{"accuracy":0.9576788831,"f1":0.9591234724,"recall":0.9930191972,"precision":0.9274653627,"roc_auc":0.9947084327},"test":{"accuracy":0.9324324324,"f1":0.375,"recall":0.6,"precision":0.2727272727,"roc_auc":0.9272727273}}
{"params":{"max_depth":5},"train":{"accuracy":0.9568062827,"f1":0.9583858764,"recall":0.9947643979,"precision":0.9245742092,"roc_auc":0.9949989188},"test":{"accuracy":0.9324324324,"f1":0.4444444444,"recall":0.8,"precision":0.3076923077,"roc_auc":0.9300699301}}
{"params":{"max_depth":10},"train":{"accuracy":0.989965096,"f1":0.9900475984,"recall":0.9982547993,"precision":0.9819742489,"roc_auc":0.9997860378},"test":{"accuracy":0.9662162162,"f1":0.5454545455,"recall":0.6,"precision":0.5,"roc_auc":0.9342657343}}
{"params":{"max_depth":3},"train":{"accuracy":0.8983420593,"f1":0.9072082836,"recall":0.9938917976,"precision":0.8344322344,"roc_auc":0.97783321},"test":{"accuracy":0.8243243243,"f1":0.2352941176,"recall":0.8,"precision":0.1379310345,"roc_auc":0.9216783217}}
{"params":{"max_depth":10},"train":{"accuracy":0.989965096,"f1":0.9900303424,"recall":0.9965095986,"precision":0.9836347976,"roc_auc":0.9997555805},"test":{"accuracy":0.9594594595,"f1":0.4,"recall":0.4,"precision":0.4,"roc_auc":0.9398601399}}
{"params":{"max_depth":3},"train":{"accuracy":0.8970331588,"f1":0.9064976228,"recall":0.9982547993,"precision":0.8301886792,"roc_auc":0.9770763472},"test":{"accuracy":0.8175675676,"f1":0.2285714286,"recall":0.8,"precision":0.1333333333,"roc_auc":0.9188811189}}
{"params":{"max_depth":10},"train":{"accuracy":0.9908376963,"f1":0.9908893709,"recall":0.9965095986,"precision":0.9853321829,"roc_auc":0.9997502505},"test":{"accuracy":0.9594594595,"f1":0.4,"recall":0.4,"precision":0.4,"roc_auc":0.9384615385}}
{"params":{"max_depth":5},"train":{"accuracy":0.9541884817,"f1":0.955900882,"recall":0.9930191972,"precision":0.9214574899,"roc_auc":0.9948196017},"test":{"accuracy":0.9054054054,"f1":0.3,"recall":0.6,"precision":0.2,"roc_auc":0.9230769231}}
{"params":{"max_depth":3},"train":{"accuracy":0.8904886562,"f1":0.9012199921,"recall":0.9991273997,"precision":0.8207885305,"roc_auc":0.9770976673},"test":{"accuracy":0.8040540541,"f1":0.2162162162,"recall":0.8,"precision":0.125,"roc_auc":0.9216783217}}
{"params":{"max_depth":10},"train":{"accuracy":0.989965096,"f1":0.9900389779,"recall":0.997382199,"precision":0.9828030954,"roc_auc":0.9997639563},"test":{"accuracy":0.9594594595,"f1":0.4,"recall":0.4,"precision":0.4,"roc_auc":0.9342657343}}
{"params":{"max_depth":5},"train":{"accuracy":0.952443281,"f1":0.9542976939,"recall":0.9930191972,"precision":0.9184826473,"roc_auc":0.994915542},"test":{"accuracy":0.9121621622,"f1":0.3157894737,"recall":0.6,"precision":0.2142857143,"roc_auc":0.9258741259}}
{"params":{"max_depth":10},"train":{"accuracy":0.989965096,"f1":0.9900389779,"recall":0.997382199,"precision":0.9828030954,"roc_auc":0.999761672},"test":{"accuracy":0.9594594595,"f1":0.4,"recall":0.4,"precision":0.4,"roc_auc":0.9314685315}}
