{"params":{"max_depth":3},"train":{"accuracy":0.7451144612,"f1":0.7704299723,"recall":0.8553880514,"precision":0.7008234218,"roc_auc":0.8573028303},"test":{"accuracy":0.6157024793,"f1":0.0412371134,"recall":0.1111111111,"precision":0.0253164557,"roc_auc":0.4779265873}}
{"params":{"max_depth":5},"train":{"accuracy":0.8445002792,"f1":0.8629766298,"recall":0.9793411502,"precision":0.7713280563,"roc_auc":0.9536813355},"test":{"accuracy":0.6983471074,"f1":0.1204819277,"recall":0.2777777778,"precision":0.0769230769,"roc_auc":0.5054563492}}
{"params":{"max_depth":3},"train":{"accuracy":0.7590731435,"f1":0.788635807,"recall":0.8989391401,"precision":0.702443281,"roc_auc":0.8720837577},"test":{"accuracy":0.6074380165,"f1":0.1121495327,"recall":0.3333333333,"precision":0.0674157303,"roc_auc":0.4957837302}}
{"params":{"max_depth":5},"train":{"accuracy":0.8584589615,"f1":0.8739746458,"recall":0.9815745394,"precision":0.7876344086,"roc_auc":0.9657180686},"test":{"accuracy":0.6983471074,"f1":0.0987654321,"recall":0.2222222222,"precision":0.0634920635,"roc_auc":0.4972718254}}
{"params":{"max_depth":3},"train":{"accuracy":0.7613065327,"f1":0.794619265,"recall":0.923506421,"precision":0.697301855,"roc_auc":0.8769922882},"test":{"accuracy":0.5909090909,"f1":0.0917431193,"recall":0.2777777778,"precision":0.0549450549,"roc_auc":0.4987599206}}
{"params":{"max_depth":10},"train":{"accuracy":0.9561697376,"f1":0.9575560962,"recall":0.9888330542,"precision":0.928197065,"roc_auc":0.9979895133},"test":{"accuracy":0.8388429752,"f1":0.0487804878,"recall":0.0555555556,"precision":0.0434782609,"roc_auc":0.5262896825}}
{"params":{"max_depth":5},"train":{"accuracy":0.8562255723,"f1":0.8723034962,"recall":0.9821328867,"precision":0.7845673506,"roc_auc":0.9661041731},"test":{"accuracy":0.694214876,"f1":0.0975609756,"recall":0.2222222222,"precision":0.0625,"roc_auc":0.4972718254}}
{"params":{"max_depth":10},"train":{"accuracy":0.9620323841,"f1":0.9631036354,"recall":0.9910664433,"precision":0.9366754617,"roc_auc":0.9985609542},"test":{"accuracy":0.8429752066,"f1":0.05,"recall":0.0555555556,"precision":0.0454545455,"roc_auc":0.5081845238}}
{"params":{"max_depth":3},"train":{"accuracy":0.7632607482,"f1":0.80306549,"recall":0.9653824679,"precision":0.6874751491,"roc_auc":0.8881073274},"test":{"accuracy":0.5743801653,"f1":0.1487603306,"recall":0.5,"precision":0.0873786408,"roc_auc":0.4957837302}}
{"params":{"max_depth":10},"train":{"accuracy":0.9620323841,"f1":0.9630434783,"recall":0.9893914015,"precision":0.9380624669,"roc_auc":0.9986130167},"test":{"accuracy":0.8347107438,"f1":0.0909090909,"recall":0.1111111111,"precision":0.0769230769,"roc_auc":0.5190972222}}
{"params":{"max_depth":5},"train":{"accuracy":0.8590173088,"f1":0.8747209129,"recall":0.9843662758,"precision":0.7870535714,"roc_auc":0.9722341467},"test":{"accuracy":0.6859504132,"f1":0.0952380952,"recall":0.2222222222,"precision":0.0606060606,"roc_auc":0.5009920635}}
{"params":{"max_depth":3},"train":{"accuracy":0.7624232272,"f1":0.8028723651,"recall":0.9676158571,"precision":0.6860649248,"roc_auc":0.8875549034},"test":{"accuracy":0.5743801653,"f1":0.162601626,"recall":0.5555555556,"precision":0.0952380952,"roc_auc":0.5032242063}}
{"params":{"max_depth":10},"train":{"accuracy":0.9656616415,"f1":0.9664575948,"recall":0.9893914015,"precision":0.9445628998,"roc_auc":0.9988184611},"test":{"accuracy":0.847107438,"f1":0.0975609756,"recall":0.1111111111,"precision":0.0869565217,"roc_auc":0.5225694444}}
{"params":{"max_depth":5},"train":{"accuracy":0.8592964824,"f1":0.8750619732,"recall":0.9854829704,"precision":0.7868925546,"roc_auc":0.9732133588},"test":{"accuracy":0.6859504132,"f1":0.0952380952,"recall":0.2222222222,"precision":0.0606060606,"roc_auc":0.5114087302}}
{"params":{"max_depth":10},"train":{"accuracy":0.964544947,"f1":0.9654045219,"recall":0.9893914015,"precision":0.9425531915,"roc_auc":0.9987745041},"test":{"accuracy":0.8429752066,"f1":0.05,"recall":0.0555555556,"precision":0.0454545455,"roc_auc":0.5386904762}}
