{"params":{"max_depth":5},"train":{"accuracy":0.9489528796,"f1":0.9510664994,"recall":0.9921465969,"precision":0.913253012,"roc_auc":0.9936626067},"test":{"accuracy":0.9189189189,"f1":0.4,"recall":0.8,"precision":0.2666666667,"roc_auc":0.9286713287}}
{"params":{"max_depth":3},"train":{"accuracy":0.8931064572,"f1":0.9031237643,"recall":0.9965095986,"precision":0.8257411424,"roc_auc":0.9767116216},"test":{"accuracy":0.8378378378,"f1":0.25,"recall":0.8,"precision":0.1481481481,"roc_auc":0.9202797203}}
{"params":{"max_depth":3},"train":{"accuracy":0.8883071553,"f1":0.8994501178,"recall":0.9991273997,"precision":0.8178571429,"roc_auc":0.975894225},"test":{"accuracy":0.7972972973,"f1":0.2105263158,"recall":0.8,"precision":0.1212121212,"roc_auc":0.927972028}}
{"params":{"max_depth":5},"train":{"accuracy":0.9568062827,"f1":0.9583157895,"recall":0.9930191972,"precision":0.9259560618,"roc_auc":0.9942036037},"test":{"accuracy":0.9256756757,"f1":0.3529411765,"recall":0.6,"precision":0.25,"roc_auc":0.9272727273}}
{"params":{"max_depth":3},"train":{"accuracy":0.8948516579,"f1":0.9047054172,"recall":0.9982547993,"precision":0.827187274,"roc_auc":0.9762010818},"test":{"accuracy":0.8378378378,"f1":0.25,"recall":0.8,"precision":0.1481481481,"roc_auc":0.920979021}}
{"params":{"max_depth":10},"train":{"accuracy":0.9869109948,"f1":0.9870466321,"recall":0.997382199,"precision":0.9769230769,"roc_auc":0.9996459344},"test":{"accuracy":0.9662162162,"f1":0.4444444444,"recall":0.4,"precision":0.5,"roc_auc":0.9426573427}}
{"params":{"max_depth":5},"train":{"accuracy":0.952443281,"f1":0.954259337,"recall":0.9921465969,"precision":0.9191592563,"roc_auc":0.9935891286},"test":{"accuracy":0.9256756757,"f1":0.3529411765,"recall":0.6,"precision":0.25,"roc_auc":0.9230769231}}
{"params":{"max_depth":10},"train":{"accuracy":0.9886561955,"f1":0.9887445887,"recall":0.9965095986,"precision":0.9810996564,"roc_auc":0.9996664931},"test":{"accuracy":0.9662162162,"f1":0.4444444444,"recall":0.4,"precision":0.5,"roc_auc":0.9398601399}}
{"params":{"max_depth":10},"train":{"accuracy":0.9882198953,"f1":0.9883268482,"recall":0.997382199,"precision":0.9794344473,"roc_auc":0.9997030418},"test":{"accuracy":0.9662162162,"f1":0.4444444444,"recall":0.4,"precision":0.5,"roc_auc":0.9412587413}}
{"params":{"max_depth":3},"train":{"accuracy":0.8931064572,"f1":0.902970297,"recall":0.9947643979,"precision":0.8266860044,"roc_auc":0.9768364963},"test":{"accuracy":0.8378378378,"f1":0.25,"recall":0.8,"precision":0.1481481481,"roc_auc":0.9188811189}}
{"params":{"max_depth":5},"train":{"accuracy":0.955061082,"f1":0.9567044977,"recall":0.9930191972,"precision":0.9229521492,"roc_auc":0.9943208641},"test":{"accuracy":0.9256756757,"f1":0.3529411765,"recall":0.6,"precision":0.25,"roc_auc":0.9258741259}}
{"params":{"max_depth":3},"train":{"accuracy":0.8922338569,"f1":0.9023329379,"recall":0.9956369983,"precision":0.8250180766,"roc_auc":0.9772244456},"test":{"accuracy":0.8310810811,"f1":0.2424242424,"recall":0.8,"precision":0.1428571429,"roc_auc":0.9202797203}}
{"params":{"max_depth":10},"train":{"accuracy":0.9886561955,"f1":0.9887640449,"recall":0.9982547993,"precision":0.9794520548,"roc_auc":0.9997236004},"test":{"accuracy":0.9594594595,"f1":0.4,"recall":0.4,"precision":0.4,"roc_auc":0.9398601399}}
{"params":{"max_depth":5},"train":{"accuracy":0.9533158813,"f1":0.9550986152,"recall":0.9930191972,"precision":0.9199676637,"roc_auc":0.9946802597},"test":{"accuracy":0.9121621622,"f1":0.3157894737,"recall":0.6,"precision":0.2142857143,"roc_auc":0.9272727273}}
{"params":{"max_depth":10},"train":{"accuracy":0.9890924956,"f1":0.9891821722,"recall":0.997382199,"precision":0.9811158798,"roc_auc":0.9997418748},"test":{"accuracy":0.9594594595,"f1":0.4,"recall":0.4,"precision":0.4,"roc_auc":0.9370629371}}
