{"params":{"max_depth":3},"train":{"accuracy":0.7426018984,"f1":0.7887259395,"recall":0.9609156896,"precision":0.6688690245,"roc_auc":0.8670648671},"test":{"accuracy":0.5537190083,"f1":0.15625,"recall":0.5555555556,"precision":0.0909090909,"roc_auc":0.5031001984}}
{"params":{"max_depth":5},"train":{"accuracy":0.8458961474,"f1":0.8643734644,"recall":0.9821328867,"precision":0.7718297499,"roc_auc":0.9624069538},"test":{"accuracy":0.673553719,"f1":0.1123595506,"recall":0.2777777778,"precision":0.0704225352,"roc_auc":0.5}}
{"params":{"max_depth":3},"train":{"accuracy":0.757118928,"f1":0.7982374768,"recall":0.9609156896,"precision":0.6826656089,"roc_auc":0.8827087232},"test":{"accuracy":0.5702479339,"f1":0.1475409836,"recall":0.5,"precision":0.0865384615,"roc_auc":0.4952876984}}
{"params":{"max_depth":5},"train":{"accuracy":0.8539921831,"f1":0.8710234279,"recall":0.9860413177,"precision":0.7800353357,"roc_auc":0.970320303},"test":{"accuracy":0.6900826446,"f1":0.1176470588,"recall":0.2777777778,"precision":0.0746268657,"roc_auc":0.4992559524}}
{"params":{"max_depth":3},"train":{"accuracy":0.7621440536,"f1":0.8013059701,"recall":0.9592406477,"precision":0.6880256308,"roc_auc":0.882465401},"test":{"accuracy":0.5909090909,"f1":0.1680672269,"recall":0.5555555556,"precision":0.099009901,"roc_auc":0.4947916667}}
{"params":{"max_depth":10},"train":{"accuracy":0.959798995,"f1":0.9610178668,"recall":0.9910664433,"precision":0.9327377824,"roc_auc":0.9981478832},"test":{"accuracy":0.8223140496,"f1":0.0444444444,"recall":0.0555555556,"precision":0.037037037,"roc_auc":0.5114087302}}
{"params":{"max_depth":5},"train":{"accuracy":0.8539921831,"f1":0.8710870101,"recall":0.986599665,"precision":0.779788173,"roc_auc":0.9712857981},"test":{"accuracy":0.6983471074,"f1":0.1411764706,"recall":0.3333333333,"precision":0.0895522388,"roc_auc":0.5114087302}}
{"params":{"max_depth":10},"train":{"accuracy":0.9600781686,"f1":0.9612571119,"recall":0.990508096,"precision":0.9336842105,"roc_auc":0.9982875479},"test":{"accuracy":0.8429752066,"f1":0.05,"recall":0.0555555556,"precision":0.0454545455,"roc_auc":0.5238095238}}
{"params":{"max_depth":3},"train":{"accuracy":0.7671691792,"f1":0.8056849953,"recall":0.9653824679,"precision":0.6913234706,"roc_auc":0.8835747694},"test":{"accuracy":0.5826446281,"f1":0.1652892562,"recall":0.5555555556,"precision":0.0970873786,"roc_auc":0.5029761905}}
{"params":{"max_depth":10},"train":{"accuracy":0.9595198213,"f1":0.960693955,"recall":0.9893914015,"precision":0.9336143309,"roc_auc":0.9983788912},"test":{"accuracy":0.8347107438,"f1":0.0476190476,"recall":0.0555555556,"precision":0.0416666667,"roc_auc":0.5359623016}}
{"params":{"max_depth":5},"train":{"accuracy":0.8520379676,"f1":0.86939379,"recall":0.9849246231,"precision":0.7781208646,"roc_auc":0.9733492826},"test":{"accuracy":0.6818181818,"f1":0.1149425287,"recall":0.2777777778,"precision":0.0724637681,"roc_auc":0.5086805556}}
{"params":{"max_depth":3},"train":{"accuracy":0.7666108319,"f1":0.805490926,"recall":0.9664991625,"precision":0.6904666933,"roc_auc":0.8836941703},"test":{"accuracy":0.5743801653,"f1":0.1487603306,"recall":0.5,"precision":0.0873786408,"roc_auc":0.5002480159}}
{"params":{"max_depth":10},"train":{"accuracy":0.9628699051,"f1":0.963848872,"recall":0.9899497487,"precision":0.9390889831,"roc_auc":0.9985989879},"test":{"accuracy":0.8388429752,"f1":0.0487804878,"recall":0.0555555556,"precision":0.0434782609,"roc_auc":0.5364583333}}
{"params":{"max_depth":5},"train":{"accuracy":0.8542713568,"f1":0.8713017751,"recall":0.986599665,"precision":0.7801324503,"roc_auc":0.973427844},"test":{"accuracy":0.6776859504,"f1":0.0930232558,"recall":0.2222222222,"precision":0.0588235294,"roc_auc":0.5094246032}}
{"params":{"max_depth":10},"train":{"accuracy":0.9617532105,"f1":0.9627818528,"recall":0.9893914015,"precision":0.9375661376,"roc_auc":0.9986373333},"test":{"accuracy":0.8429752066,"f1":0.05,"recall":0.0555555556,"precision":0.0454545455,"roc_auc":0.5327380952}}
