{"params":{"max_depth":3},"train":{"accuracy":0.7593523171,"f1":0.7993482309,"recall":0.9586823004,"precision":0.6854291417,"roc_auc":0.8652380022},"test":{"accuracy":0.5867768595,"f1":0.1525423729,"recall":0.5,"precision":0.09,"roc_auc":0.4918154762}}
{"params":{"max_depth":5},"train":{"accuracy":0.8467336683,"f1":0.865209919,"recall":0.9838079285,"precision":0.7721297108,"roc_auc":0.9666963454},"test":{"accuracy":0.6859504132,"f1":0.1555555556,"recall":0.3888888889,"precision":0.0972222222,"roc_auc":0.5306299603}}
{"params":{"max_depth":3},"train":{"accuracy":0.7638190955,"f1":0.7991452991,"recall":0.9396984925,"precision":0.6951672862,"roc_auc":0.8773126131},"test":{"accuracy":0.5743801653,"f1":0.1043478261,"recall":0.3333333333,"precision":0.0618556701,"roc_auc":0.5034722222}}
{"params":{"max_depth":5},"train":{"accuracy":0.8567839196,"f1":0.8731140242,"recall":0.9854829704,"precision":0.7837477798,"roc_auc":0.970124523},"test":{"accuracy":0.7024793388,"f1":0.1428571429,"recall":0.3333333333,"precision":0.0909090909,"roc_auc":0.5327380952}}
{"params":{"max_depth":3},"train":{"accuracy":0.7691233948,"f1":0.8048147274,"recall":0.9519821329,"precision":0.6970564186,"roc_auc":0.8884476044},"test":{"accuracy":0.5950413223,"f1":0.1403508772,"recall":0.4444444444,"precision":0.0833333333,"roc_auc":0.5}}
{"params":{"max_depth":10},"train":{"accuracy":0.9547738693,"f1":0.9563342318,"recall":0.990508096,"precision":0.9244398124,"roc_auc":0.9974335041},"test":{"accuracy":0.826446281,"f1":0.0869565217,"recall":0.1111111111,"precision":0.0714285714,"roc_auc":0.5267857143}}
{"params":{"max_depth":5},"train":{"accuracy":0.8592964824,"f1":0.875123885,"recall":0.9860413177,"precision":0.786636971,"roc_auc":0.974769935},"test":{"accuracy":0.694214876,"f1":0.119047619,"recall":0.2777777778,"precision":0.0757575758,"roc_auc":0.5220734127}}
{"params":{"max_depth":10},"train":{"accuracy":0.9625907314,"f1":0.9636067355,"recall":0.990508096,"precision":0.9381279746,"roc_auc":0.9981298016},"test":{"accuracy":0.8347107438,"f1":0.0476190476,"recall":0.0555555556,"precision":0.0416666667,"roc_auc":0.5500992063}}
{"params":{"max_depth":3},"train":{"accuracy":0.765773311,"f1":0.8029128494,"recall":0.9542155221,"precision":0.6930251419,"roc_auc":0.8842522059},"test":{"accuracy":0.5909090909,"f1":0.1680672269,"recall":0.5555555556,"precision":0.099009901,"roc_auc":0.4952876984}}
{"params":{"max_depth":10},"train":{"accuracy":0.963707426,"f1":0.964673913,"recall":0.9910664433,"precision":0.9396506088,"roc_auc":0.9985363258},"test":{"accuracy":0.8553719008,"f1":0.0540540541,"recall":0.0555555556,"precision":0.0526315789,"roc_auc":0.5414186508}}
{"params":{"max_depth":5},"train":{"accuracy":0.8626465662,"f1":0.8776119403,"recall":0.9849246231,"precision":0.7913862719,"roc_auc":0.971638701},"test":{"accuracy":0.6859504132,"f1":0.0952380952,"recall":0.2222222222,"precision":0.0606060606,"roc_auc":0.5064484127}}
{"params":{"max_depth":3},"train":{"accuracy":0.7660524846,"f1":0.804388422,"recall":0.9620323841,"precision":0.6911351785,"roc_auc":0.882712776},"test":{"accuracy":0.5909090909,"f1":0.1680672269,"recall":0.5555555556,"precision":0.099009901,"roc_auc":0.5012400794}}
{"params":{"max_depth":10},"train":{"accuracy":0.9617532105,"f1":0.9628020635,"recall":0.9899497487,"precision":0.9371035941,"roc_auc":0.9985927528},"test":{"accuracy":0.8429752066,"f1":0.05,"recall":0.0555555556,"precision":0.0454545455,"roc_auc":0.5205853175}}
{"params":{"max_depth":5},"train":{"accuracy":0.8606923506,"f1":0.8762093773,"recall":0.9860413177,"precision":0.7883928571,"roc_auc":0.9725047472},"test":{"accuracy":0.6859504132,"f1":0.0952380952,"recall":0.2222222222,"precision":0.0606060606,"roc_auc":0.503968254}}
{"params":{"max_depth":10},"train":{"accuracy":0.9628699051,"f1":0.963848872,"recall":0.9899497487,"precision":0.9390889831,"roc_auc":0.9987268061},"test":{"accuracy":0.8429752066,"f1":0.0952380952,"recall":0.1111111111,"precision":0.0833333333,"roc_auc":0.5324900794}}
