{"params":{"max_depth":3},"train":{"accuracy":0.7627024009,"f1":0.7992442135,"recall":0.9447236181,"precision":0.6925910765,"roc_auc":0.8524703672},"test":{"accuracy":0.5991735537,"f1":0.1415929204,"recall":0.4444444444,"precision":0.0842105263,"roc_auc":0.509796627}}
{"params":{"max_depth":5},"train":{"accuracy":0.8425460637,"f1":0.8619000979,"recall":0.9826912339,"precision":0.7675534235,"roc_auc":0.9598420167},"test":{"accuracy":0.6652892562,"f1":0.1098901099,"recall":0.2777777778,"precision":0.0684931507,"roc_auc":0.5248015873}}
{"params":{"max_depth":3},"train":{"accuracy":0.7666108319,"f1":0.8015194682,"recall":0.9424902289,"precision":0.6972325485,"roc_auc":0.8631544097},"test":{"accuracy":0.5950413223,"f1":0.1403508772,"recall":0.4444444444,"precision":0.0833333333,"roc_auc":0.5183531746}}
{"params":{"max_depth":5},"train":{"accuracy":0.8534338358,"f1":0.8694354638,"recall":0.9759910664,"precision":0.7838565022,"roc_auc":0.9613878375},"test":{"accuracy":0.6983471074,"f1":0.1204819277,"recall":0.2777777778,"precision":0.0769230769,"roc_auc":0.5205853175}}
{"params":{"max_depth":3},"train":{"accuracy":0.7730318258,"f1":0.8088408182,"recall":0.9603573423,"precision":0.6986190089,"roc_auc":0.8753270665},"test":{"accuracy":0.5950413223,"f1":0.1551724138,"recall":0.5,"precision":0.0918367347,"roc_auc":0.5193452381}}
{"params":{"max_depth":10},"train":{"accuracy":0.9561697376,"f1":0.9576019444,"recall":0.9899497487,"precision":0.9273012552,"roc_auc":0.9976924139},"test":{"accuracy":0.826446281,"f1":0.0869565217,"recall":0.1111111111,"precision":0.0714285714,"roc_auc":0.5396825397}}
{"params":{"max_depth":5},"train":{"accuracy":0.8618090452,"f1":0.8768350336,"recall":0.9838079285,"precision":0.7908438061,"roc_auc":0.9700309975},"test":{"accuracy":0.6900826446,"f1":0.0963855422,"recall":0.2222222222,"precision":0.0615384615,"roc_auc":0.5203373016}}
{"params":{"max_depth":10},"train":{"accuracy":0.9564489112,"f1":0.9578606159,"recall":0.9899497487,"precision":0.9277864992,"roc_auc":0.9979704964},"test":{"accuracy":0.8553719008,"f1":0.1025641026,"recall":0.1111111111,"precision":0.0952380952,"roc_auc":0.4987599206}}
{"params":{"max_depth":3},"train":{"accuracy":0.7724734785,"f1":0.8081901624,"recall":0.9586823004,"precision":0.6985353946,"roc_auc":0.8800183061},"test":{"accuracy":0.5909090909,"f1":0.1538461538,"recall":0.5,"precision":0.0909090909,"roc_auc":0.5052083333}}
{"params":{"max_depth":10},"train":{"accuracy":0.9606365159,"f1":0.9617782597,"recall":0.990508096,"precision":0.9346680717,"roc_auc":0.9985135679},"test":{"accuracy":0.8595041322,"f1":0.1052631579,"recall":0.1111111111,"precision":0.1,"roc_auc":0.533234127}}
{"params":{"max_depth":5},"train":{"accuracy":0.8615298716,"f1":0.8768007948,"recall":0.9854829704,"precision":0.7897091723,"roc_auc":0.9712692752},"test":{"accuracy":0.6900826446,"f1":0.0963855422,"recall":0.2222222222,"precision":0.0615384615,"roc_auc":0.5104166667}}
{"params":{"max_depth":3},"train":{"accuracy":0.7694025684,"f1":0.806828812,"recall":0.9631490787,"precision":0.6941649899,"roc_auc":0.8822127263},"test":{"accuracy":0.5950413223,"f1":0.1551724138,"recall":0.5,"precision":0.0918367347,"roc_auc":0.5052083333}}
{"params":{"max_depth":10},"train":{"accuracy":0.9606365159,"f1":0.9617367707,"recall":0.9893914015,"precision":0.9355860612,"roc_auc":0.9985222969},"test":{"accuracy":0.8512396694,"f1":0.1,"recall":0.1111111111,"precision":0.0909090909,"roc_auc":0.5220734127}}
{"params":{"max_depth":5},"train":{"accuracy":0.8584589615,"f1":0.8744738797,"recall":0.9860413177,"precision":0.7855871886,"roc_auc":0.9717581019},"test":{"accuracy":0.6900826446,"f1":0.0963855422,"recall":0.2222222222,"precision":0.0615384615,"roc_auc":0.5198412698}}
{"params":{"max_depth":10},"train":{"accuracy":0.9614740369,"f1":0.9625203694,"recall":0.9893914015,"precision":0.9370703332,"roc_auc":0.9986875253},"test":{"accuracy":0.8429752066,"f1":0.05,"recall":0.0555555556,"precision":0.0454545455,"roc_auc":0.537202381}}
