{"params":{"max_depth":5},"train":{"accuracy":0.952443281,"f1":0.9543359866,"recall":0.9938917976,"precision":0.9178082192,"roc_auc":0.9943772101},"test":{"accuracy":0.9189189189,"f1":0.3333333333,"recall":0.6,"precision":0.2307692308,"roc_auc":0.9230769231}}
{"params":{"max_depth":3},"train":{"accuracy":0.8891797557,"f1":0.8996840442,"recall":0.9938917976,"precision":0.8217893218,"roc_auc":0.9751346972},"test":{"accuracy":0.8108108108,"f1":0.2222222222,"recall":0.8,"precision":0.1290322581,"roc_auc":0.9160839161}}
{"params":{"max_depth":3},"train":{"accuracy":0.8931064572,"f1":0.9032003161,"recall":0.997382199,"precision":0.8252707581,"roc_auc":0.9756014546},"test":{"accuracy":0.8378378378,"f1":0.25,"recall":0.8,"precision":0.1481481481,"roc_auc":0.9174825175}}
{"params":{"max_depth":5},"train":{"accuracy":0.9533158813,"f1":0.9551362683,"recall":0.9938917976,"precision":0.9192897498,"roc_auc":0.9945386335},"test":{"accuracy":0.9189189189,"f1":0.3333333333,"recall":0.6,"precision":0.2307692308,"roc_auc":0.9202797203}}
{"params":{"max_depth":10},"train":{"accuracy":0.9882198953,"f1":0.9883066262,"recall":0.9956369983,"precision":0.981083405,"roc_auc":0.9996718231},"test":{"accuracy":0.9594594595,"f1":0.4,"recall":0.4,"precision":0.4,"roc_auc":0.9237762238}}
{"params":{"max_depth":3},"train":{"accuracy":0.8931064572,"f1":0.9032003161,"recall":0.997382199,"precision":0.8252707581,"roc_auc":0.9761268423},"test":{"accuracy":0.8243243243,"f1":0.2352941176,"recall":0.8,"precision":0.1379310345,"roc_auc":0.9202797203}}
{"params":{"max_depth":10},"train":{"accuracy":0.9895287958,"f1":0.9896103896,"recall":0.997382199,"precision":0.9819587629,"roc_auc":0.9996923817},"test":{"accuracy":0.9594594595,"f1":0.4,"recall":0.4,"precision":0.4,"roc_auc":0.9216783217}}
{"params":{"max_depth":5},"train":{"accuracy":0.9541884817,"f1":0.9559378934,"recall":0.9938917976,"precision":0.9207760711,"roc_auc":0.9945904108},"test":{"accuracy":0.9324324324,"f1":0.375,"recall":0.6,"precision":0.2727272727,"roc_auc":0.9258741259}}
{"params":{"max_depth":10},"train":{"accuracy":0.9886561955,"f1":0.9887543253,"recall":0.997382199,"precision":0.9802744425,"roc_auc":0.999733499},"test":{"accuracy":0.9594594595,"f1":0.4,"recall":0.4,"precision":0.4,"roc_auc":0.9328671329}}
{"params":{"max_depth":3},"train":{"accuracy":0.8917975567,"f1":0.9020537125,"recall":0.9965095986,"precision":0.823953824,"roc_auc":0.9764961365},"test":{"accuracy":0.8243243243,"f1":0.2352941176,"recall":0.8,"precision":0.1379310345,"roc_auc":0.9202797203}}
{"params":{"max_depth":5},"train":{"accuracy":0.9537521815,"f1":0.9554995802,"recall":0.9930191972,"precision":0.9207119741,"roc_auc":0.994627721},"test":{"accuracy":0.9189189189,"f1":0.3333333333,"recall":0.6,"precision":0.2307692308,"roc_auc":0.9258741259}}
{"params":{"max_depth":10},"train":{"accuracy":0.9895287958,"f1":0.9896013865,"recall":0.9965095986,"precision":0.982788296,"roc_auc":0.999761672},"test":{"accuracy":0.9594594595,"f1":0.4,"recall":0.4,"precision":0.4,"roc_auc":0.9342657343}}
{"params":{"max_depth":3},"train":{"accuracy":0.8926701571,"f1":0.9028436019,"recall":0.997382199,"precision":0.8246753247,"roc_auc":0.9773089645},"test":{"accuracy":0.8243243243,"f1":0.2352941176,"recall":0.8,"precision":0.1379310345,"roc_auc":0.9188811189}}
{"params":{"max_depth":5},"train":{"accuracy":0.9537521815,"f1":0.9554995802,"recall":0.9930191972,"precision":0.9207119741,"roc_auc":0.9946897776},"test":{"accuracy":0.9189189189,"f1":0.3333333333,"recall":0.6,"precision":0.2307692308,"roc_auc":0.9258741259}}
{"params":{"max_depth":10},"train":{"accuracy":0.9890924956,"f1":0.9891728021,"recall":0.9965095986,"precision":0.9819432502,"roc_auc":0.9997403519},"test":{"accuracy":0.9594594595,"f1":0.4,"recall":0.4,"precision":0.4,"roc_auc":0.9384615385}}
