{"params":{"max_depth":3},"train":{"accuracy":0.8922338569,"f1":0.9025641026,"recall":0.9982547993,"precision":0.8236141109,"roc_auc":0.9761173244},"test":{"accuracy":0.8040540541,"f1":0.2162162162,"recall":0.8,"precision":0.125,"roc_auc":0.9265734266}}
{"params":{"max_depth":5},"train":{"accuracy":0.9463350785,"f1":0.9488565489,"recall":0.9956369983,"precision":0.9062748213,"roc_auc":0.9941133741},"test":{"accuracy":0.8986486486,"f1":0.347826087,"recall":0.8,"precision":0.2222222222,"roc_auc":0.9328671329}}
{"params":{"max_depth":5},"train":{"accuracy":0.9533158813,"f1":0.9551362683,"recall":0.9938917976,"precision":0.9192897498,"roc_auc":0.9947880023},"test":{"accuracy":0.9121621622,"f1":0.380952381,"recall":0.8,"precision":0.25,"roc_auc":0.9258741259}}
{"params":{"max_depth":3},"train":{"accuracy":0.8979057592,"f1":0.9072164948,"recall":0.9982547993,"precision":0.8313953488,"roc_auc":0.9773318074},"test":{"accuracy":0.8310810811,"f1":0.2424242424,"recall":0.8,"precision":0.1428571429,"roc_auc":0.9216783217}}
{"params":{"max_depth":3},"train":{"accuracy":0.8896160558,"f1":0.9004329004,"recall":0.9982547993,"precision":0.8200716846,"roc_auc":0.977211882},"test":{"accuracy":0.8108108108,"f1":0.2222222222,"recall":0.8,"precision":0.1290322581,"roc_auc":0.9216783217}}
{"params":{"max_depth":10},"train":{"accuracy":0.989965096,"f1":0.990021692,"recall":0.9956369983,"precision":0.9844693701,"roc_auc":0.999572837},"test":{"accuracy":0.972972973,"f1":0.5,"recall":0.4,"precision":0.6666666667,"roc_auc":0.9440559441}}
{"params":{"max_depth":5},"train":{"accuracy":0.9472076789,"f1":0.9495202336,"recall":0.9930191972,"precision":0.9096722622,"roc_auc":0.9945629993},"test":{"accuracy":0.9054054054,"f1":0.3636363636,"recall":0.8,"precision":0.2352941176,"roc_auc":0.9216783217}}
{"params":{"max_depth":10},"train":{"accuracy":0.9908376963,"f1":0.9908893709,"recall":0.9965095986,"precision":0.9853321829,"roc_auc":0.9996596402},"test":{"accuracy":0.9662162162,"f1":0.4444444444,"recall":0.4,"precision":0.5,"roc_auc":0.9370629371}}
{"params":{"max_depth":10},"train":{"accuracy":0.9895287958,"f1":0.9896103896,"recall":0.997382199,"precision":0.9819587629,"roc_auc":0.9997091332},"test":{"accuracy":0.9662162162,"f1":0.4444444444,"recall":0.4,"precision":0.5,"roc_auc":0.9356643357}}
{"params":{"max_depth":3},"train":{"accuracy":0.8931064572,"f1":0.9032767469,"recall":0.9982547993,"precision":0.8248017304,"roc_auc":0.9775967855},"test":{"accuracy":0.8175675676,"f1":0.2285714286,"recall":0.8,"precision":0.1333333333,"roc_auc":0.9202797203}}
{"params":{"max_depth":5},"train":{"accuracy":0.9520069808,"f1":0.9539363484,"recall":0.9938917976,"precision":0.9170692432,"roc_auc":0.9948603383},"test":{"accuracy":0.9189189189,"f1":0.4,"recall":0.8,"precision":0.2666666667,"roc_auc":0.9272727273}}
{"params":{"max_depth":10},"train":{"accuracy":0.989965096,"f1":0.9900389779,"recall":0.997382199,"precision":0.9828030954,"roc_auc":0.9997494891},"test":{"accuracy":0.9662162162,"f1":0.4444444444,"recall":0.4,"precision":0.5,"roc_auc":0.9412587413}}
{"params":{"max_depth":3},"train":{"accuracy":0.8952879581,"f1":0.9050632911,"recall":0.9982547993,"precision":0.8277858177,"roc_auc":0.9773489396},"test":{"accuracy":0.8175675676,"f1":0.2285714286,"recall":0.8,"precision":0.1333333333,"roc_auc":0.9202797203}}
{"params":{"max_depth":5},"train":{"accuracy":0.952443281,"f1":0.9543359866,"recall":0.9938917976,"precision":0.9178082192,"roc_auc":0.9947579257},"test":{"accuracy":0.9189189189,"f1":0.4,"recall":0.8,"precision":0.2666666667,"roc_auc":0.9258741259}}
{"params":{"max_depth":10},"train":{"accuracy":0.989965096,"f1":0.9900389779,"recall":0.997382199,"precision":0.9828030954,"roc_auc":0.9997433976},"test":{"accuracy":0.9662162162,"f1":0.4444444444,"recall":0.4,"precision":0.5,"roc_auc":0.9314685315}}
