{"params":{"n_estimators":100,"oversampling_neighbors":3,"oversampling_ratio":0.8,"remove_outliers_":true,"step_size":5},"elapsed":2.572435667,"estimated_operations":71963456.8575483859,"train":{"accuracy":0.9966637011,"f1":0.9827784156,"recall":0.9661399549,"precision":1.0,"roc_auc":0.9992898831},"test":{"accuracy":0.9715302491,"f1":0.8367346939,"recall":0.7321428571,"precision":0.9761904762,"roc_auc":0.9972296725}}
{"params":{"n_estimators":100,"oversampling_neighbors":3,"oversampling_ratio":1.0,"remove_outliers_":true,"step_size":5},"elapsed":2.951275125,"estimated_operations":54425127.2156843841,"train":{"accuracy":0.9966637011,"f1":0.9827784156,"recall":0.9661399549,"precision":1.0,"roc_auc":0.9983539212},"test":{"accuracy":0.975088968,"f1":0.86,"recall":0.7678571429,"precision":0.9772727273,"roc_auc":0.996717956}}
{"params":{"n_estimators":100,"oversampling_neighbors":3,"oversampling_ratio":0.8,"remove_outliers_":true,"step_size":2},"elapsed":4.097320792,"estimated_operations":106258663.7931029201,"train":{"accuracy":0.9966637011,"f1":0.9827784156,"recall":0.9661399549,"precision":1.0,"roc_auc":0.999504589},"test":{"accuracy":0.9768683274,"f1":0.8712871287,"recall":0.7857142857,"precision":0.9777777778,"roc_auc":0.9973002541}}
{"params":{"n_estimators":100,"oversampling_neighbors":3,"oversampling_ratio":1.0,"remove_outliers_":true,"step_size":2},"elapsed":4.700986458,"estimated_operations":146103776.427516669,"train":{"accuracy":0.9966637011,"f1":0.9827784156,"recall":0.9661399549,"precision":1.0,"roc_auc":0.9995513732},"test":{"accuracy":0.975088968,"f1":0.86,"recall":0.7678571429,"precision":0.9772727273,"roc_auc":0.9970708639}}
{"params":{"n_estimators":100,"oversampling_neighbors":3,"oversampling_ratio":0.8,"remove_outliers_":false,"step_size":5},"elapsed":6.882678333,"estimated_operations":176917255.5410617888,"train":{"accuracy":1.0,"f1":1.0,"recall":1.0,"precision":1.0,"roc_auc":1.0},"test":{"accuracy":0.9768683274,"f1":0.8712871287,"recall":0.7857142857,"precision":0.9777777778,"roc_auc":0.9936476567}}
{"params":{"n_estimators":100,"oversampling_neighbors":3,"oversampling_ratio":1.0,"remove_outliers_":false,"step_size":5},"elapsed":8.491452291,"estimated_operations":235899341.9371968508,"train":{"accuracy":1.0,"f1":1.0,"recall":1.0,"precision":1.0,"roc_auc":1.0},"test":{"accuracy":0.9786476868,"f1":0.8823529412,"recall":0.8035714286,"precision":0.9782608696,"roc_auc":0.9939829193}}
{"params":{"n_estimators":100,"oversampling_neighbors":5,"oversampling_ratio":0.8,"remove_outliers_":true,"step_size":5},"elapsed":8.324850042,"estimated_operations":153520428.7644400299,"train":{"accuracy":0.9979982206,"f1":0.9897377423,"recall":0.9796839729,"precision":1.0,"roc_auc":0.9997513198},"test":{"accuracy":0.9679715302,"f1":0.82,"recall":0.7321428571,"precision":0.9318181818,"roc_auc":0.9924124788}}
{"params":{"n_estimators":100,"oversampling_neighbors":3,"oversampling_ratio":0.8,"remove_outliers_":false,"step_size":2},"elapsed":12.366639417,"estimated_operations":252579923.9880318344,"train":{"accuracy":1.0,"f1":1.0,"recall":1.0,"precision":1.0,"roc_auc":1.0},"test":{"accuracy":0.975088968,"f1":0.86,"recall":0.7678571429,"precision":0.9772727273,"roc_auc":0.9920772163}}
{"params":{"n_estimators":100,"oversampling_neighbors":5,"oversampling_ratio":0.8,"remove_outliers_":false,"step_size":5},"elapsed":7.710322417,"estimated_operations":239632092.6798712909,"train":{"accuracy":1.0,"f1":1.0,"recall":1.0,"precision":1.0,"roc_auc":1.0},"test":{"accuracy":0.9679715302,"f1":0.8163265306,"recall":0.7142857143,"precision":0.9523809524,"roc_auc":0.9939123377}}
{"params":{"n_estimators":100,"oversampling_neighbors":3,"oversampling_ratio":1.0,"remove_outliers_":false,"step_size":2},"elapsed":14.555412083,"estimated_operations":426359903.8462713957,"train":{"accuracy":1.0,"f1":1.0,"recall":1.0,"precision":1.0,"roc_auc":1.0},"test":{"accuracy":0.9768683274,"f1":0.8686868687,"recall":0.7678571429,"precision":1.0,"roc_auc":0.9938064653}}
{"params":{"n_estimators":100,"oversampling_neighbors":5,"oversampling_ratio":0.8,"remove_outliers_":true,"step_size":2},"elapsed":13.333148584,"estimated_operations":372992598.1107194424,"train":{"accuracy":0.9979982206,"f1":0.9897377423,"recall":0.9796839729,"precision":1.0,"roc_auc":0.9997003585},"test":{"accuracy":0.9697508897,"f1":0.8282828283,"recall":0.7321428571,"precision":0.9534883721,"roc_auc":0.9927124506}}
{"params":{"n_estimators":100,"oversampling_neighbors":5,"oversampling_ratio":1.0,"remove_outliers_":true,"step_size":5},"elapsed":8.350801875,"estimated_operations":231991960.792835623,"train":{"accuracy":0.9979982206,"f1":0.9897377423,"recall":0.9796839729,"precision":1.0,"roc_auc":0.9998145342},"test":{"accuracy":0.9679715302,"f1":0.82,"recall":0.7321428571,"precision":0.9318181818,"roc_auc":0.9917066629}}
{"params":{"n_estimators":100,"oversampling_neighbors":5,"oversampling_ratio":0.8,"remove_outliers_":false,"step_size":2},"elapsed":13.0626716251,"estimated_operations":338763329.238294363,"train":{"accuracy":1.0,"f1":1.0,"recall":1.0,"precision":1.0,"roc_auc":1.0},"test":{"accuracy":0.9697508897,"f1":0.8282828283,"recall":0.7321428571,"precision":0.9534883721,"roc_auc":0.9952710333}}
{"params":{"n_estimators":100,"oversampling_neighbors":5,"oversampling_ratio":1.0,"remove_outliers_":false,"step_size":5},"elapsed":8.306525958,"estimated_operations":169654958.3382052481,"train":{"accuracy":1.0,"f1":1.0,"recall":1.0,"precision":1.0,"roc_auc":1.0},"test":{"accuracy":0.9697508897,"f1":0.8282828283,"recall":0.7321428571,"precision":0.9534883721,"roc_auc":0.9939299831}}
{"params":{"n_estimators":100,"oversampling_neighbors":5,"oversampling_ratio":1.0,"remove_outliers_":true,"step_size":2},"elapsed":15.542236292,"estimated_operations":399508687.8536550403,"train":{"accuracy":0.9979982206,"f1":0.9897377423,"recall":0.9796839729,"precision":1.0,"roc_auc":0.9996622071},"test":{"accuracy":0.9679715302,"f1":0.82,"recall":0.7321428571,"precision":0.9318181818,"roc_auc":0.9927477414}}
{"params":{"n_estimators":100,"oversampling_neighbors":5,"oversampling_ratio":1.0,"remove_outliers_":false,"step_size":2},"elapsed":14.746910667,"estimated_operations":271951090.6652597189,"train":{"accuracy":1.0,"f1":1.0,"recall":1.0,"precision":1.0,"roc_auc":1.0},"test":{"accuracy":0.9697508897,"f1":0.8282828283,"recall":0.7321428571,"precision":0.9534883721,"roc_auc":0.9944946358}}
{"params":{"n_estimators":500,"oversampling_neighbors":3,"oversampling_ratio":0.8,"remove_outliers_":true,"step_size":5},"elapsed":11.937343167,"estimated_operations":349670930.3627411127,"train":{"accuracy":0.9966637011,"f1":0.9827784156,"recall":0.9661399549,"precision":1.0,"roc_auc":0.999725143},"test":{"accuracy":0.9715302491,"f1":0.8367346939,"recall":0.7321428571,"precision":0.9761904762,"roc_auc":0.9967885375}}
{"params":{"n_estimators":500,"oversampling_neighbors":3,"oversampling_ratio":1.0,"remove_outliers_":true,"step_size":5},"elapsed":11.801497083,"estimated_operations":241037288.762411654,"train":{"accuracy":0.9966637011,"f1":0.9827784156,"recall":0.9661399549,"precision":1.0,"roc_auc":0.9997666361},"test":{"accuracy":0.9697508897,"f1":0.824742268,"recall":0.7142857143,"precision":0.9756097561,"roc_auc":0.9965944382}}
{"params":{"n_estimators":500,"oversampling_neighbors":3,"oversampling_ratio":0.8,"remove_outliers_":true,"step_size":2},"elapsed":22.391360625,"estimated_operations":695909757.634113431,"train":{"accuracy":0.9966637011,"f1":0.9827784156,"recall":0.9661399549,"precision":1.0,"roc_auc":0.999768307},"test":{"accuracy":0.9715302491,"f1":0.8367346939,"recall":0.7321428571,"precision":0.9761904762,"roc_auc":0.9967532468}}
{"params":{"n_estimators":500,"oversampling_neighbors":3,"oversampling_ratio":1.0,"remove_outliers_":true,"step_size":2},"elapsed":22.19658,"estimated_operations":575639314.4016207457,"train":{"accuracy":0.9966637011,"f1":0.9827784156,"recall":0.9661399549,"precision":1.0,"roc_auc":0.9997332188},