{
    "no_bagging": {
        "recalls": {
            "0.1": [
                0.9655172413793104,
                0.9655172413793104,
                0.9655172413793104,
                0.9655172413793104,
                0.9655172413793104,
                0.9655172413793104,
                0.9655172413793104,
                0.9655172413793104,
                0.9655172413793104,
                0.9655172413793104
            ],
            "0.5": [
                0.9655172413793104,
                0.9655172413793104,
                0.9655172413793104,
                0.9655172413793104,
                0.9655172413793104,
                0.9655172413793104,
                0.9655172413793104,
                0.9655172413793104,
                0.9655172413793104,
                0.9655172413793104
            ],
            "1": [
                0.9655172413793104,
                0.9655172413793104,
                0.9655172413793104,
                0.9655172413793104,
                0.9655172413793104,
                0.9655172413793104,
                0.9655172413793104,
                0.9655172413793104,
                0.9655172413793104,
                0.9655172413793104
            ]
        },
        "precisions": {
            "0.1": [
                0.9032258064516129,
                0.9032258064516129,
                0.9032258064516129,
                0.9032258064516129,
                0.9032258064516129,
                0.9032258064516129,
                0.9032258064516129,
                0.9032258064516129,
                0.9032258064516129,
                0.9032258064516129
            ],
            "0.5": [
                0.9032258064516129,
                0.9032258064516129,
                0.9032258064516129,
                0.9032258064516129,
                0.9032258064516129,
                0.9032258064516129,
                0.9032258064516129,
                0.9032258064516129,
                0.9032258064516129,
                0.9032258064516129
            ],
            "1": [
                0.9032258064516129,
                0.9032258064516129,
                0.9032258064516129,
                0.9032258064516129,
                0.9032258064516129,
                0.9032258064516129,
                0.9032258064516129,
                0.9032258064516129,
                0.9032258064516129,
                0.9032258064516129
            ]
        },
        "fscores": {
            "0.1": [
                0.9333333333333333,
                0.9333333333333333,
                0.9333333333333333,
                0.9333333333333333,
                0.9333333333333333,
                0.9333333333333333,
                0.9333333333333333,
                0.9333333333333333,
                0.9333333333333333,
                0.9333333333333333
            ],
            "0.5": [
                0.9333333333333333,
                0.9333333333333333,
                0.9333333333333333,
                0.9333333333333333,
                0.9333333333333333,
                0.9333333333333333,
                0.9333333333333333,
                0.9333333333333333,
                0.9333333333333333,
                0.9333333333333333
            ],
            "1": [
                0.9333333333333333,
                0.9333333333333333,
                0.9333333333333333,
                0.9333333333333333,
                0.9333333333333333,
                0.9333333333333333,
                0.9333333333333333,
                0.9333333333333333,
                0.9333333333333333,
                0.9333333333333333
            ]
        },
        "accuracies": {
            "0.1": [
                0.9436619718309859,
                0.9436619718309859,
                0.9436619718309859,
                0.9436619718309859,
                0.9436619718309859,
                0.9436619718309859,
                0.9436619718309859,
                0.9436619718309859,
                0.9436619718309859,
                0.9436619718309859
            ],
            "0.5": [
                0.9436619718309859,
                0.9436619718309859,
                0.9436619718309859,
                0.9436619718309859,
                0.9436619718309859,
                0.9436619718309859,
                0.9436619718309859,
                0.9436619718309859,
                0.9436619718309859,
                0.9436619718309859
            ],
            "1": [
                0.9436619718309859,
                0.9436619718309859,
                0.9436619718309859,
                0.9436619718309859,
                0.9436619718309859,
                0.9436619718309859,
                0.9436619718309859,
                0.9436619718309859,
                0.9436619718309859,
                0.9436619718309859
            ]
        }
    },
    "all_features": {
        "recalls": {
            "0.1": [
                0.9655172413793104,
                0.9655172413793104,
                0.9655172413793104,
                0.9655172413793104,
                0.9655172413793104,
                0.9655172413793104,
                0.9655172413793104,
                0.9655172413793104,
                0.9655172413793104,
                0.9655172413793104
            ],
            "0.5": [
                0.9655172413793104,
                0.9655172413793104,
                0.9655172413793104,
                0.9655172413793104,
                0.9655172413793104,
                0.9655172413793104,
                0.9655172413793104,
                0.9655172413793104,
                0.9655172413793104,
                0.9655172413793104
            ],
            "1": [
                0.9655172413793104,
                0.9655172413793104,
                0.9655172413793104,
                0.9655172413793104,
                0.9655172413793104,
                0.9655172413793104,
                1.0,
                0.9655172413793104,
                0.9655172413793104,
                0.9655172413793104
            ]
        },
        "precisions": {
            "0.1": [
                0.9032258064516129,
                0.9032258064516129,
                0.875,
                0.875,
                0.9032258064516129,
                0.9032258064516129,
                0.9032258064516129,
                0.9032258064516129,
                0.9032258064516129,
                0.9032258064516129
            ],
            "0.5": [
                0.9032258064516129,
                0.9032258064516129,
                0.9032258064516129,
                0.875,
                0.875,
                0.9032258064516129,
                0.875,
                0.9032258064516129,
                0.8484848484848485,
                0.9032258064516129
            ],
            "1": [
                0.9032258064516129,
                0.9032258064516129,
                0.9032258064516129,
                0.875,
                0.875,
                0.875,
                0.90625,
                0.875,
                0.8484848484848485,
                0.8484848484848485
            ]
        },
        "fscores": {
            "0.1": [
                0.9333333333333333,
                0.9333333333333333,
                0.9180327868852459,
                0.9180327868852459,
                0.9333333333333333,
                0.9333333333333333,
                0.9333333333333333,
                0.9333333333333333,
                0.9333333333333333,
                0.9333333333333333
            ],