{
    "no_bagging": {
        "recalls": {
            "0.1": [
                0.5625,
                0.5625,
                0.5625,
                0.5625,
                0.5625,
                0.5625,
                0.5625,
                0.5625,
                0.5625,
                0.5625
            ],
            "0.5": [
                0.5625,
                0.5625,
                0.5625,
                0.5625,
                0.5625,
                0.5625,
                0.5625,
                0.5625,
                0.5625,
                0.5625
            ],
            "1": [
                0.5625,
                0.5625,
                0.5625,
                0.5625,
                0.5625,
                0.5625,
                0.5625,
                0.5625,
                0.5625,
                0.5625
            ]
        },
        "precisions": {
            "0.1": [
                0.6666666666666666,
                0.6666666666666666,
                0.6666666666666666,
                0.6666666666666666,
                0.6666666666666666,
                0.6666666666666666,
                0.6666666666666666,
                0.6666666666666666,
                0.6666666666666666,
                0.6666666666666666
            ],
            "0.5": [
                0.6666666666666666,
                0.6666666666666666,
                0.6666666666666666,
                0.6666666666666666,
                0.6666666666666666,
                0.6666666666666666,
                0.6666666666666666,
                0.6666666666666666,
                0.6666666666666666,
                0.6666666666666666
            ],
            "1": [
                0.6666666666666666,
                0.6666666666666666,
                0.6666666666666666,
                0.6666666666666666,
                0.6666666666666666,
                0.6666666666666666,
                0.6666666666666666,
                0.6666666666666666,
                0.6666666666666666,
                0.6666666666666666
            ]
        },
        "fscores": {
            "0.1": [
                0.6101694915254238,
                0.6101694915254238,
                0.6101694915254238,
                0.6101694915254238,
                0.6101694915254238,
                0.6101694915254238,
                0.6101694915254238,
                0.6101694915254238,
                0.6101694915254238,
                0.6101694915254238
            ],
            "0.5": [
                0.6101694915254238,
                0.6101694915254238,
                0.6101694915254238,
                0.6101694915254238,
                0.6101694915254238,
                0.6101694915254238,
                0.6101694915254238,
                0.6101694915254238,
                0.6101694915254238,
                0.6101694915254238
            ],
            "1": [
                0.6101694915254238,
                0.6101694915254238,
                0.6101694915254238,
                0.6101694915254238,
                0.6101694915254238,
                0.6101694915254238,
                0.6101694915254238,
                0.6101694915254238,
                0.6101694915254238,
                0.6101694915254238
            ]
        },
        "accuracies": {
            "0.1": [
                0.7604166666666666,
                0.7604166666666666,
                0.7604166666666666,
                0.7604166666666666,
                0.7604166666666666,
                0.7604166666666666,
                0.7604166666666666,
                0.7604166666666666,
                0.7604166666666666,
                0.7604166666666666
            ],
            "0.5": [
                0.7604166666666666,
                0.7604166666666666,
                0.7604166666666666,
                0.7604166666666666,
                0.7604166666666666,
                0.7604166666666666,
                0.7604166666666666,
                0.7604166666666666,
                0.7604166666666666,
                0.7604166666666666
            ],
            "1": [
                0.7604166666666666,
                0.7604166666666666,
                0.7604166666666666,
                0.7604166666666666,
                0.7604166666666666,
                0.7604166666666666,
                0.7604166666666666,
                0.7604166666666666,
                0.7604166666666666,
                0.7604166666666666
            ]
        }
    },
    "all_features": {
        "recalls": {
            "0.1": [
                0.5625,
                0.5625,
                0.5625,
                0.5625,
                0.5625,
                0.71875,
                0.71875,
                0.53125,
                0.5625,
                0.5625
            ],
            "0.5": [
                0.75,
                0.78125,
                0.59375,
                0.75,
                0.78125,
                0.71875,
                0.6875,
                0.78125,
                0.71875,
                0.78125
            ],
            "1": [
                0.8125,
                0.8125,
                0.75,
                0.78125,
                0.84375,
                0.78125,
                0.75,
                0.78125,
                0.78125,
                0.8125
            ]
        },
        "precisions": {
            "0.1": [
                0.6666666666666666,
                0.6666666666666666,
                0.6923076923076923,
                0.6666666666666666,
                0.6428571428571429,
                0.6764705882352942,
                0.71875,
                0.6538461538461539,
                0.6923076923076923,
                0.6666666666666666
            ],
            "0.5": [
                0.6486486486486487,
                0.6410256410256411,
                0.6129032258064516,
                0.6486486486486487,
                0.6410256410256411,
                0.6388888888888888,
                0.6285714285714286,
                0.6756756756756757,
                0.6571428571428571,
                0.6097560975609756
            ],
            "1": [
                0.5652173913043478,
                0.5306122448979592,
                0.5454545454545454,
                0.5434782608695652,
                0.5625,
                0.5813953488372093,
                0.5454545454545454,
                0.5434782608695652,
                0.5555555555555556,
                0.5416666666666666
            ]
        },
        "fscores": {
            "0.1": [
                0.6101694915254238,
                0.6101694915254238,
                0.6206896551724138,
                0.6101694915254238,
                0.6,
                0.696969696969697,
                0.71875,
                0.5862068965517241,
                0.6206896551724138,
                0.6101694915254238
            ],
            "0.5": [
                0.6956521739130435,
                0.704225352112676,
                0.6031746031746031,
                0.6956521739130435,
                0.704225352112676,
                0.6764705882352942,
                0.6567164179104478,
                0.7246376811594203,
                0.6865671641791045,
                0.684931506849315
            ],
            "1": [
                0.6666666666666666,
                0.6419753086419753,
                0.631578947368421,
                0.6410256410256411,
                0.675,
                0.6666666666666666,
                0.631578947368421,
                0.6410256410256411,
                0.6493506493506493,
                0.65
            ]
        },