{
    "all": {
        "recalls": [
            0.71875,
            0.75,
            0.75,
            0.71875,
            0.78125,
            0.71875,
            0.75,
            0.75,
            0.75,
            0.75,
            0.75,
            0.71875,
            0.75,
            0.75,
            0.75,
            0.71875,
            0.71875,
            0.71875,
            0.71875,
            0.75,
            0.71875,
            0.75,
            0.71875,
            0.75,
            0.75,
            0.71875,
            0.71875,
            0.75,
            0.75,
            0.71875
        ],
        "precisions": [
            0.6216216216216216,
            0.631578947368421,
            0.6,
            0.6216216216216216,
            0.6578947368421053,
            0.575,
            0.6153846153846154,
            0.631578947368421,
            0.6,
            0.631578947368421,
            0.6486486486486487,
            0.6388888888888888,
            0.631578947368421,
            0.631578947368421,
            0.6486486486486487,
            0.6216216216216216,
            0.6571428571428571,
            0.6216216216216216,
            0.6052631578947368,
            0.6153846153846154,
            0.6388888888888888,
            0.6486486486486487,
            0.6216216216216216,
            0.6153846153846154,
            0.6486486486486487,
            0.6052631578947368,
            0.6216216216216216,
            0.6153846153846154,
            0.631578947368421,
            0.6216216216216216
        ],
        "fscores": [
            0.6666666666666666,
            0.6857142857142857,
            0.6666666666666666,
            0.6666666666666666,
            0.7142857142857143,
            0.6388888888888888,
            0.676056338028169,
            0.6857142857142857,
            0.6666666666666666,
            0.6857142857142857,
            0.6956521739130435,
            0.6764705882352942,
            0.6857142857142857,
            0.6857142857142857,
            0.6956521739130435,
            0.6666666666666666,
            0.6865671641791045,
            0.6666666666666666,
            0.6571428571428571,
            0.676056338028169,
            0.6764705882352942,
            0.6956521739130435,
            0.6666666666666666,
            0.676056338028169,
            0.6956521739130435,
            0.6571428571428571,
            0.6666666666666666,
            0.676056338028169,
            0.6857142857142857,
            0.6666666666666666
        ]
    },
    "no_bagging": {
        "recalls": [
            0.71875,
            0.71875,
            0.71875,
            0.75,
            0.71875,
            0.75,
            0.65625,
            0.71875,
            0.6875,
            0.75,
            0.65625,
            0.6875,
            0.71875,
            0.71875,
            0.6875,
            0.71875,
            0.71875,
            0.71875,
            0.6875,
            0.65625,
            0.71875,
            0.6875,
            0.71875,
            0.71875,
            0.71875,
            0.71875,
            0.71875,
            0.6875,
            0.71875,
            0.71875
        ],
        "precisions": [
            0.6052631578947368,
            0.575,
            0.5897435897435898,
            0.6,
            0.5897435897435898,
            0.6,
            0.5675675675675675,
            0.575,
            0.5641025641025641,
            0.6,
            0.5526315789473685,
            0.5789473684210527,
            0.6052631578947368,
            0.5897435897435898,
            0.5641025641025641,
            0.6052631578947368,
            0.5897435897435898,
            0.5897435897435898,
            0.5789473684210527,
            0.5675675675675675,
            0.6052631578947368,
            0.5789473684210527,
            0.575,
            0.5897435897435898,
            0.5897435897435898,
            0.5897435897435898,
            0.5897435897435898,
            0.55,
            0.5897435897435898,
            0.575
        ],
        "fscores": [
            0.6571428571428571,
            0.6388888888888888,
            0.647887323943662,
            0.6666666666666666,
            0.647887323943662,
            0.6666666666666666,
            0.6086956521739131,
            0.6388888888888888,
            0.6197183098591549,
            0.6666666666666666,
            0.6,
            0.6285714285714286,
            0.6571428571428571,
            0.647887323943662,
            0.6197183098591549,
            0.6571428571428571,
            0.647887323943662,
            0.647887323943662,
            0.6285714285714286,
            0.6086956521739131,
            0.6571428571428571,
            0.6285714285714286,
            0.6388888888888888,
            0.647887323943662,
            0.647887323943662,
            0.647887323943662,
            0.647887323943662,
            0.6111111111111112,
            0.647887323943662,
            0.6388888888888888
        ]
    },
    "no_smote": {
        "recalls": [
            0.65625,
            0.65625,
            0.65625,
            0.65625,
            0.65625,
            0.65625,
            0.65625,
            0.65625,
            0.65625,
            0.65625,
            0.65625,
            0.65625,
            0.65625,
            0.65625,
            0.65625,
            0.65625,
            0.65625,
            0.65625,
            0.65625,
            0.65625,
            0.65625,
            0.65625,
            0.65625,
            0.65625,
            0.65625,
            0.65625,
            0.65625,
            0.65625,
            0.65625,
            0.65625
        ],
        "precisions": [
            0.6176470588235294,
            0.6176470588235294,
            0.6176470588235294,
            0.6176470588235294,
            0.6176470588235294,
            0.6176470588235294,
            0.6176470588235294,
            0.6176470588235294,
            0.6176470588235294,
            0.6176470588235294,
            0.6176470588235294,
            0.6176470588235294,
            0.6176470588235294,
            0.6176470588235294,
            0.6176470588235294,
            0.6176470588235294,
            0.6176470588235294,
            0.6176470588235294,
            0.6176470588235294,
            0.6176470588235294,
            0.6176470588235294,
            0.6176470588235294,
            0.6176470588235294,
            0.6176470588235294,
            0.6176470588235294,
            0.6176470588235294,
            0.6176470588235294,
            0.6176470588235294,
            0.6176470588235294,
            0.6176470588235294
        ],
        "fscores": [
            0.6363636363636364,
            0.6363636363636364,
            0.6363636363636364,
            0.6363636363636364,
            0.6363636363636364,
            0.6363636363636364,
            0.6363636363636364,
            0.6363636363636364,
            0.6363636363636364,
            0.6363636363636364,
            0.6363636363636364,
            0.6363636363636364,
            0.6363636363636364,
            0.6363636363636364,
            0.6363636363636364,
            0.6363636363636364,
            0.6363636363636364,
            0.6363636363636364,
            0.6363636363636364,
            0.6363636363636364,
            0.6363636363636364,
            0.6363636363636364,
            0.6363636363636364,
            0.6363636363636364,
            0.6363636363636364,
            0.6363636363636364,
            0.6363636363636364,
            0.6363636363636364,
            0.6363636363636364,
            0.6363636363636364
        ]
    },