{
    "all": {
        "recalls": [
            0.3333333333333333,
            0.3333333333333333,
            0.25,
            0.3333333333333333,
            0.2833333333333333,
            0.25,
            0.25,
            0.2833333333333333,
            0.31666666666666665,
            0.23333333333333334
        ],
        "precisions": [
            0.8333333333333334,
            0.8695652173913043,
            0.7894736842105263,
            0.8695652173913043,
            0.85,
            0.75,
            0.8823529411764706,
            0.85,
            0.8260869565217391,
            0.7777777777777778
        ],
        "fscores": [
            0.47619047619047616,
            0.4819277108433735,
            0.379746835443038,
            0.4819277108433735,
            0.425,
            0.375,
            0.38961038961038963,
            0.425,
            0.4578313253012048,
            0.358974358974359
        ]
    },
    "no_bagging": {
        "recalls": [
            0.11666666666666667,
            0.15,
            0.21666666666666667,
            0.3,
            0.25,
            0.18333333333333332,
            0.2833333333333333,
            0.23333333333333334,
            0.23333333333333334,
            0.3333333333333333
        ],
        "precisions": [
            0.7777777777777778,
            0.75,
            0.9285714285714286,
            0.75,
            0.8333333333333334,
            0.6875,
            0.8095238095238095,
            0.875,
            0.8235294117647058,
            0.8695652173913043
        ],
        "fscores": [
            0.2028985507246377,
            0.25,
            0.35135135135135137,
            0.42857142857142855,
            0.38461538461538464,
            0.2894736842105263,
            0.41975308641975306,
            0.3684210526315789,
            0.36363636363636365,
            0.4819277108433735
        ]
    },
    "no_smote": {
        "recalls": [
            0.23333333333333334,
            0.2833333333333333,
            0.3,
            0.31666666666666665,
            0.3,
            0.2833333333333333,
            0.31666666666666665,
            0.38333333333333336,
            0.23333333333333334,
            0.26666666666666666
        ],
        "precisions": [
            0.7777777777777778,
            0.85,
            0.9,
            0.7916666666666666,
            0.9,
            0.8095238095238095,
            0.8260869565217391,
            0.8214285714285714,
            0.7777777777777778,
            0.8888888888888888
        ],
        "fscores": [
            0.358974358974359,
            0.425,
            0.45,
            0.4523809523809524,
            0.45,
            0.41975308641975306,
            0.4578313253012048,
            0.5227272727272727,
            0.358974358974359,
            0.41025641025641024
        ]
    },
    "rfc_smote": {
        "recalls": [
            0.6333333333333333,
            0.6333333333333333,
            0.6333333333333333,
            0.6333333333333333,
            0.6333333333333333,
            0.6333333333333333,
            0.6333333333333333,
            0.6333333333333333,
            0.6333333333333333,
            0.6333333333333333
        ],
        "precisions": [
            0.13970588235294118,
            0.13970588235294118,
            0.13970588235294118,
            0.13970588235294118,
            0.13970588235294118,
            0.13970588235294118,
            0.13970588235294118,
            0.13970588235294118,
            0.13970588235294118,
            0.13970588235294118
        ],
        "fscores": [
            0.2289156626506024,
            0.2289156626506024,
            0.2289156626506024,
            0.2289156626506024,
            0.2289156626506024,
            0.2289156626506024,
            0.2289156626506024,
            0.2289156626506024,
            0.2289156626506024,
            0.2289156626506024
        ]
    },
    "rfc": {
        "recalls": [
            0.31666666666666665,
            0.31666666666666665,
            0.31666666666666665,
            0.31666666666666665,
            0.31666666666666665,
            0.31666666666666665,
            0.31666666666666665,
            0.31666666666666665,
            0.31666666666666665,
            0.31666666666666665
        ],
        "precisions": [
            1.0,
            1.0,
            1.0,
            1.0,
            1.0,
            1.0,
            1.0,
            1.0,
            1.0,
            1.0
        ],
        "fscores": [
            0.4810126582278481,
            0.4810126582278481,
            0.4810126582278481,
            0.4810126582278481,
            0.4810126582278481,
            0.4810126582278481,
            0.4810126582278481,
            0.4810126582278481,
            0.4810126582278481,
            0.4810126582278481
        ]
    }
}