{
    "all": {
        "recalls": [
            1.0,
            1.0,
            1.0,
            1.0,
            1.0,
            1.0,
            1.0,
            1.0,
            1.0,
            1.0,
            1.0,
            1.0,
            1.0,
            1.0,
            1.0,
            1.0,
            1.0,
            1.0,
            1.0,
            1.0,
            1.0,
            1.0,
            1.0,
            1.0,
            1.0,
            1.0,
            1.0,
            1.0,
            1.0,
            1.0
        ],
        "precisions": [
            0.8787878787878788,
            0.8787878787878788,
            0.8787878787878788,
            0.90625,
            0.8529411764705882,
            0.8529411764705882,
            0.8787878787878788,
            0.8787878787878788,
            0.8529411764705882,
            0.8787878787878788,
            0.8787878787878788,
            0.8787878787878788,
            0.8787878787878788,
            0.8787878787878788,
            0.8529411764705882,
            0.8787878787878788,
            0.8787878787878788,
            0.90625,
            0.8285714285714286,
            0.8529411764705882,
            0.8787878787878788,
            0.8529411764705882,
            0.8787878787878788,
            0.8529411764705882,
            0.8529411764705882,
            0.8787878787878788,
            0.8529411764705882,
            0.8787878787878788,
            0.8787878787878788,
            0.8787878787878788
        ],
        "fscores": [
            0.9354838709677419,
            0.9354838709677419,
            0.9354838709677419,
            0.9508196721311475,
            0.9206349206349206,
            0.9206349206349206,
            0.9354838709677419,
            0.9354838709677419,
            0.9206349206349206,
            0.9354838709677419,
            0.9354838709677419,
            0.9354838709677419,
            0.9354838709677419,
            0.9354838709677419,
            0.9206349206349206,
            0.9354838709677419,
            0.9354838709677419,
            0.9508196721311475,
            0.90625,
            0.9206349206349206,
            0.9354838709677419,
            0.9206349206349206,
            0.9354838709677419,
            0.9206349206349206,
            0.9206349206349206,
            0.9354838709677419,
            0.9206349206349206,
            0.9354838709677419,
            0.9354838709677419,
            0.9354838709677419
        ]
    },
    "no_bagging": {
        "recalls": [
            0.9655172413793104,
            0.9655172413793104,
            0.9655172413793104,
            0.9310344827586207,
            0.9655172413793104,
            0.9655172413793104,
            0.9655172413793104,
            0.9655172413793104,
            0.9655172413793104,
            0.9655172413793104,
            0.9655172413793104,
            0.9655172413793104,
            0.9655172413793104,
            0.9655172413793104,
            0.9655172413793104,
            0.9655172413793104,
            0.9655172413793104,
            0.9655172413793104,
            0.9655172413793104,
            0.9655172413793104,
            0.9655172413793104,
            0.9655172413793104,
            0.9655172413793104,
            0.9655172413793104,
            0.9655172413793104,
            0.9655172413793104,
            0.9655172413793104,
            0.9655172413793104,
            0.9655172413793104,
            0.9655172413793104
        ],
        "precisions": [
            0.8484848484848485,
            0.875,
            0.9032258064516129,
            0.8709677419354839,
            0.9032258064516129,
            0.9032258064516129,
            0.9032258064516129,
            0.875,
            0.875,
            0.8235294117647058,
            0.8484848484848485,
            0.875,
            0.8484848484848485,
            0.9032258064516129,
            0.8484848484848485,
            0.8484848484848485,
            0.9032258064516129,
            0.875,
            0.875,
            0.875,
            0.875,
            0.875,
            0.875,
            0.9032258064516129,
            0.875,
            0.9032258064516129,
            0.8484848484848485,
            0.9032258064516129,
            0.8484848484848485,
            0.8484848484848485
        ],
        "fscores": [
            0.9032258064516129,
            0.9180327868852459,
            0.9333333333333333,
            0.9,
            0.9333333333333333,
            0.9333333333333333,
            0.9333333333333333,
            0.9180327868852459,
            0.9180327868852459,
            0.8888888888888888,
            0.9032258064516129,
            0.9180327868852459,
            0.9032258064516129,
            0.9333333333333333,
            0.9032258064516129,
            0.9032258064516129,
            0.9333333333333333,
            0.9180327868852459,
            0.9180327868852459,
            0.9180327868852459,
            0.9180327868852459,
            0.9180327868852459,
            0.9180327868852459,
            0.9333333333333333,
            0.9180327868852459,
            0.9333333333333333,
            0.9032258064516129,
            0.9333333333333333,
            0.9032258064516129,
            0.9032258064516129
        ]
    },
    "no_smote": {
        "recalls": [
            0.9655172413793104,
            0.9655172413793104,
            0.9655172413793104,
            0.9655172413793104,
            0.9655172413793104,
            0.9655172413793104,
            0.9655172413793104,
            0.9655172413793104,
            0.9655172413793104,
            0.9655172413793104,
            0.9655172413793104,
            0.9655172413793104,
            0.9655172413793104,
            0.9655172413793104,
            0.9655172413793104,
            0.9655172413793104,
            0.9655172413793104,
            0.9655172413793104,
            0.9655172413793104,
            0.9655172413793104,
            0.9655172413793104,
            0.9655172413793104,
            0.9655172413793104,
            0.9655172413793104,
            0.9655172413793104,
            0.9655172413793104,
            0.9655172413793104,
            0.9655172413793104,
            0.9655172413793104,
            0.9655172413793104
        ],
        "precisions": [
            0.9032258064516129,
            0.9032258064516129,
            0.9032258064516129,
            0.9032258064516129,
            0.9032258064516129,
            0.9032258064516129,
            0.9032258064516129,
            0.9032258064516129,
            0.9032258064516129,
            0.9032258064516129,
            0.9032258064516129,
            0.9032258064516129,
            0.9032258064516129,
            0.9032258064516129,
            0.9032258064516129,
            0.9032258064516129,
            0.9032258064516129,
            0.9032258064516129,
            0.9032258064516129,
            0.9032258064516129,
            0.9032258064516129,
            0.9032258064516129,
            0.9032258064516129,
            0.9032258064516129,
            0.9032258064516129,
            0.9032258064516129,
            0.9032258064516129,
            0.9032258064516129,
            0.9032258064516129,
            0.9032258064516129
        ],