{
    "no_bagging": {
        "recalls": {
            "0.1": [
                0.7368421052631579,
                0.7368421052631579,
                0.7368421052631579,
                0.7368421052631579,
                0.7368421052631579,
                0.7368421052631579,
                0.7368421052631579,
                0.7368421052631579,
                0.7368421052631579,
                0.7368421052631579
            ],
            "0.5": [
                0.7368421052631579,
                0.7368421052631579,
                0.7368421052631579,
                0.7368421052631579,
                0.7368421052631579,
                0.7368421052631579,
                0.7368421052631579,
                0.7368421052631579,
                0.7368421052631579,
                0.7368421052631579
            ],
            "1": [
                0.7368421052631579,
                0.7368421052631579,
                0.7368421052631579,
                0.7368421052631579,
                0.7368421052631579,
                0.7368421052631579,
                0.7368421052631579,
                0.7368421052631579,
                0.7368421052631579,
                0.7368421052631579
            ]
        },
        "precisions": {
            "0.1": [
                0.875,
                0.875,
                0.875,
                0.875,
                0.875,
                0.875,
                0.875,
                0.875,
                0.875,
                0.875
            ],
            "0.5": [
                0.875,
                0.875,
                0.875,
                0.875,
                0.875,
                0.875,
                0.875,
                0.875,
                0.875,
                0.875
            ],
            "1": [
                0.875,
                0.875,
                0.875,
                0.875,
                0.875,
                0.875,
                0.875,
                0.875,
                0.875,
                0.875
            ]
        },
        "fscores": {
            "0.1": [
                0.8,
                0.8,
                0.8,
                0.8,
                0.8,
                0.8,
                0.8,
                0.8,
                0.8,
                0.8
            ],
            "0.5": [
                0.8,
                0.8,
                0.8,
                0.8,
                0.8,
                0.8,
                0.8,
                0.8,
                0.8,
                0.8
            ],
            "1": [
                0.8,
                0.8,
                0.8,
                0.8,
                0.8,
                0.8,
                0.8,
                0.8,
                0.8,
                0.8
            ]
        },
        "accuracies": {
            "0.1": [
                0.8409090909090909,
                0.8409090909090909,
                0.8409090909090909,
                0.8409090909090909,
                0.8409090909090909,
                0.8409090909090909,
                0.8409090909090909,
                0.8409090909090909,
                0.8409090909090909,
                0.8409090909090909
            ],
            "0.5": [
                0.8409090909090909,
                0.8409090909090909,
                0.8409090909090909,
                0.8409090909090909,
                0.8409090909090909,
                0.8409090909090909,
                0.8409090909090909,
                0.8409090909090909,
                0.8409090909090909,
                0.8409090909090909
            ],
            "1": [
                0.8409090909090909,
                0.8409090909090909,
                0.8409090909090909,
                0.8409090909090909,
                0.8409090909090909,
                0.8409090909090909,
                0.8409090909090909,
                0.8409090909090909,
                0.8409090909090909,
                0.8409090909090909
            ]
        }
    },
    "all_features": {
        "recalls": {
            "0.1": [
                0.8421052631578947,
                0.8421052631578947,
                0.8421052631578947,
                0.7894736842105263,
                0.7894736842105263,
                0.7894736842105263,
                0.8421052631578947,
                0.8421052631578947,
                0.7894736842105263,
                0.8421052631578947
            ],
            "0.5": [
                0.8421052631578947,
                0.8421052631578947,
                0.8421052631578947,
                0.8421052631578947,
                0.8421052631578947,
                0.8421052631578947,
                0.8421052631578947,
                0.8421052631578947,
                0.7894736842105263,
                0.8421052631578947
            ],
            "1": [
                0.8947368421052632,
                0.8947368421052632,
                0.8947368421052632,
                0.8947368421052632,
                0.8947368421052632,
                0.8947368421052632,
                0.8947368421052632,
                0.8947368421052632,
                0.8947368421052632,
                0.8947368421052632
            ]
        },
        "precisions": {
            "0.1": [
                1.0,
                1.0,
                0.9411764705882353,
                1.0,
                1.0,
                1.0,
                1.0,
                1.0,
                1.0,
                0.9411764705882353
            ],
            "0.5": [
                0.9411764705882353,
                1.0,
                1.0,
                1.0,
                1.0,
                1.0,
                1.0,
                1.0,
                1.0,
                1.0
            ],
            "1": [
                0.9444444444444444,
                0.8947368421052632,
                0.9444444444444444,
                1.0,
                0.9444444444444444,
                0.9444444444444444,
                0.9444444444444444,
                1.0,
                1.0,
                1.0
            ]
        },
        "fscores": {
            "0.1": [
                0.9142857142857143,
                0.9142857142857143,
                0.8888888888888888,
                0.8823529411764706,
                0.8823529411764706,
                0.8823529411764706,
                0.9142857142857143,
                0.9142857142857143,
                0.8823529411764706,
                0.8888888888888888
            ],
            "0.5": [
                0.8888888888888888,
                0.9142857142857143,
                0.9142857142857143,
                0.9142857142857143,
                0.9142857142857143,
                0.9142857142857143,
                0.9142857142857143,
                0.9142857142857143,
                0.8823529411764706,
                0.9142857142857143
            ],
            "1": [
                0.918918918918919,
                0.8947368421052632,
                0.918918918918919,
                0.9444444444444444,
                0.918918918918919,
                0.918918918918919,
                0.918918918918919,
                0.9444444444444444,
                0.9444444444444444,
                0.9444444444444444
            ]
        },
        "accuracies": {
            "0.1": [
                0.9318181818181818,
                0.9318181818181818,
                0.9090909090909091,
                0.9090909090909091,
                0.9090909090909091,
                0.9090909090909091,
                0.9318181818181818,
                0.9318181818181818,
                0.9090909090909091,
                0.9090909090909091
            ],