{
    "all": {
        "recalls": [
            0.8947368421052632,
            0.8947368421052632,
            0.8947368421052632,
            0.8947368421052632,
            0.8947368421052632,
            0.8947368421052632,
            0.8947368421052632,
            0.8947368421052632,
            0.9473684210526315,
            0.8947368421052632,
            0.8947368421052632,
            0.8947368421052632,
            0.8947368421052632,
            0.8947368421052632,
            0.8947368421052632,
            0.8947368421052632,
            0.8947368421052632,
            0.8947368421052632,
            0.8947368421052632,
            0.8947368421052632,
            0.8947368421052632,
            0.8947368421052632,
            0.9473684210526315,
            0.8947368421052632,
            0.8947368421052632,
            0.8947368421052632,
            0.8947368421052632,
            0.8947368421052632,
            0.8947368421052632,
            0.8947368421052632
        ],
        "precisions": [
            0.9444444444444444,
            1.0,
            0.9444444444444444,
            0.9444444444444444,
            0.9444444444444444,
            1.0,
            0.9444444444444444,
            0.9444444444444444,
            0.9473684210526315,
            0.9444444444444444,
            0.9444444444444444,
            0.9444444444444444,
            1.0,
            0.9444444444444444,
            0.9444444444444444,
            1.0,
            0.9444444444444444,
            0.9444444444444444,
            0.9444444444444444,
            0.9444444444444444,
            0.8947368421052632,
            0.9444444444444444,
            0.9,
            0.9444444444444444,
            1.0,
            0.9444444444444444,
            0.9444444444444444,
            0.9444444444444444,
            0.9444444444444444,
            0.9444444444444444
        ],
        "fscores": [
            0.918918918918919,
            0.9444444444444444,
            0.918918918918919,
            0.918918918918919,
            0.918918918918919,
            0.9444444444444444,
            0.918918918918919,
            0.918918918918919,
            0.9473684210526315,
            0.918918918918919,
            0.918918918918919,
            0.918918918918919,
            0.9444444444444444,
            0.918918918918919,
            0.918918918918919,
            0.9444444444444444,
            0.918918918918919,
            0.918918918918919,
            0.918918918918919,
            0.918918918918919,
            0.8947368421052632,
            0.918918918918919,
            0.9230769230769231,
            0.918918918918919,
            0.9444444444444444,
            0.918918918918919,
            0.918918918918919,
            0.918918918918919,
            0.918918918918919,
            0.918918918918919
        ]
    },
    "no_bagging": {
        "recalls": [
            0.6842105263157895,
            0.6842105263157895,
            0.6842105263157895,
            0.6842105263157895,
            0.6842105263157895,
            0.6842105263157895,
            0.6842105263157895,
            0.6842105263157895,
            0.6842105263157895,
            0.6842105263157895,
            0.6842105263157895,
            0.6842105263157895,
            0.6842105263157895,
            0.6842105263157895,
            0.6842105263157895,
            0.6842105263157895,
            0.6842105263157895,
            0.6842105263157895,
            0.6842105263157895,
            0.6842105263157895,
            0.6842105263157895,
            0.6842105263157895,
            0.6842105263157895,
            0.6842105263157895,
            0.6842105263157895,
            0.6842105263157895,
            0.6842105263157895,
            0.6842105263157895,
            0.6842105263157895,
            0.6842105263157895
        ],
        "precisions": [
            1.0,
            1.0,
            1.0,
            1.0,
            1.0,
            1.0,
            1.0,
            1.0,
            1.0,
            1.0,
            1.0,
            1.0,
            1.0,
            1.0,
            1.0,
            1.0,
            1.0,
            1.0,
            1.0,
            1.0,
            1.0,
            1.0,
            1.0,
            1.0,
            1.0,
            1.0,
            1.0,
            1.0,
            1.0,
            1.0
        ],
        "fscores": [
            0.8125,
            0.8125,
            0.8125,
            0.8125,
            0.8125,
            0.8125,
            0.8125,
            0.8125,
            0.8125,
            0.8125,
            0.8125,
            0.8125,
            0.8125,
            0.8125,
            0.8125,
            0.8125,
            0.8125,
            0.8125,
            0.8125,
            0.8125,
            0.8125,
            0.8125,
            0.8125,
            0.8125,
            0.8125,
            0.8125,
            0.8125,
            0.8125,
            0.8125,
            0.8125
        ]
    },
    "no_smote": {
        "recalls": [
            0.7368421052631579,
            0.7368421052631579,
            0.7368421052631579,
            0.7368421052631579,
            0.7368421052631579,
            0.7368421052631579,
            0.7368421052631579,
            0.7368421052631579,
            0.7368421052631579,
            0.7368421052631579,
            0.7368421052631579,
            0.7368421052631579,
            0.7368421052631579,
            0.7368421052631579,
            0.7368421052631579,
            0.7368421052631579,
            0.7368421052631579,
            0.7368421052631579,
            0.7368421052631579,
            0.7368421052631579,
            0.7368421052631579,
            0.7368421052631579,
            0.7368421052631579,
            0.7368421052631579,
            0.7368421052631579,
            0.7368421052631579,
            0.7368421052631579,
            0.7368421052631579,
            0.7368421052631579,
            0.7368421052631579
        ],
        "precisions": [
            0.875,
            0.875,
            0.875,
            0.875,
            0.875,
            0.875,
            0.875,
            0.875,
            0.875,
            0.875,
            0.875,
            0.875,
            0.875,
            0.875,
            0.875,
            0.875,
            0.875,
            0.875,
            0.875,
            0.875,
            0.875,
            0.875,
            0.875,
            0.875,
            0.875,
            0.875,
            0.875,
            0.875,
            0.875,
            0.875
        ],
        "fscores": [
            0.8,
            0.8,
            0.8,
            0.8,
            0.8,
            0.8,
            0.8,
            0.8,
            0.8,
            0.8,
            0.8,
            0.8,
            0.8,
            0.8,
            0.8,
            0.8,
            0.8,
            0.8,
            0.8,
            0.8,
            0.8,
            0.8,
            0.8,
            0.8,
            0.8,
            0.8,
            0.8,
            0.8,
            0.8,
            0.8
        ]
    },