{
    "no_bagging": {
        "recalls": {
            "0.1": [
                0.3,
                0.3,
                0.3,
                0.3,
                0.3,
                0.3,
                0.3,
                0.3,
                0.3,
                0.3
            ],
            "0.5": [
                0.3,
                0.3,
                0.3,
                0.3,
                0.3,
                0.3,
                0.3,
                0.3,
                0.3,
                0.3
            ],
            "1": [
                0.3,
                0.3,
                0.3,
                0.3,
                0.3,
                0.3,
                0.3,
                0.3,
                0.3,
                0.3
            ]
        },
        "precisions": {
            "0.1": [
                0.3673469387755102,
                0.3673469387755102,
                0.3673469387755102,
                0.3673469387755102,
                0.3673469387755102,
                0.3673469387755102,
                0.3673469387755102,
                0.3673469387755102,
                0.3673469387755102,
                0.3673469387755102
            ],
            "0.5": [
                0.3673469387755102,
                0.3673469387755102,
                0.3673469387755102,
                0.3673469387755102,
                0.3673469387755102,
                0.3673469387755102,
                0.3673469387755102,
                0.3673469387755102,
                0.3673469387755102,
                0.3673469387755102
            ],
            "1": [
                0.3673469387755102,
                0.3673469387755102,
                0.3673469387755102,
                0.3673469387755102,
                0.3673469387755102,
                0.3673469387755102,
                0.3673469387755102,
                0.3673469387755102,
                0.3673469387755102,
                0.3673469387755102
            ]
        },
        "fscores": {
            "0.1": [
                0.3302752293577982,
                0.3302752293577982,
                0.3302752293577982,
                0.3302752293577982,
                0.3302752293577982,
                0.3302752293577982,
                0.3302752293577982,
                0.3302752293577982,
                0.3302752293577982,
                0.3302752293577982
            ],
            "0.5": [
                0.3302752293577982,
                0.3302752293577982,
                0.3302752293577982,
                0.3302752293577982,
                0.3302752293577982,
                0.3302752293577982,
                0.3302752293577982,
                0.3302752293577982,
                0.3302752293577982,
                0.3302752293577982
            ],
            "1": [
                0.3302752293577982,
                0.3302752293577982,
                0.3302752293577982,
                0.3302752293577982,
                0.3302752293577982,
                0.3302752293577982,
                0.3302752293577982,
                0.3302752293577982,
                0.3302752293577982,
                0.3302752293577982
            ]
        },
        "accuracies": {
            "0.1": [
                0.9707532051282052,
                0.9707532051282052,
                0.9707532051282052,
                0.9707532051282052,
                0.9707532051282052,
                0.9707532051282052,
                0.9707532051282052,
                0.9707532051282052,
                0.9707532051282052,
                0.9707532051282052
            ],
            "0.5": [
                0.9707532051282052,
                0.9707532051282052,
                0.9707532051282052,
                0.9707532051282052,
                0.9707532051282052,
                0.9707532051282052,
                0.9707532051282052,
                0.9707532051282052,
                0.9707532051282052,
                0.9707532051282052
            ],
            "1": [
                0.9707532051282052,
                0.9707532051282052,
                0.9707532051282052,
                0.9707532051282052,
                0.9707532051282052,
                0.9707532051282052,
                0.9707532051282052,
                0.9707532051282052,
                0.9707532051282052,
                0.9707532051282052
            ]
        }
    },
    "all_features": {
        "recalls": {
            "0.1": [
                0.36666666666666664,
                0.36666666666666664,
                0.26666666666666666,
                0.3333333333333333,
                0.38333333333333336,
                0.38333333333333336,
                0.35,
                0.35,
                0.4,
                0.35
            ],
            "0.5": [
                0.43333333333333335,
                0.45,
                0.43333333333333335,
                0.43333333333333335,
                0.48333333333333334,
                0.43333333333333335,
                0.43333333333333335,
                0.4666666666666667,
                0.4666666666666667,
                0.48333333333333334
            ],
            "1": [
                0.55,
                0.5166666666666667,
                0.5666666666666667,
                0.5166666666666667,
                0.5833333333333334,
                0.55,
                0.55,
                0.5833333333333334,
                0.5166666666666667,
                0.48333333333333334
            ]
        },
        "precisions": {
            "0.1": [
                0.6875,
                0.6666666666666666,
                0.5517241379310345,
                0.6060606060606061,
                0.71875,
                0.696969696969697,
                0.7,
                0.6,
                0.6857142857142857,
                0.6176470588235294
            ],
            "0.5": [
                0.29213483146067415,
                0.28421052631578947,
                0.27956989247311825,
                0.2765957446808511,
                0.29292929292929293,
                0.25742574257425743,
                0.28888888888888886,
                0.3111111111111111,
                0.29473684210526313,
                0.29591836734693877
            ],
            "1": [
                0.171875,
                0.15979381443298968,
                0.17894736842105263,
                0.17318435754189945,
                0.1715686274509804,
                0.15865384615384615,
                0.17010309278350516,
                0.17857142857142858,
                0.15979381443298968,
                0.15591397849462366
            ]
        },
        "fscores": {
            "0.1": [
                0.4782608695652174,
                0.4731182795698925,
                0.3595505617977528,
                0.43010752688172044,
                0.5,
                0.4946236559139785,
                0.4666666666666667,
                0.4421052631578947,
                0.5052631578947369,
                0.44680851063829785
            ],
            "0.5": [
                0.348993288590604,
                0.34838709677419355,
                0.33986928104575165,
                0.33766233766233766,
                0.36477987421383645,
                0.32298136645962733,
                0.3466666666666667,
                0.37333333333333335,
                0.36129032258064514,
                0.3670886075949367
            ],
            "1": [
                0.2619047619047619,
                0.2440944881889764,
                0.272,
                0.2594142259414226,
                0.26515151515151514,
                0.2462686567164179,
                0.25984251968503935,
                0.2734375,
                0.2440944881889764,
                0.23577235772357724
            ]
        },